2017-03-22,0.0,0,0
2014-03-18,4.4,8.0,18.549999999999997
2012-09-20,0.2,7.0,16.8
2014-03-01,0.0,0.0,25.0
2015-06-01,0.0,6.0,15.4
2011-08-07,0.2,5.0,16.55
2016-02-09,0.0,0,0
2010-10-15,0.0,7.0,14.75
2012-11-11,10.4,5.0,15.3
2012-07-28,0.0,7.0,13.0
2011-03-05,0.0,7.0,21.700000000000003
2009-04-04,0.0,1.0,17.65
2015-07-19,0.4,7.0,14.5
2011-02-11,0.6,7.0,18.85
2015-01-16,0.0,0.0,20.4
2009-10-30,0.0,5.0,17.3
2012-07-18,0.0,8.0,12.7
2012-01-14,0.0,7.0,23.75
2014-08-26,4.6,3.0,15.15
2014-12-10,0.0,8.0,15.0
2009-09-12,8.8,6.0,10.0
2017-05-03,0.0,0,0
2008-12-03,0.2,7.0,20.5
2009-03-17,0.0,5.0,23.35
2010-10-30,0.0,1.0,15.25
2009-04-03,0.2,2.0,17.0
2012-08-24,3.0,8.0,14.55
2011-01-17,0.0,2.0,21.8
2010-06-08,2.6,7.0,12.75
2017-01-14,0.0,0,0
2012-09-13,0.0,1.0,15.4
2011-05-12,0.0,8.0,15.299999999999999
2013-08-11,19.8,3.0,12.6
2014-05-25,13.2,5.0,13.6
2010-02-22,0.0,6.0,20.950000000000003
2010-10-06,0.6,0.0,15.3
2016-04-20,0.4,0,0
2012-07-31,0.0,8.0,15.05
2014-01-15,0.0,1.0,22.8
2011-12-19,4.4,2.0,19.200000000000003
2015-09-08,0.0,0,0
2014-01-28,0.0,6.0,18.450000000000003
2012-09-25,0.0,5.0,16.4
2011-07-23,3.0,6.0,13.55
2011-12-27,0.0,7.0,21.5
2013-03-02,0.0,6.0,20.7
2013-04-25,0.0,6.0,19.8
2011-05-29,0.0,6.0,13.0
2016-04-06,0.0,0,0
2011-12-04,0.0,7.0,22.95
2015-01-25,0.0,1.0,19.0
2015-06-22,17.8,7.0,11.85
2011-02-27,0.0,6.0,22.3
2014-01-24,1.4,7.0,21.95
2010-08-22,27.0,4.0,11.3
2015-08-24,2.0,0,0
2013-10-08,0.0,6.0,16.5
2009-10-26,0.0,8.0,22.25
2017-06-21,0,0,0
2015-07-05,2.2,6.0,14.25
2009-08-13,0.0,3.0,17.5
2017-01-25,0.0,0,0
2010-09-18,0.0,7.0,14.3
2016-05-20,0.0,0,0
2008-12-05,0.0,5.0,16.5
2017-02-13,0.0,0,0
2014-02-15,0.0,0.0,21.75
2017-05-31,0.0,0,0
2014-01-31,0.0,7.0,20.3
2010-11-18,0.0,1.0,19.5
2014-04-29,4.2,6.0,15.65
2008-12-25,0.0,1.0,19.25
2014-03-06,0.0,0.0,20.85
2010-03-08,0.8,8.0,19.25
2009-12-08,0.0,8.0,16.299999999999997
2017-01-28,0.0,0,0
2016-02-04,0.0,0,0
2008-12-19,0.0,3.0,20.65
2013-01-06,0.0,8.0,28.75
2017-02-15,0.0,0,0
2012-08-04,2.4,5.0,13.649999999999999
2013-09-28,0.0,6.0,19.1
2016-02-15,0.0,0,0
2011-11-22,0.2,1.0,18.65
2016-01-29,0.0,0,0
2012-03-02,0.0,1.0,19.950000000000003
2015-11-17,0.0,0,0
2008-12-12,0.2,1.0,18.65
2012-01-12,0.0,3.0,21.6
2012-10-26,0.0,0.0,16.4
2009-04-24,2.8,3.0,17.8
2010-03-27,1.2,8.0,19.4
2010-07-30,5.2,7.0,13.25
2014-12-21,5.2,5.0,17.1
2014-07-12,0.4,7.0,12.3
2010-07-22,0.0,0.0,13.0
2010-11-13,0.0,6.0,15.65
2017-04-29,0.0,0,0
2012-10-18,0.0,4.0,19.45
2013-11-24,0.0,7.0,19.6
2011-01-24,21.0,8.0,14.85
2013-11-25,2.0,2.0,17.85
2014-03-07,0.0,4.0,23.5
2016-03-20,0.0,0,0
2012-06-10,0.0,8.0,15.3
2011-02-13,0.0,2.0,20.549999999999997
2012-10-07,0.0,3.0,16.95
2010-05-19,0.0,3.0,14.7
2013-06-02,0.0,8.0,15.65
2011-11-15,0.8,5.0,16.95
2013-07-27,3.4,7.0,12.8
2013-12-05,0.0,1.0,17.4
2012-08-10,0.0,4.0,13.6
2014-04-09,0.0,4.0,22.55
2014-12-01,0.3,8.0,18.0
2014-01-14,0.0,3.0,21.1
2012-10-23,10.6,6.0,15.6
2010-08-31,2.6,5.0,13.0
2016-02-01,3.0,0,0
2011-02-07,0.8,7.0,19.8
2015-02-20,0.0,2.0,20.4
2010-11-05,9.6,6.0,14.75
2014-06-25,0.0,6.0,15.75
2017-05-22,9.0,0,0
2009-11-19,3.4,4.0,17.2
2016-06-10,8.0,0,0
2009-12-20,0.0,8.0,18.75
2016-12-29,4.2,0,0
2009-10-31,0.0,8.0,15.0
2016-08-30,3.0,0,0
2016-07-08,1.0,0,0
2011-10-18,3.8,7.0,16.1
2015-11-13,0.0,0,0
2017-05-28,0.6,0,0
2017-03-03,0.0,0,0
2016-07-16,2.4,0,0
2015-10-17,0.1,0,0
2015-05-25,0.0,7.0,15.6
2014-06-05,0.0,5.0,14.5
2017-01-23,0.8,0,0
2016-12-05,0.0,0,0
2014-04-30,0.0,5.0,17.95
2013-01-15,1.0,2.0,24.05
2016-05-09,3.2,0,0
2016-06-26,2.8,0,0
2016-03-17,0.0,0,0
2009-01-24,0.0,0.0,20.4
2010-05-16,0.0,6.0,16.85
2014-10-21,0.8,2.0,16.4
2016-10-24,1.0,0,0
2015-06-15,0.8,2.0,16.95
2011-03-22,0.4,5.0,20.3
2012-01-11,0.0,1.0,22.1
2010-12-25,0.0,8.0,18.8
2009-04-12,0.2,7.0,19.5
2014-10-03,0.4,5.0,18.2
2011-09-26,3.2,6.0,12.65
2015-01-29,2.8,6.0,23.7
2012-05-21,1.4,7.0,15.8
2016-10-06,1.6,0,0
2009-07-19,34.0,2.0,12.15
2014-01-09,0.0,3.0,21.8
2010-10-17,0.0,1.0,16.9
2012-09-16,0.0,3.0,16.9
2014-10-19,1.8,8.0,14.0
2013-04-19,0.2,1.0,21.05
2012-06-13,24.2,6.0,11.7
2015-06-26,2.6,7.0,14.15
2009-09-09,0.2,5.0,16.35
2009-11-16,0.0,6.0,19.799999999999997
2012-10-04,2.8,7.0,14.3
2009-05-08,0.0,5.0,17.75
2010-06-15,0.4,8.0,13.0
2016-01-22,0.8,0,0
2011-02-28,0.8,6.0,21.4
2016-10-26,0.0,0,0
2011-10-29,0.0,2.0,16.25
2009-05-01,0.0,6.0,16.5
2012-08-16,0.0,7.0,13.6
2011-05-15,0.0,7.0,15.85
2011-07-09,0.2,6.0,11.75
2015-08-29,0.8,0,0
2012-09-29,0.0,5.0,15.100000000000001
2016-06-29,8.8,0,0
2014-05-28,3.4,6.0,14.350000000000001
2014-07-18,0.0,2.0,13.35
2009-10-02,0.0,7.0,17.65
2009-07-26,0.2,7.0,11.95
2011-10-02,0.2,8.0,16.0
2014-07-15,8.0,5.0,13.7
2015-03-03,0.0,1.0,19.6
2010-02-23,0.0,1.0,22.15
2011-08-13,0.0,7.0,18.15
2011-03-30,0.0,2.0,21.1
2011-07-06,2.4,6.0,12.85
2010-03-17,0.0,1.0,19.1
2013-11-17,0.0,6.0,20.5
2009-04-07,0.0,2.0,19.75
2012-04-08,0.0,3.0,19.9
2014-01-22,0.0,1.0,23.3
2010-06-29,1.6,7.0,13.600000000000001
2010-12-17,0.2,6.0,17.4
2016-12-13,0.4,0,0
2016-04-09,0.0,0,0
2016-06-01,0.0,0,0
2013-06-04,0.0,6.0,15.45
2014-06-15,0.0,8.0,15.549999999999999
2016-05-31,0.0,0,0
2016-10-14,0.0,0,0
2016-04-03,0.0,0,0
2013-01-23,0.0,7.0,21.25
2011-07-15,0.0,6.0,15.149999999999999
2012-01-28,0.0,8.0,26.45
2010-07-10,11.4,2.0,9.6
2013-11-30,3.6,3.0,19.1
2014-02-01,0.9,7.0,19.1
2016-07-22,9.2,0,0
2010-12-23,0.2,8.0,22.05
2013-12-17,0.0,8.0,20.65
2011-10-28,1.0,8.0,14.85
2015-10-15,4.2,0,0
2015-08-14,0.0,0,0
2011-03-24,0.0,1.0,21.35
2015-09-14,3.2,0,0
2011-07-16,9.8,4.0,13.65
2017-01-05,0.0,0,0
2012-04-26,0.0,4.0,19.65
2016-01-17,0.2,0,0
2011-02-22,0.0,0.0,22.799999999999997
2009-09-02,9.4,6.0,10.1
2014-05-08,4.8,6.0,15.1
2015-03-09,0.6,7.0,19.25
2017-06-08,0.8,0,0
2010-03-22,0.2,8.0,20.0
2013-06-23,0.0,8.0,16.95
2011-10-10,0.0,0.0,15.6
2014-12-04,0.0,7.0,16.700000000000003
2011-09-02,3.2,8.0,12.65
2009-07-03,0.0,4.0,14.65
2012-07-17,13.4,6.0,11.55
2011-05-03,2.4,3.0,16.65
2016-10-09,13.0,0,0
2012-10-13,0.0,8.0,18.05
2010-05-20,0.0,4.0,15.350000000000001
2016-03-19,0.0,0,0
2015-04-16,0.0,1.0,17.0
2016-12-19,0.2,0,0
2014-02-05,0.0,8.0,21.2
2010-04-06,0.0,3.0,18.75
2009-02-19,0.0,1.0,19.35
2011-05-20,6.0,8.0,14.3
2013-05-04,2.0,6.0,17.75
2017-06-07,0,0,0
2010-07-27,0.0,6.0,14.6
2016-01-10,0.0,0,0
2011-02-18,3.4,6.0,21.0
2014-02-09,0.0,3.0,20.25
2016-01-11,0.0,0,0
2010-12-10,0.0,7.0,16.2
2017-06-23,6.2,0,0
2014-01-08,0.0,5.0,22.35
2012-06-12,10.0,4.0,13.7
2016-01-20,6.6,0,0
2010-05-03,3.2,8.0,16.1
2009-02-04,0.4,5.0,20.0
2015-11-15,5.0,0,0
2010-07-20,0.0,3.0,11.3
2014-10-17,1.9,8.0,16.85
2011-02-06,0.0,8.0,18.4
2013-03-09,0.0,5.0,20.65
2015-11-29,0.0,0,0
2016-04-22,0.0,0,0
2010-12-02,0.0,3.0,17.85
2016-07-27,0.0,0,0
2015-02-25,0.0,6.0,21.45
2011-07-04,6.8,7.0,12.65
2017-05-26,2.2,0,0
2016-07-18,2.6,0,0
2016-05-04,0.0,0,0
2016-09-09,0.0,0,0
2011-09-25,0.0,4.0,16.25
2016-12-26,0,0,0
2017-04-03,0.0,0,0
2010-03-30,0.0,4.0,23.4
2010-09-17,0.0,5.0,14.9
2011-12-18,0.0,1.0,21.45
2016-11-14,0.0,0,0
2015-12-08,0.0,0,0
2010-04-25,0.0,1.0,16.05
2015-06-11,0.0,7.0,17.45
2017-06-22,20.2,0,0
2013-03-12,2.0,8.0,17.05
2012-08-01,3.0,7.0,12.35
2014-09-07,7.6,7.0,15.7
2014-12-15,0.0,8.0,17.450000000000003
2012-02-28,0.0,8.0,20.35
2010-09-30,0.0,6.0,17.7
2014-06-07,0.0,8.0,15.350000000000001
2009-03-18,1.8,6.0,17.85
2009-06-11,1.2,6.0,14.05
2011-08-04,12.0,6.0,13.1
2010-03-02,0.0,4.0,22.8
2012-03-19,0.0,6.0,21.0
2015-01-02,0.0,6.0,19.7
2015-08-16,0.0,0,0
2011-11-28,0.0,1.0,18.65
2011-09-30,0.2,1.0,15.3
2013-12-01,7.4,2.0,17.6
2010-04-14,8.4,6.0,21.25
2010-06-26,0.0,1.0,13.3
2015-05-22,0.1,1.0,13.4
2014-10-15,0.0,6.0,18.25
2016-08-26,0.0,0,0
2011-12-14,6.6,8.0,17.5
2017-03-12,0.0,0,0
2010-05-31,9.2,7.0,14.75
2012-03-03,0.0,3.0,21.85
2017-05-05,1.0,0,0
2014-03-22,0.0,7.0,20.0
2015-02-01,0.0,2.0,22.4
2009-11-23,0.0,0.0,19.75
2015-07-23,10.0,6.0,12.4
2012-09-14,0.0,1.0,14.35
2010-10-18,0.0,0.0,0
2012-01-15,0.0,6.0,25.95
2013-05-02,7.2,6.0,19.7
2011-12-05,2.6,4.0,20.9
2014-01-11,0.0,0.0,22.5
2009-03-16,0.0,0.0,23.1
2015-12-31,0.0,0,0
2010-03-28,0.0,1.0,18.75
2009-04-14,0.0,6.0,17.75
2016-05-12,0.0,0,0
2014-08-09,4.6,6.0,12.95
2013-10-03,0.0,1.0,17.85
2014-05-06,1.6,6.0,16.45
2009-10-10,0.0,8.0,14.5
2013-06-17,2.8,6.0,13.4
2013-10-30,0.0,5.0,20.65
2012-02-22,0.0,7.0,22.4
2017-04-21,0.0,0,0
2015-03-31,0.0,8.0,18.85
2015-03-30,0.0,6.0,19.549999999999997
2009-12-15,0.0,7.0,18.0
2009-04-13,0.0,2.0,20.6
2016-08-29,6.2,0,0
2010-01-14,0.0,6.0,21.25
2016-02-23,6.8,0,0
2013-10-28,0.2,2.0,17.0
2009-06-21,12.0,7.0,11.8
2010-06-07,0.0,7.0,14.1
2010-01-09,0.0,0.0,24.5
2011-01-13,0.0,4.0,26.65
2009-12-24,0.0,0.0,18.5
2010-12-22,0.0,8.0,20.0
2016-05-06,0.0,0,0
2009-07-29,0.0,7.0,14.3
2012-02-24,0.4,3.0,20.200000000000003
2010-04-21,0.0,8.0,17.2
2011-05-16,0.2,4.0,18.3
2015-03-04,0.0,0.0,19.5
2016-01-27,0.0,0,0
2014-12-12,0.0,6.0,20.35
2012-04-06,0.8,0,0
2015-05-11,0.2,7.0,16.0
2009-12-05,0.0,6.0,19.25
2010-07-29,6.0,8.0,11.4
2012-09-05,9.2,8.0,12.25
2013-11-04,0.4,5.0,22.5
2014-10-01,0.0,0.0,18.2
2012-08-30,0.0,4.0,16.65
2016-01-16,0.0,0,0
2010-01-18,0.0,1.0,29.45
2016-11-28,0.0,0,0
2010-08-29,0.0,8.0,15.4
2010-03-11,0.0,1.0,22.7
2009-08-01,0.0,3.0,13.8
2011-10-15,0.0,1.0,16.75
2015-04-09,0.0,0,0
2011-02-16,0.0,6.0,20.75
2011-01-09,0.0,1.0,21.85
2016-11-06,0.0,0,0
2017-04-23,1.2,0,0
2012-03-21,0.2,3.0,18.700000000000003
2015-09-28,0.0,0,0
2013-10-15,0.0,2.0,19.200000000000003
2016-11-16,0.0,0,0
2012-03-08,0.0,4.0,20.75
2014-08-19,2.6,1.0,15.75
2015-03-11,0.2,1.0,20.5
2014-07-21,0.0,6.0,15.0
2011-01-08,0.0,1.0,20.1
2009-10-07,0.4,5.0,15.75
2009-08-10,0.2,8.0,14.3
2014-06-06,0.0,1.0,18.0
2016-05-17,0.0,0,0
2013-09-10,0.8,6.0,18.65
2011-07-01,20.2,5.0,10.85
2014-07-02,0.8,8.0,14.450000000000001
2010-11-28,0.0,0.0,19.9
2015-10-04,0.0,0,0
2016-01-15,0.0,0,0
2013-05-28,4.0,7.0,16.05
2009-01-31,1.0,6.0,22.25
2010-11-24,0.0,1.0,19.1
2012-11-16,0.0,1.0,18.75
2013-10-13,0.0,1.0,14.600000000000001
2014-04-14,0.0,1.0,21.7
2014-12-22,0.0,3.0,18.0
2013-04-20,2.0,5.0,17.2
2012-09-11,0.4,5.0,15.55
2009-03-10,0.0,4.0,22.6
2011-02-03,0.0,8.0,20.5
2012-01-10,0.0,1.0,19.700000000000003
2009-10-01,2.8,6.0,14.05
2015-10-12,0.0,0,0
2012-05-06,14.0,7.0,15.899999999999999
2010-01-13,0.0,1.0,21.35
2011-09-03,9.4,6.0,14.1
2012-11-13,0.0,7.0,19.1
2013-11-02,0.0,6.0,16.9
2013-12-20,36.4,3.0,17.25
2010-07-21,0.0,7.0,12.5
2010-03-23,7.4,8.0,24.5
2016-07-21,11.8,0,0
2009-12-06,0.0,8.0,17.6
2009-01-29,5.6,6.0,19.65
2011-05-30,1.6,3.0,18.3
2016-12-23,0.0,0,0
2013-11-03,0.0,7.0,18.0
2012-03-18,0.0,0.0,23.65
2016-04-16,0.3,0,0
2015-11-05,0.0,0,0
2009-09-03,3.4,7.0,11.4
2009-03-04,0.0,4.0,17.75
2013-11-06,11.0,8.0,15.05
2009-03-24,0.6,7.0,18.700000000000003
2009-11-29,0.0,1.0,18.35
2016-02-05,0.0,0,0
2011-09-13,5.2,6.0,13.7
2012-11-14,0.0,5.0,18.799999999999997
2015-06-17,0.0,8.0,13.75
2016-07-20,0.0,0,0
2014-09-05,0.0,2.0,18.5
2012-05-03,0.8,7.0,19.1
2016-08-24,0.0,0,0
2015-11-04,0.0,0,0
2013-05-15,0.0,5.0,14.75
2013-05-11,10.0,4.0,16.2
2010-04-12,0.0,7.0,16.55
2015-04-22,0.0,6.0,17.15
2016-08-09,15.0,0,0
2014-06-28,0.0,6.0,14.0
2016-11-11,16.4,0,0
2012-07-01,0.0,4.0,15.3
2011-02-01,2.6,4.0,19.3
2014-08-27,0.0,6.0,16.799999999999997
2012-10-21,0.0,3.0,21.65
2014-09-01,1.2,4.0,13.8
2015-11-16,0.0,0,0
2015-03-12,0.0,1.0,22.35
2012-01-25,0.0,1.0,24.0
2015-10-10,0.0,0,0
2010-01-30,0.0,6.0,20.0
2012-10-02,0.0,6.0,25.9
2017-04-25,4.4,0,0
2013-06-22,0.0,4.0,14.7
2009-11-28,0.0,1.0,16.45
2014-01-06,0.0,6.0,22.75
2014-09-10,1.0,5.0,15.649999999999999
2010-05-12,0.0,5.0,17.35
2009-04-21,0.0,6.0,21.1
2010-07-07,0.0,5.0,13.8
2011-11-09,7.4,5.0,16.5
2012-09-21,0.0,5.0,18.1
2008-12-24,0.0,4.0,18.25
2011-06-03,20.2,6.0,13.2
2013-06-08,0.0,8.0,17.75
2016-05-22,22.6,0,0
2013-03-03,1.2,5.0,21.6
2009-05-21,8.4,6.0,17.7
2017-05-25,4.8,0,0
2014-12-23,0.0,7.0,17.6
2015-11-11,0.0,0,0
2014-07-07,14.2,7.0,11.75
2016-11-02,0.0,0,0
2011-07-27,0.0,5.0,17.15
2015-11-22,0.0,0,0
2013-11-05,0.8,5.0,16.85
2013-06-15,0.0,2.0,12.75
2015-06-03,4.2,8.0,18.25
2015-05-10,0.2,7.0,17.25
2010-04-01,0.4,8.0,17.8
2016-06-08,5.8,0,0
2013-08-13,13.6,8.0,12.8
2013-07-24,7.2,7.0,13.35
2011-01-07,0.0,3.0,20.15
2010-02-12,0.4,3.0,20.9
2015-10-26,0.4,0,0
2016-03-25,0,0,0
2013-01-14,0.0,4.0,25.1
2017-02-19,0.0,0,0
2009-01-04,0.0,0.0,21.75
2013-11-01,8.4,8.0,15.55
2017-05-06,0.2,0,0
2010-01-28,0.0,2.0,20.35
2014-03-26,0.0,8.0,21.4
2009-03-02,16.4,5.0,17.5
2011-12-06,0.0,8.0,19.8
2013-11-27,0.0,6.0,19.1
2012-05-12,0.0,4.0,17.2
2009-02-21,0.0,4.0,21.95
2012-07-19,0.0,5.0,14.65
2012-08-31,0.0,7.0,18.05
2014-10-09,0.8,4.0,15.8
2015-04-19,0.0,0.0,19.0
2009-05-05,0.0,0.0,16.95
2016-06-07,8.0,0,0
2015-05-03,0.0,8.0,15.45
2015-03-25,4.8,8.0,16.85
2011-08-19,0.0,1.0,16.4
2009-12-22,0.0,1.0,18.95
2013-01-12,0.0,8.0,19.1
2014-04-19,0.8,4.0,18.8
2015-12-27,0.0,0,0
2014-11-18,0.0,7.0,19.95
2014-01-16,1.2,7.0,19.55
2011-03-21,1.2,4.0,19.5
2011-12-08,14.4,8.0,16.8
2015-04-13,4.0,7.0,17.549999999999997
2017-02-10,14.0,0,0
2014-12-28,0.0,4.0,20.25
2015-11-02,0.0,0,0
2009-02-10,0.0,4.0,21.5
2014-01-26,0.0,8.0,20.85
2010-09-06,0.0,6.0,15.0
2011-06-10,0.0,7.0,15.95
2010-04-22,9.6,5.0,16.55
2011-01-05,0.0,8.0,26.5
2010-05-27,5.2,6.0,15.1
2016-10-11,0.0,0,0
2017-04-04,0.0,0,0
2012-04-17,0.0,2.0,22.0
2014-01-19,0.0,6.0,21.55
2014-04-06,0.0,4.0,19.75
2013-10-24,0.0,6.0,17.4
2016-10-21,0.6,0,0
2013-11-14,0.0,5.0,18.7
2011-08-25,3.8,7.0,13.4
2012-02-18,0.0,6.0,21.75
2013-01-11,0.0,2.0,19.75
2010-09-02,1.4,6.0,13.4
2011-08-06,0.0,1.0,12.45
2015-05-21,1.9,4.0,12.0
2013-06-06,1.8,8.0,15.2
2010-10-19,0.0,0.0,24.7
2016-12-22,0.0,0,0
2014-09-22,9.6,4.0,13.5
2011-08-29,0.4,6.0,15.75
2010-07-25,0.0,1.0,15.2
2009-02-05,0.0,4.0,20.0
2012-05-17,1.4,7.0,15.3
2011-09-24,0.0,6.0,16.0
2008-12-11,0.2,3.0,18.7
2012-06-20,39.8,8.0,8.3
2012-11-19,0.0,4.0,18.9
2011-12-17,0.2,4.0,20.15
2017-03-23,3.2,0,0
2016-10-17,2.0,0,0
2015-02-09,0.0,3.0,21.2
2009-08-17,0.8,7.0,16.15
2016-11-30,0.0,0,0
2013-01-05,0.0,0.0,23.0
2010-12-05,1.2,5.0,18.0
2016-11-15,0.0,0,0
2010-10-07,0.0,0.0,16.5
2010-10-21,13.2,3.0,15.0
2017-03-31,0.0,0,0
2015-08-26,0.0,0,0
2009-02-12,0.0,7.0,27.1
2016-04-12,26.0,0,0
2014-09-26,0.0,4.0,20.7
2011-06-19,1.8,5.0,16.9
2010-09-26,0.0,6.0,16.45
2012-01-03,0.0,7.0,18.799999999999997
2014-12-27,0.0,1.0,20.0
2011-12-23,0.2,2.0,20.4
2009-11-01,0.0,5.0,14.600000000000001
2015-07-16,0.0,1.0,12.8
2011-03-08,0.0,1.0,19.95
2010-10-12,0.0,1.0,15.600000000000001
2017-04-12,0,0,0
2017-04-27,0.8,0,0
2009-11-14,0.0,6.0,20.75
2014-01-17,0.0,0.0,19.55
2010-04-15,0.0,6.0,19.75
2015-02-26,0.0,8.0,20.25
2013-12-11,0.0,0.0,18.299999999999997
2012-03-30,1.4,7.0,16.9
2009-07-02,0.0,1.0,14.45
2013-03-30,3.6,1.0,17.6
2011-09-15,0.6,2.0,16.700000000000003
2014-08-08,1.4,6.0,14.55
2013-04-01,0.0,1.0,20.3
2009-12-13,0.0,1.0,24.1
2016-07-01,1.2,0,0
2015-09-21,0.0,0,0
2011-01-27,0.0,4.0,21.3
2015-12-20,0.4,0,0
2011-09-12,0.0,1.0,19.3
2013-04-30,0.0,8.0,17.1
2015-11-07,0.6,0,0
2015-08-09,21.2,0,0
2015-08-20,7.4,0,0
2012-03-20,1.0,5.0,17.5
2014-01-27,0.0,3.0,20.15
2011-01-20,0.0,6.0,19.0
2011-07-03,14.6,8.0,10.8
2009-10-09,0.0,8.0,16.15
2011-08-20,0.0,2.0,19.5
2014-10-27,0.0,5.0,16.55
2012-10-20,0.8,1.0,16.75
2013-07-10,6.2,6.0,13.0
2015-11-26,1.4,0,0
2015-03-29,0.2,0.0,20.1
2011-02-09,3.2,4.0,21.95
2017-06-12,0.0,0,0
2013-08-03,0.6,8.0,16.8
2009-11-21,0.0,7.0,16.25
2012-03-07,0.0,7.0,21.5
2015-09-11,5.0,0,0
2013-05-14,1.8,8.0,15.299999999999999
2010-11-04,0.0,8.0,19.950000000000003
2008-12-18,0.0,1.0,18.5
2014-07-31,2.1,7.0,11.4
2017-02-22,0.4,0,0
2014-12-09,0.4,8.0,16.2
2009-08-31,0.0,7.0,15.1
2010-05-09,2.2,8.0,16.0
2010-08-10,0.6,0.0,13.35
2016-05-24,6.2,0,0
2009-01-28,0.0,8.0,19.45
2015-01-10,1.2,1.0,18.8
2015-06-28,0.0,4.0,13.95
2015-04-02,0.0,2.0,18.65
2009-11-11,0.8,0,0
2013-03-24,0.0,6.0,20.5
2012-10-31,0.0,5.0,16.55
2012-10-22,2.0,6.0,16.6
2012-08-22,12.4,6.0,11.350000000000001
2008-12-30,0.0,1.0,19.45
2015-09-29,0.0,0,0
2013-05-10,7.6,7.0,13.75
2016-03-07,0.2,0,0
2011-06-24,0.0,8.0,17.7
2013-11-20,0.8,7.0,16.4
2015-10-20,0.0,0,0
2015-01-18,0.0,6.0,24.6
2014-10-06,13.1,7.0,14.0
2015-09-22,0.0,0,0
2010-09-19,0.0,4.0,15.3
2016-10-16,1.6,0,0
2009-09-27,0.0,8.0,19.0
2015-10-01,0.0,0,0
2013-12-18,0.0,7.0,19.35
2009-04-17,0.0,5.0,17.7
2016-05-11,0.0,0,0
2017-04-07,0.8,0,0
2017-01-19,0.4,0,0
2011-12-25,0.0,3.0,19.4
2016-09-18,0.0,0,0
2014-06-11,5.0,3.0,13.25
2012-04-22,6.6,7.0,15.4
2014-04-12,0.0,3.0,22.0
2008-12-23,0.0,1.0,19.15
2009-02-26,0.0,8.0,15.5
2012-11-09,0.0,6.0,21.55
2010-08-26,0.0,7.0,12.75
2015-10-08,0.0,0,0
2009-07-15,0.0,1.0,14.75
2012-08-07,6.8,7.0,10.8
2012-10-03,0.0,6.0,16.2
2010-11-01,0.0,1.0,19.25
2012-01-31,0.0,1.0,21.8
2011-03-27,0.0,0.0,24.5
2014-05-07,0.0,7.0,21.25
2013-09-06,0.0,2.0,15.399999999999999
2011-06-15,0.0,7.0,14.4
2017-03-27,3.0,0,0
2009-04-20,0.0,1.0,18.85
2010-06-06,2.0,1.0,15.5
2014-06-12,4.2,7.0,14.4
2015-09-03,0.0,0,0
2014-07-13,0.0,0.0,14.149999999999999
2013-08-23,0.4,5.0,16.6
2016-09-26,0.2,0,0
2015-02-05,0.0,5.0,22.7
2012-06-15,7.6,6.0,15.05
2010-01-07,0.0,2.0,19.75
2010-07-13,21.0,7.0,13.8
2011-10-13,1.4,5.0,14.8
2014-04-23,0.0,1.0,17.3
2017-05-07,0.0,0,0
2015-05-31,0.0,3.0,15.4
2010-07-18,10.6,6.0,11.8
2010-08-18,14.8,7.0,10.6
2017-03-26,3.8,0,0
2014-01-02,0.4,8.0,20.7
2013-05-13,1.8,7.0,15.8
2010-11-08,0.0,6.0,19.35
2011-05-06,12.8,4.0,16.5
2013-12-15,0.0,6.0,21.15
2011-08-17,1.4,6.0,14.3
2014-08-18,0.4,8.0,15.399999999999999
2009-03-22,0.2,6.0,16.35
2017-01-26,0.0,0,0
2011-02-12,3.6,6.0,19.8
2011-09-06,0.2,5.0,13.9
2008-12-21,0.6,7.0,16.75
2016-05-29,2.2,0,0
2016-06-19,0.0,0,0
2014-11-11,0.6,8.0,18.700000000000003
2011-03-20,0.0,8.0,18.0
2010-12-03,13.4,4.0,15.55
2015-08-06,0.0,0,0
2009-09-01,7.6,8.0,13.05
2009-12-10,0.0,3.0,16.75
2010-10-05,0.0,8.0,15.25
2013-09-27,7.2,6.0,16.049999999999997
2010-07-11,1.0,2.0,15.6
2013-09-21,7.4,6.0,17.65
2016-07-09,3.1,0,0
2015-04-30,5.6,7.0,20.25
2014-01-01,0,0,0
2011-09-10,0.0,1.0,14.4
2016-04-26,0.0,0,0
2011-12-22,0.0,8.0,21.8
2013-08-05,14.0,8.0,15.25
2014-10-23,38.0,8.0,18.2
2015-09-09,0.0,0,0
2016-12-12,6.6,0,0
2016-06-21,7.8,0,0
2014-12-20,0.0,6.0,19.0
2014-03-04,0.0,8.0,19.55
2012-07-08,18.0,3.0,12.25
2016-05-07,8.8,0,0
2010-12-28,0.0,3.0,19.15
2017-03-01,0.0,0,0
2012-11-08,0.5,1.0,17.6
2010-02-05,0.0,5.0,21.0
2009-07-16,0.0,5.0,15.25
2012-11-20,0.0,6.0,18.6
2016-07-31,18.0,0,0
2009-02-03,0.0,7.0,21.65
2010-12-20,0.0,7.0,18.75
2010-03-24,13.4,1.0,22.2
2011-09-16,3.0,8.0,15.45
2013-08-07,6.4,8.0,17.45
2011-02-14,0.0,2.0,21.8
2015-03-15,10.6,8.0,21.6
2015-03-22,6.4,5.0,16.5
2013-10-21,0.6,8.0,13.15
2012-02-15,0.0,7.0,21.799999999999997
2013-11-18,0.2,6.0,15.4
2015-04-20,0.0,1.0,20.200000000000003
2011-06-13,0.0,8.0,14.25
2014-09-19,0.2,0.0,18.200000000000003
2009-03-25,0.6,4.0,17.6
2014-09-23,0.2,7.0,14.4
2009-11-22,0.0,1.0,17.0
2011-12-11,0.0,2.0,20.25
2011-11-26,0.2,5.0,16.85
2009-01-20,0.0,5.0,19.4
2015-12-04,0.0,0,0
2016-01-12,1.4,0,0
2017-02-21,9.4,0,0
2013-06-19,6.4,5.0,15.399999999999999
2016-01-28,0.0,0,0
2017-06-03,4.4,0,0
2010-02-06,0.0,6.0,20.8
2012-08-11,0.0,6.0,17.3
2013-12-04,0.2,7.0,16.35
2015-04-05,0.2,8.0,17.25
2013-06-21,0.0,1.0,12.65
2013-10-19,8.8,8.0,12.0
2012-02-26,1.8,7.0,17.25
2015-11-25,0.6,0,0
2013-07-29,19.4,7.0,14.4
2014-09-24,1.5,7.0,16.65
2015-02-02,0.0,7.0,23.35
2016-03-31,0.0,0,0
2009-08-26,0.0,5.0,14.0
2015-11-10,0.0,0,0
2010-04-11,0.6,8.0,20.0
2013-10-31,0.0,7.0,19.0
2009-09-29,17.8,7.0,8.75
2016-03-15,0.0,0,0
2010-08-03,0.0,8.0,13.9
2010-05-29,0.0,4.0,16.45
2014-10-20,44.0,7.0,15.5
2010-06-30,0.0,6.0,13.25
2017-04-16,0.0,0,0
2014-07-30,0.0,6.0,14.95
2016-08-28,12.6,0,0
2012-07-23,0.0,8.0,11.85
2010-05-13,1.4,8.0,14.9
2013-12-12,0.0,1.0,18.95
2016-05-15,0.0,0,0
2015-02-24,0.0,0.0,23.950000000000003
2009-10-29,5.4,3.0,15.5
2013-03-13,0.0,2.0,19.0
2008-12-02,0.0,6.0,18.450000000000003
2017-01-08,0.0,0,0
2009-10-13,1.4,7.0,14.350000000000001
2011-05-28,0.0,3.0,15.3
2011-09-27,9.8,6.0,10.3
2015-08-01,0.4,0,0
2014-05-05,0.8,8.0,16.65
2014-06-18,0.8,8.0,12.9
2016-04-05,0.0,0,0
2013-08-21,2.4,8.0,14.25
2009-11-30,0.0,2.0,18.35
2015-12-22,0.0,0,0
2015-12-09,0.0,0,0
2016-03-09,0.0,0,0
2014-02-21,0.0,1.0,22.65
2013-11-29,0.0,7.0,21.55
2017-06-18,0.0,0,0
2016-02-06,0.0,0,0
2013-10-06,4.2,3.0,17.4
2012-05-08,16.0,8.0,12.65
2016-06-28,0.0,0,0
2011-01-18,0.0,3.0,20.75
2016-08-03,0.0,0,0
2017-05-16,5.4,0,0
2011-03-26,0.0,0.0,21.9
2016-12-01,1.6,0,0
2009-09-05,2.8,8.0,9.85
2013-10-25,0.0,5.0,18.200000000000003
2014-04-28,18.0,5.0,13.0
2011-02-02,1.0,7.0,19.9
2014-11-09,0.0,0.0,19.2
2010-01-26,0.0,8.0,19.549999999999997
2016-09-05,0.0,0,0
2013-04-06,0.0,7.0,19.65
2009-11-08,0.0,6.0,19.0
2012-01-13,0.0,3.0,22.35
2014-05-01,3.2,6.0,14.8
2011-01-26,0.0,1.0,21.1
2014-01-03,0.0,3.0,18.65
2011-07-07,3.2,7.0,11.2
2013-04-13,2.4,7.0,18.95
2015-06-12,0.2,7.0,15.15
2014-04-01,1.6,7.0,16.05
2011-10-03,1.2,7.0,16.75
2011-12-26,0.0,1.0,20.75
2011-08-30,0.0,6.0,17.6
2014-07-16,5.5,8.0,13.55
2014-10-26,2.0,5.0,16.45
2014-05-11,0.0,2.0,20.299999999999997
2009-01-07,0.0,2.0,19.9
2012-03-31,0.6,6.0,19.9
2016-08-06,0.0,0,0
2016-02-27,0.0,0,0
2010-12-29,0.0,1.0,20.0
2016-10-29,0.6,0,0
2013-07-07,0.2,6.0,12.75
2014-10-02,0.3,2.0,20.75
2015-04-03,0.0,0,0
2011-05-10,0.2,7.0,17.5
2012-08-14,0.8,7.0,12.95
2009-04-06,0.0,1.0,18.9
2009-08-14,3.6,7.0,14.35
2013-12-07,3.4,8.0,16.3
2012-05-04,0.0,8.0,18.6
2010-08-08,4.6,6.0,12.4
2010-05-15,0.0,7.0,14.6
2009-03-29,0.4,8.0,17.0
2014-06-23,1.4,7.0,13.25
2013-01-31,0.0,3.0,19.8
2014-01-05,0.0,1.0,19.0
2017-05-13,0.0,0,0
2010-03-06,0.0,4.0,19.75
2016-09-17,0.5,0,0
2016-03-26,0.0,0,0
2009-12-11,0.0,0.0,18.3
2016-06-18,0.0,0,0
2014-11-15,0.0,4.0,17.05
2012-04-20,4.6,6.0,15.5
2009-12-09,1.4,7.0,16.799999999999997
2010-12-08,1.6,8.0,15.9
2015-12-13,0.0,0,0
2013-04-26,0.0,3.0,19.85
2015-05-13,0.0,1.0,16.25
2011-11-08,14.8,7.0,13.0
2010-08-11,0.0,7.0,18.2
2016-04-04,0.0,0,0
2017-05-10,0.8,0,0
2009-05-20,0.4,3.0,19.25
2012-04-11,0.0,7.0,25.05
2009-07-11,12.2,7.0,12.899999999999999
2014-03-29,0.0,8.0,17.25
2014-04-15,0.0,4.0,21.25
2012-09-12,9.2,4.0,14.3
2016-12-17,0.0,0,0
2012-10-15,0.6,7.0,16.6
2013-07-21,3.4,6.0,12.75
2009-06-03,4.6,8.0,12.85
2010-04-17,0.0,8.0,18.5
2015-02-15,0.0,1.0,19.0
2011-09-18,11.0,4.0,12.6
2015-08-30,7.4,0,0
2013-09-04,5.4,5.0,14.35
2011-11-29,3.0,6.0,15.15
2015-09-01,16.6,0,0
2009-08-20,3.6,7.0,13.35
2016-09-19,6.2,0,0
2011-03-10,0.0,2.0,22.75
2016-07-26,5.2,0,0
2015-01-14,0.0,7.0,20.35
2015-01-21,0.0,2.0,23.5
2014-02-07,0.6,6.0,19.45
2016-09-06,0.0,0,0
2016-11-04,1.2,0,0
2009-05-16,0.0,1.0,14.649999999999999
2012-07-13,3.4,5.0,13.8
2015-06-25,0.0,1.0,13.85
2010-01-05,0.0,8.0,19.200000000000003
2015-06-10,0.0,0.0,16.1
2016-11-25,0.0,0,0
2008-12-29,0.0,0.0,19.25
2009-09-17,0.2,3.0,17.9
2014-12-13,0.0,1.0,16.9
2010-09-05,1.0,7.0,13.25
2011-06-18,0.0,6.0,16.55
2009-09-07,1.2,7.0,16.4
2011-07-11,0.3,8.0,12.2
2011-10-06,0.4,3.0,16.9
2010-08-27,0.0,5.0,14.0
2015-01-09,1.4,6.0,17.3
2014-05-29,5.0,7.0,15.4
2017-04-15,0.0,0,0
2016-01-23,0.0,0,0
2009-03-11,0.0,8.0,19.65
2016-02-21,0.0,0,0
2009-08-02,0.0,4.0,14.5
2011-11-05,1.8,2.0,18.85
2011-03-09,0.0,0.0,19.25
2013-03-21,0.4,6.0,16.25
2016-03-16,18.0,0,0
2013-11-13,0.0,8.0,18.65
2017-05-11,14.2,0,0
2012-09-26,2.2,7.0,14.8
2013-08-14,1.8,7.0,14.15
2012-09-01,12.6,6.0,15.8
2011-06-20,6.4,7.0,16.65
2017-06-16,0.0,0,0
2011-06-21,2.4,5.0,16.0
2013-01-30,1.6,6.0,19.7
2016-09-25,7.2,0,0
2010-07-06,0.0,7.0,14.2
2016-09-08,9.4,0,0
2012-09-28,21.8,8.0,11.95
2009-06-02,0.2,5.0,15.9
2017-03-21,0.0,0,0
2009-01-08,0.0,4.0,20.85
2009-10-05,1.6,7.0,14.6
2013-04-22,17.4,6.0,17.35
2014-07-24,2.4,3.0,14.5
2016-12-08,0.0,0,0
2016-10-31,1.2,0,0
2016-08-22,7.4,0,0
2016-08-25,0.4,0,0
2015-08-04,4.6,0,0
2012-07-26,3.0,5.0,14.149999999999999
2012-09-10,0.0,6.0,17.15
2011-11-23,0.0,2.0,26.6
2012-08-25,0.2,4.0,15.05
2015-01-17,0.0,4.0,21.05
2013-06-11,0.0,6.0,12.9
2009-12-18,0.0,6.0,18.65
2015-05-20,0,6.0,0
2012-05-24,0.0,1.0,12.9
2014-12-02,0.0,1.0,16.3
2013-10-26,0.6,8.0,16.15
2010-03-19,0.0,8.0,18.8
2009-11-02,0.0,6.0,13.75
2010-01-16,0.0,0.0,19.8
2014-04-16,0.8,6.0,19.15
2014-09-09,21.0,5.0,15.299999999999999
2010-07-31,12.8,7.0,14.25
2013-04-28,8.0,7.0,14.45
2011-11-10,0.0,6.0,19.15
2012-11-07,4.2,4.0,17.4
2010-07-17,18.0,8.0,10.25
2008-12-28,2.4,1.0,18.6
2011-01-19,0.0,2.0,21.65
2010-12-18,0.0,6.0,16.8
2013-04-29,17.8,7.0,15.600000000000001
2015-06-24,0.0,0.0,12.4
2016-07-15,9.2,0,0
2012-10-25,0.0,0.0,16.8
2011-08-23,0.8,2.0,15.3
2015-01-31,0.0,2.0,21.55
2010-11-15,0.0,1.0,17.05
2014-05-13,4.0,6.0,16.85
2012-08-09,0.0,1.0,13.1
2016-05-28,6.1,0,0
2016-07-24,1.2,0,0
2009-04-15,0.0,5.0,16.25
2016-02-28,0.0,0,0
2017-01-12,0.6,0,0
2014-12-07,0.0,2.0,19.3
2009-04-25,4.8,6.0,18.15
2014-07-08,19.2,6.0,11.15
2011-09-08,0.0,5.0,14.55
2016-06-17,1.4,0,0
2014-02-11,0.0,5.0,19.6
2009-09-26,0.0,0.0,13.9
2013-09-22,6.2,6.0,13.55
2015-03-07,0.0,1.0,19.0
2010-05-08,0.2,7.0,16.0
2015-11-08,0.0,0,0
2015-11-18,0.0,0,0
2016-01-13,0.0,0,0
2015-06-23,5.6,4.0,11.85
2014-09-13,0.0,1.0,15.4
2009-12-25,0.0,4.0,19.2
2013-09-03,0.0,8.0,17.1
2016-08-17,0.0,0,0
2014-04-25,0,7.0,0
2016-04-23,0.0,0,0
2011-08-21,1.0,7.0,21.35
2009-05-26,0.0,7.0,15.0
2014-04-26,2.6,7.0,18.450000000000003
2016-03-22,0.0,0,0
2010-12-21,0.0,7.0,20.549999999999997
2014-10-31,0.0,3.0,16.55
2014-06-03,2.2,7.0,15.600000000000001
2011-02-04,0.0,7.0,19.75
2015-02-16,0.0,0.0,20.2
2017-02-27,0.0,0,0
2015-12-05,4.8,0,0
2014-08-23,0.0,8.0,16.0
2015-09-02,1.2,0,0
2010-03-31,0.8,8.0,17.1
2009-07-05,0.0,3.0,13.5
2009-11-04,0.0,6.0,17.049999999999997
2016-12-09,0.0,0,0
2009-01-26,0.0,6.0,22.0
2010-08-12,5.2,8.0,13.45
2014-11-24,0.0,3.0,17.35
2011-09-05,2.6,8.0,14.35
2009-08-28,20.4,6.0,11.0
2015-06-13,3.8,7.0,14.4
2010-04-23,0.6,7.0,16.299999999999997
2014-08-22,1.2,2.0,14.85
2015-09-23,0.0,0,0
2014-11-06,0.0,4.0,20.55
2009-01-12,0.0,8.0,21.5
2016-02-22,3.5,0,0
2014-10-12,0.4,6.0,13.7
2012-07-27,0.0,6.0,12.85
2015-07-15,2.2,7.0,13.45
2015-12-07,3.6,0,0
2016-05-30,0.0,0,0
2009-11-07,2.0,7.0,19.15
2013-09-23,11.2,6.0,16.55
2015-10-31,19.6,0,0
2010-02-08,0.0,3.0,22.25
2009-05-06,0.0,0.0,17.2
2012-05-01,4.7,8.0,15.200000000000001
2009-01-25,1.4,1.0,20.25
2016-01-08,0.0,0,0
2012-04-05,16.2,6.0,15.55
2017-06-01,0.0,0,0
2010-08-20,0.4,7.0,12.5
2012-06-17,0.0,4.0,16.6
2012-10-08,0.0,7.0,16.35
2015-01-06,0.0,8.0,22.95
2016-11-26,0.0,0,0
2017-05-24,0,0,0
2015-07-06,0.0,6.0,14.899999999999999
2011-07-02,30.8,7.0,9.7
2010-09-22,0.0,0.0,16.35
2010-10-29,7.8,7.0,14.4
2011-06-11,0.0,2.0,15.05
2012-11-15,0.0,1.0,18.15
2011-08-11,0.0,3.0,13.25
2010-05-01,4.0,8.0,16.25
2017-05-20,8.0,0,0
2015-11-21,0.0,0,0
2014-09-20,0.0,0.0,24.0
2013-05-09,11.8,6.0,15.200000000000001
2011-03-19,1.8,5.0,20.1
2010-04-13,5.8,1.0,18.25
2016-02-07,0.0,0,0
2010-04-18,0.0,3.0,19.15
2016-10-04,3.0,0,0
2012-01-26,0.0,1.0,24.65
2015-08-11,8.6,0,0
2012-08-26,0.0,8.0,16.85
2015-10-22,0.0,0,0
2013-07-02,0.0,6.0,16.05
2013-01-02,2.0,1.0,22.75
2013-01-13,0.0,5.0,22.8
2014-03-24,0.0,0.0,21.8
2010-05-28,5.2,2.0,16.2
2014-02-24,0.0,6.0,21.4
2016-10-07,0.6,0,0
2009-12-03,0.0,2.0,18.15
2010-10-23,0.4,3.0,17.1
2016-06-30,0.8,0,0
2014-04-03,0.0,1.0,17.7
2013-09-29,3.6,8.0,12.95
2009-06-19,14.0,5.0,12.15
2015-03-24,0.0,1.0,16.8
2015-08-28,0.0,0,0
2017-01-01,0.0,0,0
2015-10-21,0.0,0,0
2009-03-20,0.0,8.0,17.799999999999997
2012-10-24,0.6,6.0,15.75
2010-09-13,3.2,6.0,12.7
2011-03-29,0.2,8.0,19.549999999999997
2011-03-06,0.4,6.0,20.65
2014-05-16,3.6,6.0,17.5
2015-02-04,1.3,3.0,24.700000000000003
2009-08-18,0.0,6.0,14.8
2011-06-30,0.0,6.0,12.100000000000001
2012-01-16,0.8,8.0,18.3
2009-10-27,29.4,7.0,20.75
2012-01-29,0.2,7.0,19.2
2014-12-19,0.0,0.0,21.25
2012-03-29,0.0,7.0,21.549999999999997
2015-10-28,3.2,0,0
2011-09-11,0.0,0.0,16.85
2017-03-17,0.0,0,0
2016-01-01,0.0,0,0
2013-08-12,5.4,6.0,14.0
2012-04-27,0.0,8.0,20.049999999999997
2010-03-26,0.2,8.0,18.299999999999997
2012-06-24,0.0,2.0,13.2
2014-08-16,0.0,5.0,16.15
2015-07-20,7.4,3.0,14.3
2009-04-02,0.0,7.0,15.95
2014-06-13,0.0,6.0,12.5
2014-05-15,1.7,8.0,17.8
2012-06-04,0.0,7.0,15.35
2011-07-30,15.6,6.0,17.25
2009-04-16,0.0,2.0,18.0
2015-10-13,0.4,0,0
2013-07-15,0.0,8.0,17.4
2011-03-14,0.0,1.0,21.45
2012-06-01,15.6,8.0,15.5
2014-07-17,1.6,5.0,13.05
2017-04-17,0.2,0,0
2012-03-17,0.0,0.0,21.45
2015-04-24,0.2,8.0,14.4
2017-02-09,0.4,0,0
2015-07-08,17.6,6.0,12.25
2011-11-18,6.8,3.0,16.0
2014-03-15,0.0,2.0,18.25
2013-09-24,2.0,7.0,14.2
2015-07-21,8.0,4.0,11.05
2013-05-19,0.2,1.0,14.5
2009-12-19,0.0,4.0,20.5
2015-04-12,29.4,7.0,18.2
2012-04-29,0.2,8.0,19.75
2009-03-27,0.0,1.0,19.0
2016-12-18,0.0,0,0
2014-07-27,9.1,4.0,13.75
2016-04-07,0.0,0,0
2014-03-12,0.0,0.0,20.65
2009-03-14,0.0,1.0,18.25
2010-02-13,0.0,1.0,20.7
2010-08-06,1.6,5.0,13.45
2009-09-15,1.6,6.0,13.399999999999999
2014-09-18,0.0,1.0,17.4
2015-12-19,1.0,0,0
2013-05-21,2.2,8.0,16.65
2010-01-06,0.0,3.0,24.450000000000003
2012-09-03,0.0,8.0,16.35
2013-03-25,0.0,8.0,20.8
2014-01-04,0.0,7.0,18.45
2009-07-10,3.4,7.0,11.75
2015-08-25,1.2,0,0
2010-02-28,0.0,1.0,22.85
2014-02-10,0.0,4.0,19.85
2014-09-27,2.4,7.0,14.35
2012-06-30,4.4,0,0
2011-11-11,2.6,6.0,18.05
2012-07-06,1.0,6.0,15.2
2015-12-06,40.0,0,0
2010-04-09,1.6,6.0,17.450000000000003
2016-08-21,1.8,0,0
2014-08-20,0.0,6.0,15.9
2010-11-26,0.0,7.0,16.7
2015-12-02,0.0,0,0
2015-01-12,0.0,1.0,21.9
2013-10-01,0.6,5.0,16.35
2013-12-14,0.0,1.0,22.200000000000003
2014-04-05,0.0,6.0,20.5
2015-03-01,0.0,8.0,18.950000000000003
2013-05-05,0.0,5.0,16.05
2011-05-31,0.0,8.0,18.200000000000003
2013-09-05,0.2,7.0,15.7
2015-08-12,1.4,0,0
2015-02-17,0.0,2.0,21.2
2010-02-14,0.0,3.0,22.35
2014-07-29,0.0,6.0,16.85
2013-09-02,0.0,6.0,20.25
2017-03-16,2.6,0,0
2010-10-27,0.0,8.0,17.950000000000003
2017-01-15,0.0,0,0
2013-06-27,0.0,7.0,15.7
2013-12-16,0.0,8.0,18.85
2016-06-15,13.0,0,0
2009-08-05,0.0,7.0,16.15
2012-10-14,10.4,7.0,15.9
2010-02-02,0.6,8.0,17.299999999999997
2009-06-15,0.4,7.0,16.1
2015-02-21,0.0,1.0,20.85
2016-03-04,0.0,0,0
2015-01-19,0.0,6.0,21.5
2009-02-06,0.0,6.0,19.35
2013-12-03,0.6,7.0,16.6
2012-02-06,0.2,5.0,19.1
2013-03-22,0.0,1.0,18.5
2014-09-08,10.4,8.0,12.5
2015-12-30,0.2,0,0
2008-12-07,0.0,2.0,18.75
2015-10-19,15.2,0,0
2014-07-23,3.8,6.0,12.15
2013-03-08,0.0,1.0,20.55
2016-04-11,12.2,0,0
2016-11-24,0.0,0,0
2015-01-26,0.0,1.0,20.85
2014-06-04,0.0,5.0,16.7
2011-10-21,0.0,2.0,18.15
2013-12-19,0.0,8.0,18.3
2013-03-20,1.6,8.0,18.799999999999997
2009-01-09,0.0,2.0,21.75
2011-02-15,0.0,3.0,22.8
2014-09-06,0.0,4.0,20.45
2012-06-26,0.0,7.0,16.75
2010-10-22,4.4,5.0,15.2
2014-06-10,3.0,7.0,14.0
2014-07-14,6.4,8.0,10.85
2009-03-01,5.4,7.0,21.4
2013-04-23,0.8,8.0,18.7
2013-04-15,0.0,8.0,20.25
2012-03-15,0.0,2.0,18.950000000000003
2009-09-13,14.6,5.0,12.55
2009-08-15,14.2,8.0,8.0
2009-01-19,0.2,6.0,18.35
2013-06-26,6.8,5.0,13.0
2013-05-01,0.0,8.0,17.75
2016-02-17,0.0,0,0
2014-07-11,16.6,8.0,12.8
2010-03-12,0.0,1.0,29.15
2011-02-23,0.0,2.0,22.5
2012-11-12,0.2,2.0,18.1
2010-04-04,1.0,6.0,17.35
2015-08-27,0.0,0,0
2017-03-06,0.0,0,0
2015-11-27,0.0,0,0
2011-11-27,0.2,7.0,17.0
2015-12-23,0.0,0,0
2014-03-31,3.0,6.0,18.1
2008-12-22,1.2,0,0
2012-07-02,0.8,1.0,14.549999999999999
2014-01-20,0.0,7.0,20.450000000000003
2014-02-25,0.0,4.0,18.9
2010-01-21,0.0,6.0,18.2
2011-10-20,0.0,2.0,16.45
2010-09-14,0.2,8.0,13.05
2009-02-09,0.0,0,0
2009-09-20,0.6,8.0,12.5
2010-09-09,11.0,4.0,12.3
2011-05-14,2.0,4.0,17.450000000000003
2009-04-01,7.2,1.0,15.7
2011-05-19,0.0,1.0,16.05
2010-08-05,0.0,7.0,15.100000000000001
2015-02-06,3.4,6.0,21.3
2016-03-29,0.0,0,0
2016-04-14,0.0,0,0
2013-08-30,1.4,7.0,17.3
2012-03-22,0.0,7.0,18.3
2014-02-03,0.0,6.0,0
2015-04-25,1.2,4.0,14.75
2014-02-23,0.0,0.0,20.2
2016-07-23,4.4,0,0
2015-05-08,0.0,5.0,15.25
2010-03-18,0.0,1.0,18.4
2011-02-25,0.0,1.0,22.2
2009-03-26,0.0,0.0,18.0
2009-07-31,0.0,2.0,12.7
2012-11-26,0.0,4.0,20.85
2010-11-11,13.0,7.0,16.15
2012-07-04,0.0,0.0,14.05
2013-11-26,0.0,6.0,19.2
2014-02-17,0.0,5.0,20.75
2010-12-04,5.2,6.0,18.2
2012-08-02,2.8,4.0,13.600000000000001
2010-01-10,0.4,6.0,19.5
2012-05-28,0.0,0.0,16.4
2016-08-27,4.8,0,0
2016-09-10,7.8,0,0
2012-02-16,0.0,3.0,22.7
2014-04-08,0.0,5.0,18.4
2012-03-13,1.6,5.0,19.6
2010-09-20,0.0,3.0,14.35
2015-04-01,1.4,8.0,16.450000000000003
2013-08-16,36.0,7.0,11.100000000000001
2011-06-22,0.0,3.0,16.6
2012-10-01,0.0,0.0,26.6
2010-06-20,0.0,2.0,14.9
2017-01-06,0.0,0,0
2013-07-06,4.0,6.0,11.4
2015-05-23,0.0,6.0,13.9
2014-04-22,1.6,3.0,17.25
2014-02-26,0.2,3.0,20.1
2009-07-09,3.0,1.0,15.1
2011-09-23,0.0,4.0,14.9
2009-10-12,0.8,7.0,14.8
2016-09-11,0.5,0,0
2016-03-11,0.0,0,0
2010-07-05,0.0,7.0,12.1
2017-02-26,0.0,0,0
2010-04-19,0.0,1.0,20.8
2009-03-09,0.0,6.0,21.25
2015-12-01,0.0,0,0
2010-01-23,0.0,5.0,21.299999999999997
2010-11-09,0.4,8.0,18.05
2012-09-08,0.0,1.0,18.25
2011-05-21,36.0,8.0,15.4
2016-08-11,0.0,0,0
2014-04-10,0.0,1.0,21.5
2009-01-30,0.0,8.0,19.75
2015-01-22,0.0,7.0,18.9
2009-07-07,12.2,6.0,15.15
2009-03-12,0.0,6.0,17.8
2013-06-16,0.0,5.0,12.100000000000001
2010-07-12,22.2,7.0,6.75
2013-01-18,1.2,4.0,18.5
2012-11-23,0.0,6.0,19.299999999999997
2010-08-15,0.6,5.0,12.8
2013-04-17,0.0,8.0,18.9
2016-07-30,3.2,0,0
2009-08-09,2.4,1.0,12.6
2015-12-25,0.0,0,0
2011-12-29,0.0,1.0,26.15
2013-05-31,9.2,6.0,13.4
2013-08-02,0.2,8.0,15.75
2012-01-17,0.0,1.0,20.75
2013-06-25,2.0,4.0,15.15
2015-06-21,0.0,7.0,13.65
2015-07-25,3.0,6.0,13.15
2010-08-07,0.0,7.0,12.9
2011-10-05,0.0,6.0,17.75
2014-07-05,0.9,2.0,15.3
2013-09-26,0.0,7.0,15.45
2013-11-09,0.0,1.0,18.85
2016-02-24,7.4,0,0
2012-04-13,0.0,4.0,19.85
2014-10-05,1.0,7.0,14.2
2010-01-02,0.0,0.0,18.75
2012-06-06,0.0,6.0,15.15
2009-05-04,0.0,0.0,18.049999999999997
2012-10-12,0.0,1.0,23.75
2010-09-03,0.6,5.0,13.1
2017-06-09,0.0,0,0
2015-03-08,0.5,2.0,20.85
2017-01-04,0.0,0,0
2014-05-18,0.6,8.0,16.75
2009-06-26,0.4,8.0,14.0
2016-10-25,0.0,0,0
2013-07-14,0.0,7.0,17.15
2017-04-05,0.0,0,0
2013-01-01,0,0,0
2011-03-03,0.0,0.0,21.9
2011-02-17,0.5,8.0,20.05
2010-04-24,0.0,2.0,16.4
2017-03-30,0.0,0,0
2015-03-17,3.0,7.0,22.55
2010-09-01,1.2,4.0,13.55
2012-11-27,0.0,1.0,24.1
2012-02-13,0.0,1.0,21.4
2013-01-21,0.0,6.0,20.85
2013-10-07,0.6,4.0,21.5
2015-11-12,0.0,0,0
2016-03-02,0.0,0,0
2015-04-21,0.0,2.0,19.6
2009-06-24,3.4,6.0,11.0
2013-04-07,0.0,8.0,18.9
2009-05-29,0.0,1.0,16.0
2010-09-23,0.0,2.0,18.15
2015-07-17,0.0,7.0,15.2
2016-08-14,0.0,0,0
2016-09-07,5.4,0,0
2011-11-16,0.0,6.0,19.1
2016-05-21,24.6,0,0
2012-09-17,0.0,7.0,17.2
2011-10-01,0.0,0.0,16.95
2010-06-25,2.6,2.0,11.649999999999999
2010-12-07,5.6,7.0,17.0
2016-04-13,9.8,0,0
2009-05-02,0.0,1.0,16.05
2009-07-04,0.0,6.0,14.25
2013-08-15,0.0,8.0,12.75
2014-09-02,0.0,8.0,14.049999999999999
2013-08-08,15.0,4.0,14.6
2009-10-28,0.0,0,0
2015-04-15,2.0,4.0,16.35
2014-01-18,0.0,0.0,22.4
2016-12-20,0.0,0,0
2015-12-15,0.0,0,0
2013-10-27,2.2,6.0,16.2
2012-08-06,0.0,8.0,15.35
2013-04-04,0.0,6.0,28.3
2012-04-23,1.0,1.0,15.5
2016-09-21,0.0,0,0
2010-10-11,20.6,1.0,13.6
2016-06-20,17.4,0,0
2016-07-06,0.0,0,0
2013-04-12,3.6,8.0,18.9
2013-01-22,0.0,1.0,20.75
2013-12-24,0.0,2.0,22.4
2016-02-13,0.0,0,0
2010-09-16,1.8,3.0,14.3
2009-09-25,0.6,7.0,12.5
2015-03-28,0.0,1.0,20.0
2011-07-28,1.4,7.0,17.4
2011-11-13,0.0,4.0,19.75
2017-04-28,0.0,0,0
2016-05-10,0.0,0,0
2013-12-28,0.0,4.0,19.75
2012-01-27,0.0,1.0,24.65
2014-07-01,0.0,1.0,18.65
2012-09-04,20.6,7.0,9.2
2015-07-10,4.4,4.0,13.8
2011-01-15,0.0,5.0,19.5
2013-07-19,0.8,5.0,12.65
2009-06-20,19.8,8.0,12.25
2011-03-17,2.2,8.0,20.05
2013-07-03,5.8,4.0,12.65
2012-07-20,0.0,7.0,15.3
2010-08-19,7.8,2.0,11.75
2013-05-06,0.0,6.0,17.85
2012-10-10,0.0,0.0,17.549999999999997
2016-12-14,0.0,0,0
2010-12-14,0.0,8.0,17.450000000000003
2009-03-30,0.2,8.0,17.25
2010-05-18,0.0,2.0,17.4
2011-08-15,0.8,8.0,13.4
2011-10-24,3.2,6.0,15.55
2012-07-22,0.0,7.0,12.45
2011-01-04,0.0,1.0,21.200000000000003
2016-09-30,0.0,0,0
2015-05-29,0.0,6.0,13.0
2011-06-08,0.0,6.0,17.450000000000003
2016-03-01,1.4,0,0
2014-11-25,0.0,1.0,18.55
2012-01-07,5.4,4.0,17.85
2015-07-24,0.6,6.0,13.3
2013-10-10,1.0,2.0,17.15
2015-04-14,0.6,8.0,16.1
2012-11-06,15.2,8.0,15.299999999999999
2012-05-07,1.0,7.0,15.649999999999999
2012-05-23,0.2,5.0,14.45
2013-06-10,12.2,3.0,14.7
2015-06-18,0.2,8.0,14.25
2009-09-19,10.6,8.0,13.05
2017-06-11,0.0,0,0
2016-07-11,4.6,0,0
2013-06-07,1.6,7.0,16.15
2013-04-03,0.0,2.0,22.2
2015-10-09,0.0,0,0
2013-01-17,2.2,5.0,18.200000000000003
2014-06-26,1.6,6.0,13.5
2011-05-11,0.0,4.0,17.8
2012-04-16,0.0,5.0,19.200000000000003
2012-06-22,2.4,7.0,13.15
2015-12-03,0.0,0,0
2016-02-10,0.0,0,0
2011-03-28,0.0,6.0,22.0
2009-06-09,0.0,5.0,14.5
2016-01-04,0.0,0,0
2012-06-29,3.0,8.0,13.25
2011-01-14,0.1,4.0,19.9
2011-10-26,10.6,7.0,17.700000000000003
2017-03-15,0,0,0
2010-11-14,0.0,6.0,16.3
2009-02-15,1.8,0.0,23.5
2014-05-27,1.2,7.0,17.15
2016-03-12,0.2,0,0
2014-11-13,17.4,6.0,14.3
2014-11-27,0.0,6.0,20.9
2015-05-09,1.0,7.0,16.3
2017-05-14,0.0,0,0
2010-07-28,0.8,7.0,14.2
2015-12-16,0.0,0,0
2013-12-25,0.0,5.0,18.9
2015-01-20,0.0,0.0,25.8
2010-11-29,0.0,0.0,22.55
2015-09-25,0.0,0,0
2016-11-18,0.0,0,0
2015-04-04,0.0,2.0,19.35
2012-08-20,1.6,8.0,12.9
2012-08-13,18.0,7.0,12.0
2009-12-04,0.0,0.0,18.5
2009-09-06,8.4,6.0,12.399999999999999
2016-06-05,0.4,0,0
2013-01-24,1.4,2.0,18.55
2016-04-30,6.0,0,0
2009-06-14,5.4,6.0,14.3
2013-12-06,0.0,7.0,20.700000000000003
2012-06-03,0.0,7.0,15.75
2016-02-14,0.0,0,0
2009-03-07,0.0,6.0,18.25
2016-10-15,9.2,0,0
2011-02-21,0.0,1.0,21.65
2013-07-17,19.0,7.0,11.25
2016-09-14,0.6,0,0
2015-05-05,3.5,6.0,14.649999999999999
2016-01-26,0.4,0,0
2013-07-20,5.2,7.0,12.65
2010-06-13,0.0,2.0,16.0
2014-08-14,0.0,8.0,15.05
2013-11-22,0.0,8.0,17.9
2017-06-25,0.4,0,0
2015-12-21,0.0,0,0
2015-01-07,0.0,7.0,18.200000000000003
2009-01-21,0.0,7.0,21.5
2009-01-01,0.0,1.0,20.1
2009-07-18,1.0,8.0,13.75
2016-01-06,0.2,0,0
2009-02-18,0.0,2.0,19.45
2012-03-28,7.4,4.0,20.5
2017-02-25,0.0,0,0
2015-09-16,0.0,0,0
2009-06-27,0.2,8.0,13.25
2014-02-20,0.0,1.0,21.8
2012-08-21,3.4,7.0,15.8
2015-03-13,0.0,6.0,22.6
2009-04-19,1.0,0.0,21.0
2009-03-03,0.4,7.0,15.649999999999999
2015-05-06,10.6,3.0,15.25
2014-03-23,0.0,1.0,21.15
2016-09-03,3.6,0,0
2016-04-27,17.2,0,0
2014-03-05,0.0,2.0,19.4
2010-06-11,0.0,7.0,12.35
2009-10-17,0.0,1.0,19.35
2014-03-09,0.0,7.0,19.5
2012-10-11,0.0,0.0,18.45
2013-08-24,0.0,2.0,15.35
2017-06-04,0.0,0,0
2015-09-07,0.0,0,0
2009-11-09,0.0,6.0,18.35
2013-06-29,0.0,2.0,17.450000000000003
2009-05-13,0.0,5.0,16.2
2014-08-29,22.6,8.0,15.05
2014-08-31,2.0,4.0,12.8
2010-03-14,13.8,8.0,19.7
2015-02-12,0.0,8.0,21.7
2012-06-05,0.0,6.0,15.25
2012-01-08,0.6,8.0,17.0
2014-05-24,1.0,5.0,15.8
2008-12-16,0.8,7.0,16.3
2010-07-01,0.0,4.0,13.15
2012-04-28,0.2,8.0,19.8
2017-06-02,0.0,0,0
2009-04-09,0.0,8.0,18.0
2015-10-06,6.2,0,0
2010-05-23,8.2,8.0,14.05
2014-07-09,5.4,6.0,13.4
2011-09-04,1.0,8.0,14.3
2010-09-04,9.8,3.0,14.5
2015-10-05,4.2,0,0
2011-01-11,0.0,4.0,20.9
2017-03-20,0.0,0,0
2011-08-22,24.4,6.0,13.7
2009-07-22,5.2,6.0,13.8
2016-07-17,5.4,0,0
2015-09-05,1.2,0,0
2012-07-03,0.0,2.0,15.05
2013-11-28,0.0,1.0,19.6
2012-03-12,0.0,8.0,22.75
2014-11-26,0.0,6.0,20.15
2009-12-29,1.2,8.0,23.75
2012-10-06,0.0,0.0,16.3
2012-05-16,10.8,4.0,16.0
2009-04-18,0.0,4.0,22.75
2010-10-16,0.0,1.0,16.6
2015-04-29,0.0,6.0,21.5
2009-06-30,26.4,7.0,12.5
2013-08-26,2.8,8.0,14.0
2014-05-19,12.2,4.0,16.65
2012-05-11,0.0,1.0,16.5
2009-01-13,1.2,3.0,19.05
2017-03-10,0.0,0,0
2012-04-04,1.6,8.0,18.75
2017-04-22,18.5,0,0
2016-10-28,0.0,0,0
2017-01-09,0.0,0,0
2009-08-08,0.0,4.0,12.95
2011-07-08,1.8,3.0,13.25
2014-06-19,23.0,7.0,15.95
2012-07-25,3.4,3.0,12.45
2015-12-29,0.0,0,0
2011-07-31,3.0,7.0,12.95
2014-07-26,6.0,4.0,14.100000000000001
2016-06-11,0.1,0,0
2015-10-11,0.0,0,0
2011-12-20,0.0,2.0,20.3
2014-07-19,0.0,6.0,14.4
2010-07-09,2.2,8.0,11.4
2016-06-03,0.0,0,0
2009-06-01,0.8,1.0,15.6
2013-06-09,3.4,8.0,16.1
2011-11-03,0.0,7.0,19.4
2016-11-20,0.2,0,0
2014-07-28,0.6,6.0,15.100000000000001
2015-02-27,13.4,2.0,20.25
2016-11-23,0.0,0,0
2013-12-13,0.0,0.0,21.2
2009-02-25,0.0,8.0,17.0
2014-11-20,0.0,4.0,21.4
2010-04-02,38.0,8.0,18.6
2014-12-29,0.0,1.0,18.95
2011-12-09,0.2,7.0,18.45
2012-07-29,0.0,3.0,14.95
2009-07-21,5.4,6.0,13.7
2012-04-07,0.0,3.0,17.95
2011-06-09,1.0,4.0,15.15
2016-03-05,0.4,0,0
2014-12-14,0.0,0.0,18.65
2016-10-08,1.0,0,0
2016-06-04,7.8,0,0
2014-06-21,0.0,8.0,14.0
2016-10-02,9.8,0,0
2012-07-15,1.4,2.0,15.100000000000001
2017-02-28,0.0,0,0
2016-03-13,0.2,0,0
2013-07-11,0.0,1.0,13.4
2015-10-23,0.0,0,0
2011-09-29,0.0,4.0,14.4
2014-05-03,1.0,8.0,17.45
2013-05-24,0.0,1.0,16.05
2016-01-02,0.0,0,0
2010-11-17,0.0,7.0,18.75
2012-02-23,0.0,0.0,24.15
2009-10-06,2.2,8.0,15.0
2012-08-19,0.0,8.0,14.3
2015-04-08,0.0,8.0,19.0
2010-09-27,0.6,5.0,14.350000000000001
2017-04-20,0.0,0,0
2009-05-22,5.4,8.0,10.4
2011-06-27,0.0,6.0,15.1
2010-07-02,15.4,4.0,12.3
2014-10-25,0.0,8.0,18.450000000000003
2016-04-19,1.6,0,0
2008-12-04,7.8,7.0,18.9
2011-02-26,0.0,8.0,21.200000000000003
2017-01-02,0.0,0,0
2014-08-07,0.4,7.0,16.25
2014-11-17,0.0,6.0,18.75
2015-08-18,8.2,0,0
2010-04-07,0.8,1.0,19.45
2010-02-20,0.0,7.0,19.2
2017-02-24,0.0,0,0
2016-12-07,1.8,0,0
2011-06-02,16.8,7.0,13.100000000000001
2014-01-23,0.0,8.0,21.25
2009-10-08,0.2,3.0,16.75
2016-01-05,0.0,0,0
2013-05-27,0.0,6.0,17.55
2013-03-14,0.0,8.0,18.5
2013-03-04,1.0,4.0,22.700000000000003
2014-03-17,2.2,3.0,19.4
2012-03-24,0.0,6.0,20.4
2014-08-04,0.0,0.0,12.75
2012-07-16,2.8,5.0,14.0
2010-12-11,0.0,6.0,17.95
2013-01-10,0.0,8.0,19.299999999999997
2013-10-29,0.0,1.0,18.299999999999997
2012-08-27,3.4,7.0,14.950000000000001
2016-04-21,1.4,0,0
2009-02-28,6.4,6.0,20.15
2017-01-31,0.0,0,0
2016-09-28,14.6,0,0
2015-07-02,1.4,6.0,15.2
2009-10-20,0.0,3.0,13.95
2012-05-26,8.6,8.0,16.700000000000003
2017-03-07,0.0,0,0
2013-04-05,0.0,1.0,21.85
2013-07-23,0.0,7.0,17.0
2010-07-14,2.2,7.0,14.3
2016-12-21,0.0,0,0
2010-04-16,0.0,3.0,18.9
2014-07-25,0.0,4.0,16.3
2015-01-23,0.0,2.0,19.35
2014-05-09,4.0,6.0,16.95
2013-03-05,0.0,6.0,21.950000000000003
2011-01-12,0.0,1.0,23.049999999999997
2012-05-20,0.0,6.0,15.399999999999999
2009-03-31,17.6,8.0,15.7
2010-09-11,0.0,5.0,15.6
2017-06-14,0,0,0
2008-12-31,0.0,5.0,18.75
2012-04-02,2.6,5.0,21.700000000000003
2010-08-25,0.0,7.0,12.899999999999999
2013-10-16,6.8,6.0,14.649999999999999
2010-10-08,0.0,0.0,19.55
2016-07-28,0.0,0,0
2015-08-05,0.0,0,0
2011-11-02,0.0,2.0,20.45
2011-12-12,0.0,7.0,18.8
2009-10-24,0.0,8.0,15.55
2009-01-16,0.0,0.0,25.75
2009-01-14,0.8,1.0,20.15
2011-07-22,0.0,7.0,14.55
2014-06-16,0.0,0.0,15.6
2013-10-11,0.0,8.0,15.95
2012-05-13,0.0,7.0,18.9
2011-11-21,0.0,5.0,18.1
2009-12-31,0.0,0.0,17.0
2015-04-27,0.0,1.0,18.05
2017-01-29,0.0,0,0
2013-03-11,29.4,8.0,18.25
2012-10-19,0.0,6.0,17.4
2009-09-21,11.8,7.0,9.5
2016-11-19,0.0,0,0
2014-10-30,0.0,6.0,18.2
2016-08-08,5.4,0,0
2013-03-19,0.0,8.0,21.6
2010-06-27,1.4,6.0,13.15
2010-04-05,1.6,3.0,18.15
2009-09-14,0.0,6.0,16.200000000000003
2009-03-05,0.0,0.0,19.6
2015-03-02,0.3,7.0,18.799999999999997
2011-07-24,0.0,5.0,14.8
2008-12-26,0.8,1.0,19.0
2009-01-03,0.4,7.0,20.0
2012-07-30,0.0,7.0,15.85
2017-02-16,0.0,0,0
2011-12-13,1.2,8.0,17.65
2010-02-27,0.0,2.0,22.5
2015-10-03,0.0,0,0
2011-08-26,0.0,6.0,13.7
2012-09-24,0.0,7.0,14.549999999999999
2016-03-18,0.0,0,0
2017-05-09,0.0,0,0
2016-12-10,0.0,0,0
2011-07-25,0.0,8.0,15.15
2009-02-23,0.0,1.0,19.5
2009-06-17,0.8,7.0,16.1
2011-05-08,0.0,6.0,19.4
2009-12-30,0.4,8.0,18.4
2016-09-24,7.6,0,0
2010-05-30,0.0,6.0,15.85
2015-04-23,0.4,3.0,16.5
2010-03-09,0.2,2.0,19.9
2010-06-09,0.4,8.0,12.75
2010-12-19,1.0,3.0,18.0
2017-05-08,0.0,0,0
2013-06-03,0.0,5.0,14.1
2015-08-23,3.0,0,0
2013-07-30,0.4,2.0,16.85
2013-10-17,0.0,1.0,17.2
2015-09-13,11.4,0,0
2014-11-01,0.0,0.0,19.6
2011-06-04,6.4,3.0,13.75
2011-03-16,0.0,7.0,21.3
2014-08-05,0.0,0.0,15.399999999999999
2014-11-04,0.0,8.0,18.4
2010-07-08,0.0,8.0,13.95
2009-07-28,0.0,7.0,13.75
2010-11-03,0.0,1.0,24.25
2011-01-25,10.8,6.0,18.85
2009-07-14,0.6,7.0,14.15
2011-06-17,3.0,6.0,16.25
2011-11-12,0.0,5.0,19.4
2011-11-04,31.2,7.0,20.4
2009-06-10,4.4,4.0,18.1
2017-01-13,0.0,0,0
2010-02-26,0.0,6.0,22.3
2015-03-10,0.2,1.0,19.9
2013-09-19,5.6,5.0,17.45
2011-06-06,20.2,7.0,14.85
2015-05-14,0.0,1.0,19.05
2010-07-04,0.6,5.0,13.95
2012-11-05,20.4,7.0,13.85
2010-09-25,0.0,0.0,16.6
2016-05-01,0.6,0,0
2009-12-14,0.0,1.0,19.200000000000003
2013-09-14,1.2,8.0,15.399999999999999
2017-01-16,0.0,0,0
2015-05-28,6.4,7.0,12.5
2012-05-19,0.0,1.0,16.5
2015-09-18,0.0,0,0
2016-06-02,0.0,0,0
2014-08-13,0.0,1.0,15.1
2016-04-02,0.0,0,0
2012-08-23,5.8,7.0,13.2
2011-09-09,0.0,4.0,14.2
2010-10-24,0.0,7.0,17.5
2015-11-14,0.0,0,0
2015-11-09,3.0,0,0
2012-07-14,0.4,7.0,14.55
2016-02-16,0.0,0,0
2010-11-06,4.8,4.0,17.5
2010-06-28,4.8,7.0,13.350000000000001
2015-07-11,0.7,4.0,11.45
2015-11-06,0.0,0,0
2016-07-29,0.0,0,0
2016-08-05,0.1,0,0
2014-06-01,0.0,7.0,16.95
2012-09-19,3.2,5.0,16.05
2017-04-30,0.6,0,0
2010-07-15,0.0,2.0,15.350000000000001
2014-09-28,6.6,6.0,15.45
2014-11-23,1.6,7.0,15.55
2014-03-28,0.0,7.0,19.1
2013-05-08,0.4,4.0,21.15
2015-04-06,0.1,6.0,18.5
2010-03-05,0.2,7.0,17.3
2010-12-16,0.0,6.0,18.4
2014-10-10,0.0,1.0,17.55
2012-09-22,16.8,6.0,11.95
2010-06-21,0.0,1.0,13.5
2010-08-28,0.0,1.0,17.0
2010-10-28,3.2,5.0,14.6
2012-09-07,0.0,0.0,14.5
2010-10-10,0.6,8.0,14.9
2014-09-25,1.2,4.0,18.5
2011-08-05,0.0,6.0,12.2
2013-03-01,0.0,3.0,22.85
2016-11-05,0.0,0,0
2009-10-19,0.4,4.0,15.899999999999999
2010-03-25,0.2,8.0,19.15
2011-12-10,0.0,2.0,19.6
2008-12-17,0.2,5.0,17.6
2009-05-25,0.0,7.0,13.25
2016-04-29,10.9,0,0
2009-08-29,4.4,5.0,12.25
2015-04-17,0.0,6.0,17.1
2009-05-23,44.0,6.0,13.8
2013-05-29,0.0,3.0,14.8
2017-06-24,1.2,0,0
2015-07-30,3.0,8.0,15.0
2015-08-08,0.6,0,0
2010-12-24,3.4,1.0,22.1
2009-07-25,12.4,6.0,11.65
2013-08-27,10.8,8.0,13.850000000000001
2015-06-08,0.0,7.0,15.75
2014-05-04,0.0,8.0,16.65
2010-01-12,0.0,1.0,18.65
2009-01-27,0.8,8.0,19.75
2012-06-09,0.0,6.0,15.1
2017-04-09,0.0,0,0
2016-05-26,4.2,0,0
2011-08-14,9.4,5.0,13.25
2009-07-24,1.2,6.0,11.75
2009-01-15,0.0,1.0,21.9
2009-05-12,0.0,6.0,17.15
2009-12-21,0.0,6.0,18.65
2010-02-04,0.0,1.0,18.1
2009-08-27,1.2,5.0,13.5
2009-03-08,0.0,5.0,19.75
2011-08-02,4.0,7.0,17.1
2011-08-08,0.2,7.0,13.6
2014-07-04,0.0,6.0,12.65
2011-03-13,0.0,2.0,19.1
2013-08-20,1.4,5.0,13.05
2015-10-30,0.0,0,0
2009-05-31,0.0,7.0,16.45
2012-10-17,0.0,2.0,17.5
2016-12-28,0,0,0
2015-06-20,0.2,5.0,18.3
2012-11-28,0.0,6.0,20.4
2009-07-17,10.2,7.0,14.0
2011-02-19,0.0,6.0,20.35
2015-05-12,0.6,6.0,17.5
2010-11-25,0.0,6.0,19.95
2014-09-29,2.1,4.0,17.05
2010-01-11,0.2,6.0,18.6
2009-12-28,0.0,1.0,22.2
2010-10-25,0.0,1.0,18.7
2014-02-08,0.1,6.0,18.15
2015-03-26,0.0,2.0,19.05
2014-03-10,0.0,0.0,19.450000000000003
2010-09-24,0.0,7.0,16.4
2011-09-21,3.2,7.0,14.700000000000001
2012-02-14,0.0,5.0,21.6
2012-06-07,4.4,8.0,13.1
2015-01-04,0.0,1.0,20.75
2011-10-14,0.8,5.0,18.0
2013-08-28,5.6,6.0,13.3
2015-07-28,0.0,7.0,14.1
2011-05-22,0.0,7.0,16.5
2015-09-26,0.0,0,0
2011-08-27,0.0,6.0,14.95
2012-03-26,0.2,1.0,20.8
2010-12-06,1.0,8.0,17.5
2009-02-07,2.4,5.0,17.5
2012-05-25,0.0,4.0,14.25
2016-09-15,0.0,0,0
2013-04-11,0.0,8.0,20.6
2010-06-19,0.0,5.0,16.4
2010-10-02,0.0,4.0,16.700000000000003
2016-03-23,2.4,0,0
2010-08-16,0.0,6.0,14.4
2015-03-14,2.4,8.0,20.75
2014-12-05,0.0,8.0,16.95
2013-06-14,0.0,1.0,14.35
2011-05-05,0.0,8.0,16.8
2010-02-09,0.0,5.0,22.8
2009-06-05,29.4,5.0,16.0
2011-06-05,0.4,5.0,14.05
2010-10-09,0.0,5.0,20.0
2012-02-08,0.0,2.0,20.75
2011-01-16,0.0,1.0,20.35
2014-08-11,0.0,0.0,15.65
2012-05-14,7.8,5.0,15.9
2014-08-02,0.6,4.0,13.4
2012-08-12,4.2,8.0,15.85
2009-03-06,0.0,7.0,18.6
2010-06-12,0.0,1.0,14.75
2016-05-23,1.2,0,0
2015-04-26,0.5,1.0,15.6
2011-09-14,3.6,2.0,14.45
2012-06-28,8.6,7.0,13.2
2013-12-21,2.2,4.0,18.15
2015-10-29,0.0,0,0
2013-01-29,0.0,1.0,20.450000000000003
2011-08-09,12.4,7.0,13.65
2010-06-05,19.2,8.0,14.5
2011-08-03,16.0,4.0,11.9
2015-05-26,1.6,7.0,15.0
2015-07-07,0.2,8.0,14.05
2009-04-11,0.0,8.0,19.3
2009-08-21,1.0,6.0,12.75
2016-11-10,0.0,0,0
2015-07-26,4.6,2.0,13.05
2016-06-27,0.0,0,0
2016-10-20,5.6,0,0
2016-05-13,0.0,0,0
2010-05-24,4.6,6.0,15.25
2017-02-12,3.4,0,0
2013-10-20,20.8,4.0,13.75
2013-07-08,0.0,3.0,12.75
2014-05-02,0.0,6.0,16.05
2014-11-05,0.0,6.0,19.25
2012-01-19,0.0,2.0,22.95
2012-11-21,0.0,0.0,20.1
2011-10-27,0.4,6.0,15.95
2010-03-16,0.0,2.0,18.4
2015-05-16,0.0,7.0,19.45
2013-03-31,0.0,1.0,19.75
2010-06-16,10.2,8.0,12.55
2016-07-02,0.0,0,0
2015-01-01,0.0,0,0
2009-07-12,4.6,7.0,13.0
2010-02-17,0.0,8.0,21.049999999999997
2017-03-18,1.6,0,0
2013-12-02,0.0,6.0,18.0
2010-05-04,0.0,5.0,15.55
2009-12-17,0.0,2.0,17.5
2010-06-14,2.8,7.0,15.350000000000001
2016-06-22,0.8,0,0
2014-09-16,0.0,1.0,15.0
2012-06-18,0.0,1.0,15.950000000000001
2012-08-15,4.0,3.0,12.65
2012-02-01,0.0,6.0,23.4
2016-11-08,0.0,0,0
2009-09-23,0.4,1.0,16.1
2009-11-26,5.6,7.0,13.75
2010-12-27,0.0,1.0,21.2
2017-02-18,0.0,0,0
2012-11-17,0.0,6.0,21.15
2016-03-30,0.0,0,0
2015-11-23,0.0,0,0
2013-01-26,0.0,2.0,21.05
2009-07-20,2.2,7.0,9.85
2009-05-30,0.0,5.0,15.9
2013-10-18,0.0,6.0,18.15
2014-08-01,0.0,1.0,12.5
2010-08-23,0.2,7.0,12.9
2010-12-01,0.0,8.0,17.4
2016-02-02,0.0,0,0
2015-07-01,0.0,6.0,15.149999999999999
2014-11-08,0.0,1.0,18.0
2011-10-09,7.4,5.0,14.75
2013-04-24,0.4,1.0,19.4
2016-11-29,0.0,0,0
2017-01-11,0.0,0,0
2011-05-23,0.8,6.0,15.9
2011-12-28,0.0,2.0,22.700000000000003
2013-01-07,17.6,7.0,24.65
2010-11-30,0.0,1.0,28.549999999999997
2013-12-30,0.0,1.0,20.25
2010-05-17,0.6,6.0,16.25
2015-12-26,0.0,0,0
2011-10-07,0.0,6.0,17.049999999999997
2010-06-24,19.2,5.0,11.9
2016-02-25,0.0,0,0
2010-02-03,0.4,7.0,18.3
2009-03-23,0.0,5.0,17.45
2016-06-14,14.8,0,0
2009-02-01,0.0,1.0,23.2
2010-11-23,0.6,4.0,18.0
2010-04-08,0.0,1.0,18.4
2009-08-16,26.2,6.0,13.5
2015-06-05,0.0,4.0,19.0
2011-05-18,1.2,8.0,16.1
2009-11-27,1.8,7.0,15.0
2010-04-10,1.8,6.0,17.200000000000003
2013-05-16,0.0,7.0,17.05
2008-12-09,0.0,6.0,17.4
2014-10-11,0.0,5.0,17.0
2015-10-24,0.6,0,0
2013-03-26,21.2,3.0,15.450000000000001
2012-01-21,0.0,4.0,25.25
2014-10-18,4.6,8.0,14.4
2012-05-15,0.2,8.0,15.100000000000001
2013-06-05,3.6,6.0,15.2
2016-03-14,0.2,0,0
2010-02-19,0.0,8.0,21.049999999999997
2009-11-13,1.6,7.0,23.0
2014-06-17,0.0,8.0,17.0
2016-12-30,0.0,0,0
2011-08-31,0.0,6.0,16.1
2013-09-08,20.4,7.0,15.55
2011-02-08,0.8,8.0,19.35
2016-01-30,0.0,0,0
2010-08-17,0.2,7.0,12.1
2010-06-17,8.2,4.0,15.149999999999999
2012-10-27,0.0,0.0,19.8
2017-04-01,1.2,0,0
2009-08-07,0.0,3.0,14.0
2013-08-18,1.8,6.0,13.5
2015-08-19,0.2,0,0
2014-08-21,1.4,8.0,15.05
2015-04-07,0.0,8.0,18.5
2010-03-29,0.0,1.0,18.0
2013-09-01,0.0,3.0,19.25
2015-01-28,0.0,4.0,25.35
2011-01-02,0.0,4.0,20.049999999999997
2017-02-23,0.0,0,0
2013-12-26,0.0,6.0,20.9
2014-01-10,0.0,1.0,22.1
2013-07-13,3.4,7.0,14.2
2012-01-20,0.0,4.0,23.75
2012-03-16,0.0,1.0,18.6
2015-01-05,0.0,1.0,22.0
2017-03-09,0.4,0,0
2013-09-20,0.2,3.0,15.65
2015-08-17,0.2,0,0
2014-02-04,0.0,0.0,22.8
2011-03-07,0.8,5.0,20.0
2011-10-19,4.0,1.0,14.7
2012-04-10,0.0,4.0,28.299999999999997
2009-06-25,0.8,5.0,13.25
2011-06-26,0.0,4.0,15.65
2009-11-05,0.0,5.0,23.1
2013-10-05,1.0,1.0,17.3
2009-05-24,0.2,4.0,14.55
2013-01-16,0.0,8.0,28.85
2017-03-29,0,0,0
2016-09-02,0.0,0,0
2017-06-17,0.4,0,0
2016-10-05,3.0,0,0
2013-04-21,1.2,4.0,17.7
2016-06-25,11.2,0,0
2010-09-08,14.6,6.0,12.7
2010-12-31,0.0,5.0,19.5
2015-08-13,0.6,0,0
2013-04-14,0.0,1.0,19.35
2014-11-14,0.5,7.0,14.850000000000001
2012-04-25,0.0,6.0,19.95
2016-05-03,1.0,0,0
2009-10-11,10.0,4.0,13.0
2009-04-05,0.0,7.0,17.5
2015-07-29,0.0,6.0,14.95
2009-05-15,0.0,1.0,14.75
2010-04-28,0.0,0.0,15.25
2009-08-11,6.2,7.0,13.2
2013-06-28,0.2,1.0,17.0
2009-11-20,4.0,8.0,14.9
2009-03-19,0.8,2.0,16.9
2017-02-14,2.8,0,0
2011-01-03,0.0,6.0,21.6
2016-10-30,1.0,0,0
2011-07-18,0.0,3.0,11.5
2015-12-10,0.0,0,0
2014-11-12,0.0,7.0,16.6
2016-10-12,0.0,0,0
2015-04-10,24.4,7.0,20.35
2011-06-07,2.8,5.0,15.8
2016-11-27,1.0,0,0
2013-08-31,0.2,6.0,18.65
2010-07-24,0.0,4.0,12.700000000000001
2010-06-04,6.8,7.0,15.25
2017-06-15,1.2,0,0
2016-11-13,0.0,0,0
2016-04-01,2.0,0,0
2016-08-10,19.2,0,0
2010-01-29,0.0,1.0,21.1
2010-11-10,13.8,8.0,16.4
2017-02-04,1.2,0,0
2012-04-01,0.0,2.0,23.1
2014-03-30,8.0,5.0,16.4
2011-11-01,0.0,3.0,18.3
2017-02-20,0.0,0,0
2011-07-21,7.4,1.0,10.8
2009-04-28,0.4,4.0,17.4
2016-07-10,15.2,0,0
2011-03-31,0.0,2.0,21.05
2013-01-08,0.0,6.0,23.7
2015-10-16,1.8,0,0
2011-09-28,4.4,6.0,13.9
2013-11-21,0.0,7.0,19.0
2009-02-08,0.0,3.0,18.9
2015-02-08,0.0,0.0,22.25
2009-12-26,0.0,1.0,20.6
2014-03-13,0.0,7.0,19.0
2017-01-18,0,0,0
2017-01-21,0.0,0,0
2016-04-08,0.0,0,0
2017-05-02,0.0,0,0
2017-01-27,0.0,0,0
2017-04-18,6.2,0,0
2011-08-28,1.4,6.0,14.55
2015-05-27,0.0,7.0,14.0
2011-06-28,3.0,6.0,14.25
2008-12-15,0.0,8.0,19.0
2015-06-04,2.6,1.0,19.75
2014-03-20,1.2,8.0,17.0
2011-05-17,5.7,8.0,17.45
2015-05-04,8.4,6.0,12.2
2016-04-17,1.0,0,0
2014-03-03,0.0,7.0,20.15
2009-09-28,3.4,7.0,12.649999999999999
2010-01-25,12.6,7.0,18.9
2012-06-23,0.6,3.0,14.15
2014-11-16,0.0,2.0,17.95
2011-06-23,0.0,7.0,17.7
2012-07-11,8.2,6.0,13.35
2010-03-20,0.0,4.0,20.25
2014-09-17,0.0,6.0,17.45
2017-02-05,0.0,0,0
2015-11-24,1.2,0,0
2011-06-16,6.8,7.0,13.85
2014-10-28,0.0,3.0,18.25
2015-08-02,3.4,0,0
2010-08-02,0.0,0.0,16.25
2011-07-20,0.0,8.0,12.0
2009-10-14,0.0,5.0,15.25
2012-07-07,14.2,0,0
2014-12-08,0.6,8.0,18.55
2016-11-22,0.0,0,0
2009-08-25,3.0,6.0,14.7
2010-06-10,0.0,6.0,12.0
2011-12-21,0.0,2.0,21.3
2012-02-10,0.0,1.0,21.7
2013-12-27,0.0,6.0,20.05
2012-07-21,0.0,0.0,14.8
2011-12-07,16.0,8.0,17.5
2016-12-31,1.4,0,0
2016-05-16,0.0,0,0
2011-07-05,0.8,5.0,11.5
2011-03-11,0.4,6.0,20.700000000000003
2015-06-16,2.2,4.0,15.5
2015-01-30,0.0,2.0,22.2
2013-01-09,0.0,4.0,21.15
2016-11-09,0.0,0,0
2009-05-18,0.0,4.0,15.3
2015-05-17,0.8,7.0,14.65
2014-08-28,0.0,8.0,17.9
2010-10-31,0.0,0.0,17.5
2016-10-19,0.0,0,0
2012-09-06,23.0,7.0,12.899999999999999
2009-09-10,0.0,8.0,14.0
2017-05-17,0.2,0,0
2011-08-24,9.8,6.0,12.2
2014-04-13,0.0,8.0,19.65
2012-01-06,4.2,4.0,21.25
2009-02-14,2.8,8.0,19.95
2017-03-08,0.0,0,0
2016-01-31,7.0,0,0
2009-08-23,9.2,6.0,11.8
2014-09-15,0.0,4.0,15.2
2009-07-27,0.6,5.0,13.1
2011-10-22,0.0,8.0,19.8
2015-11-19,4.6,0,0
2010-12-13,0.0,7.0,19.15
2014-02-12,0.0,8.0,19.25
2012-02-25,0.0,8.0,18.65
2015-05-07,0.0,5.0,14.75
2013-05-18,6.7,6.0,15.0
2009-02-24,0.0,8.0,21.25
2017-06-10,0.0,0,0
2015-06-07,1.4,7.0,14.950000000000001
2016-04-28,2.2,0,0
2009-01-05,0.0,1.0,21.0
2013-05-25,0.0,1.0,15.3
2014-10-16,0.0,1.0,19.95
2009-09-16,0.4,5.0,14.0
2014-03-27,0.0,2.0,20.0
2010-05-25,0.0,2.0,16.4
2011-08-10,8.8,5.0,13.4
2013-01-04,3.0,0.0,19.75
2013-09-30,19.4,3.0,12.4
2016-10-23,0.0,0,0
2013-11-10,0.0,1.0,20.299999999999997
2008-12-14,0.0,0.0,20.15
2010-07-26,0.6,6.0,15.45
2013-04-16,1.0,6.0,20.0
2012-05-02,0.0,6.0,17.25
2014-02-16,0.0,1.0,21.05
2011-05-01,6.6,7.0,16.0
2013-08-04,0.0,1.0,18.2
2015-08-10,4.8,0,0
2009-09-30,13.4,6.0,12.4
2011-05-13,0.0,6.0,17.8
2013-11-19,0.0,8.0,15.2
2015-06-19,3.6,2.0,16.95
2009-11-03,0.0,1.0,14.6
2010-01-31,0.2,0.0,18.0
2012-10-30,3.2,2.0,14.850000000000001
2013-10-09,1.4,7.0,14.7
2015-02-28,0.2,3.0,18.200000000000003
2013-03-06,0.0,7.0,20.049999999999997
2013-06-30,0.0,7.0,16.5
2012-03-04,0.0,0.0,22.75
2010-10-26,0.0,0.0,18.4
2012-06-11,10.8,6.0,13.9
2013-08-06,6.6,8.0,14.4
2013-09-07,0.0,8.0,15.8
2011-03-04,0.0,2.0,25.6
2010-09-07,0.0,6.0,14.25
2009-12-23,0.0,7.0,18.9
2013-11-15,0.0,1.0,19.6
2015-12-18,0.0,0,0
2014-10-14,0.0,1.0,18.5
2009-04-26,1.4,8.0,16.4
2010-08-09,0.8,8.0,12.5
2010-08-24,3.2,6.0,11.65
2015-10-25,1.6,0,0
2013-03-10,0.0,8.0,20.9
2013-07-09,0.0,8.0,13.95
2013-05-20,0.0,4.0,16.0
2009-06-18,2.4,5.0,15.4
2011-03-12,1.2,3.0,18.450000000000003
2013-05-30,12.0,7.0,13.05
2011-06-14,7.4,4.0,13.0
2015-01-08,0.0,8.0,17.05
2009-07-01,14.4,5.0,13.85
2010-05-26,0.0,3.0,16.7
2011-10-31,0.0,1.0,18.65
2010-02-25,0.0,1.0,22.25
2017-06-05,0.0,0,0
2016-11-07,0.8,0,0
2013-07-18,1.4,7.0,12.850000000000001
2012-03-05,0.0,0.0,24.8
2016-03-28,1.8,0,0
2016-08-02,0.0,0,0
2009-08-03,0.0,6.0,14.9
2009-06-13,4.2,7.0,14.4
2014-02-28,0.0,0.0,23.3
2013-05-22,0.4,5.0,17.05
2015-07-13,0.0,7.0,12.55
2012-10-16,0.2,1.0,16.5
2013-08-25,1.6,8.0,15.4
2013-07-25,0.2,8.0,14.35
2014-03-08,0.0,8.0,19.65
2011-02-20,0.2,8.0,19.0
2014-02-22,0.0,2.0,21.95
2011-03-23,0.0,5.0,21.85
2009-05-27,0.0,5.0,12.899999999999999
2008-12-13,0.2,6.0,19.5
2016-10-13,0.0,0,0
2016-04-18,0.4,0,0
2015-06-09,1.6,1.0,17.2
2010-12-26,0.4,6.0,18.4
2016-09-23,14.0,0,0
2015-09-10,0.0,0,0
2010-11-07,0.2,6.0,17.15
2010-03-21,0.0,7.0,19.85
2012-03-23,0.0,3.0,18.950000000000003
2016-06-16,5.6,0,0
2009-04-27,0.0,8.0,16.65
2013-08-01,10.6,4.0,15.5
2014-07-22,1.0,6.0,11.65
2015-02-10,0.0,3.0,22.5
2012-09-30,0.0,0.0,17.9
2010-10-20,0.0,5.0,21.85
2016-02-26,0.0,0,0
2012-04-21,3.6,5.0,17.200000000000003
2011-11-25,0.0,7.0,21.0
2016-02-12,0.0,0,0
2012-07-05,0.0,7.0,15.25
2017-02-11,20.6,0,0
2015-08-07,1.0,0,0
2013-11-23,6.8,2.0,20.75
2013-05-12,2.2,7.0,15.25
2011-01-22,0.0,3.0,22.700000000000003
2012-06-25,0.0,7.0,12.5
2013-10-04,0.0,3.0,17.4
2011-05-04,0.0,5.0,19.3
2012-01-30,0.0,7.0,19.65
2010-05-21,0.0,2.0,21.0
2014-11-03,2.8,1.0,17.05
2012-04-18,0.0,8.0,18.200000000000003
2014-05-30,0.0,2.0,15.2
2011-07-14,0.0,1.0,14.8
2016-10-03,3.0,0,0
2010-11-21,0.0,8.0,23.25
2014-08-17,0.0,8.0,17.7
2015-06-30,0.0,6.0,14.1
2009-11-17,0.0,7.0,19.0
2015-09-12,6.2,0,0
2016-11-12,2.2,0,0
2016-08-15,0.0,0,0
2017-04-24,14.2,0,0
2015-09-20,0.2,0,0
2011-08-16,37.6,6.0,12.1
2009-01-22,1.2,1.0,20.65
2011-09-01,0.0,2.0,17.05
2009-08-30,2.6,6.0,14.0
2012-11-29,10.6,6.0,12.5
2009-10-18,0.0,8.0,19.5
2014-10-29,0.4,8.0,17.75
2012-04-03,0.0,3.0,23.4
2016-09-13,0.8,0,0
2014-09-04,0.0,7.0,14.05
2016-08-23,2.4,0,0
2008-12-10,14.4,6.0,16.85
2012-01-05,0.2,7.0,21.1
2015-10-27,1.2,0,0
2010-03-03,0.0,7.0,20.0
2015-07-09,1.0,7.0,12.15
2014-04-07,0.0,7.0,18.75
2016-04-10,0.0,0,0
2012-08-03,9.8,3.0,13.55
2015-03-18,3.8,6.0,18.950000000000003
2010-02-21,0.0,4.0,20.5
2016-11-21,0.0,0,0
2011-11-30,0.0,5.0,16.549999999999997
2013-07-12,0.6,8.0,15.7
2009-06-28,9.6,4.0,14.45
2012-11-22,0.0,4.0,21.799999999999997
2016-09-22,0.4,0,0
2015-07-12,5.0,6.0,13.25
2013-10-23,0.0,7.0,14.7
2009-03-13,0.4,1.0,17.4
2015-04-11,2.6,8.0,18.15
2012-03-01,0.0,5.0,19.85
2016-12-02,0.0,0,0
2013-06-18,10.6,6.0,13.55
2010-10-01,0.0,1.0,18.6
2017-04-06,0.0,0,0
2015-01-27,0.0,0.0,23.0
2012-05-05,4.4,7.0,19.4
2014-03-14,1.6,4.0,18.049999999999997
2011-11-20,0.0,7.0,18.5
2014-11-07,7.2,4.0,15.6
2011-09-07,0.6,6.0,13.75
2008-12-27,0.0,2.0,21.25
2009-05-09,0.0,1.0,18.5
2010-08-04,0.0,1.0,16.25
2009-06-06,10.4,6.0,15.149999999999999
2009-11-18,8.8,5.0,17.1
2012-06-21,13.4,7.0,12.85
2014-09-11,0.0,6.0,15.4
2016-02-20,0.0,0,0
2012-09-15,0.0,1.0,17.0
2014-11-19,1.4,7.0,17.95
2012-07-10,0.0,4.0,11.35
2016-08-13,0.0,0,0
2010-09-15,0.0,6.0,13.2
2011-11-14,0.0,4.0,18.3
2011-12-16,0.8,7.0,18.1
2016-07-04,3.2,0,0
2009-10-21,0.0,2.0,16.4
2011-01-30,14.0,8.0,20.65
2010-01-20,3.6,8.0,18.0
2011-06-25,18.6,2.0,14.1
2012-09-09,0.0,7.0,16.35
2009-09-11,13.4,6.0,12.8
2009-06-04,31.2,7.0,14.149999999999999
2017-01-20,0.0,0,0
2016-05-14,1.8,0,0
2010-08-13,7.2,7.0,14.4
2013-08-09,3.2,4.0,14.7
2009-11-12,0.0,8.0,21.5
2012-11-03,0.0,6.0,19.85
2016-01-03,0.6,0,0
2009-06-22,2.6,7.0,12.85
2014-02-27,0.0,0.0,21.35
2013-04-27,4.4,8.0,15.899999999999999
2015-06-29,0.0,1.0,12.5
2015-12-11,0.0,0,0
2016-01-09,0.0,0,0
2010-11-22,1.0,8.0,17.9
2014-11-10,0.0,6.0,27.1
2012-08-18,0.0,1.0,14.85
2010-01-22,0.0,3.0,18.95
2014-09-03,0.4,7.0,14.600000000000001
2012-02-09,0.0,6.0,20.5
