2013-09-03,0.0,0.0,23.5
2012-09-17,0.0,5.0,20.65
2016-07-20,19.8,8.0,17.85
2014-05-26,0.0,7.0,23.450000000000003
2015-05-24,0.0,7.0,14.899999999999999
2012-10-29,0.0,7.0,24.65
2013-04-30,0.0,1.0,25.65
2016-12-27,0.0,2.0,32.9
2011-12-01,5.6,0.0,19.95
2013-03-25,0.0,1.0,25.950000000000003
2014-05-07,0.0,1.0,14.25
2014-04-17,0.0,0.0,21.299999999999997
2010-07-06,0.0,7.0,7.85
2012-03-29,0.2,1.0,24.1
2015-06-24,8.6,7.0,12.55
2013-09-23,0.0,7.0,28.2
2009-09-07,0.0,4.0,17.700000000000003
2012-02-21,0.4,6.0,24.8
2009-06-16,0.6,2.0,13.25
2009-06-12,0.0,7.0,9.5
2017-04-29,0.0,0,16.6
2010-03-20,0.0,1.0,29.400000000000002
2014-10-30,0.0,3.0,28.65
2015-03-15,0.0,1.0,26.15
2016-02-24,0.0,0.0,34.2
2010-04-07,10.2,7.0,24.35
2015-05-10,0.0,2.0,17.55
2009-10-03,0.0,6.0,14.95
2016-10-21,0.0,7.0,25.15
2013-04-05,0.0,5.0,22.4
2012-02-18,3.0,6.0,29.55
2010-06-20,0.0,7.0,14.55
2014-12-21,0.0,1.0,31.700000000000003
2012-11-30,0,6.0,38.650000000000006
2011-02-07,0.0,7.0,20.700000000000003
2011-07-17,2.6,8.0,12.2
2013-09-22,0.0,0,23.25
2012-07-01,0.0,3.0,10.5
2011-05-25,6.6,7.0,8.05
2016-07-03,0.0,0,12.95
2009-05-15,0.0,1.0,17.75
2014-12-02,0.2,7.0,33.2
2010-08-28,0.0,8.0,12.100000000000001
2012-02-15,0.0,7.0,26.35
2017-02-15,0.0,0,28.2
2012-11-16,1.0,8.0,17.45
2012-09-14,0.0,1.0,15.2
2013-05-26,0.0,1.0,13.05
2012-03-17,0.0,3.0,21.049999999999997
2010-02-07,8.4,7.0,27.1
2014-03-13,0.0,5.0,26.9
2015-08-26,0.4,7.0,13.25
2012-08-01,0.0,0.0,10.0
2016-09-08,0.0,5.0,19.85
2012-11-27,3.4,8.0,25.549999999999997
2016-08-21,0.0,2.0,13.95
2011-02-15,0.0,6.0,24.9
2015-01-30,0.0,1.0,25.9
2010-02-18,0.0,1.0,26.200000000000003
2015-03-27,0.0,1.0,17.3
2009-05-05,0.0,2.0,19.5
2016-02-21,0.0,4.0,30.799999999999997
2010-06-26,8.6,2.0,11.75
2013-04-08,0.0,7.0,25.6
2010-06-12,0.0,3.0,11.55
2013-06-07,1.2,7.0,15.5
2013-10-20,0.0,1.0,29.0
2009-03-08,0.0,0.0,27.200000000000003
2013-09-14,0.0,0,19.450000000000003
2014-05-20,0.0,7.0,20.6
2010-09-19,0.0,7.0,12.7
2016-12-23,0.0,0,32.05
2014-01-03,0.0,0,36.4
2010-01-04,0.0,2.0,28.2
2015-03-08,0.0,1.0,26.65
2016-08-23,7.6,7.0,9.15
2012-03-28,0.0,5.0,24.95
2010-10-12,0.0,7.0,22.1
2009-01-25,0.0,1.0,30.7
2011-05-11,0.0,4.0,12.2
2015-07-29,0.0,6.0,11.6
2011-12-22,0.0,7.0,23.0
2009-02-10,0.0,4.0,22.25
2014-01-31,0.0,1.0,31.8
2014-01-01,0.0,7.0,32.45
2013-06-21,0.0,1.0,13.6
2009-02-23,0.0,4.0,29.95
2016-01-11,0.0,7.0,35.7
2010-09-13,0.0,8.0,17.6
2015-01-29,0.6,5.0,24.5
2017-01-29,0.0,0,36.4
2009-02-16,0.0,7.0,18.15
2013-11-27,0.0,2.0,28.65
2009-06-11,0.0,1.0,8.6
2016-01-20,0.0,7.0,34.1
2016-02-29,0.0,2.0,31.2
2015-02-10,0.0,1.0,33.15
2015-10-15,0.0,1.0,28.049999999999997
2016-10-27,0.0,2.0,23.65
2012-08-20,0.0,6.0,14.0
2009-02-06,0.0,2.0,38.5
2014-01-12,0.0,0,34.05
2011-03-03,0.0,8.0,21.75
2012-10-27,0.0,1.0,18.7
2009-02-03,0.6,2.0,34.3
2010-06-01,0.2,7.0,14.35
2009-10-23,0.0,3.0,30.6
2009-07-15,5.8,7.0,8.85
2011-11-03,0.0,1.0,23.05
2013-11-09,1.0,0.0,18.3
2012-10-03,0.0,0.0,24.5
2016-08-12,0.0,0,14.100000000000001
2011-05-04,4.8,1.0,15.75
2012-09-26,0.0,0.0,23.15
2009-02-14,26.0,7.0,17.05
2017-04-09,0.0,0,24.15
2016-07-08,0.0,8.0,11.0
2010-08-22,0.0,8.0,11.95
2012-02-22,0.0,7.0,24.450000000000003
2016-07-05,1.2,8.0,8.399999999999999
2012-02-24,0.0,1.0,29.25
2009-08-18,0.0,0.0,15.899999999999999
2011-03-27,0.0,4.0,22.1
2017-02-04,0.0,0,35.35
2012-05-19,0.0,7.0,16.95
2011-08-29,0.0,7.0,19.8
2013-04-21,0.0,8.0,18.9
2014-02-26,0.0,7.0,30.25
2012-11-06,1.2,8.0,27.1
2015-02-06,0.0,2.0,27.950000000000003
2017-05-21,0.2,1.0,17.6
2014-03-20,0.0,5.0,26.6
2014-06-15,1.2,4.0,11.850000000000001
2014-09-14,0.0,0.0,21.85
2013-08-25,0.0,0.0,17.25
2017-01-28,0.0,0,34.85
2016-01-10,0.0,1.0,33.55
2016-01-09,0.0,0,33.35
2013-10-31,0.0,1.0,24.35
2014-07-14,0.0,7.0,10.1
2014-03-02,4.6,7.0,21.85
2011-10-24,0.0,6.0,30.5
2016-04-03,0.0,5.0,25.35
2014-05-13,0.0,3.0,19.0
2017-03-22,0.2,0,29.25
2014-06-25,0.0,1.0,13.200000000000001
2009-10-17,0.0,5.0,17.35
2011-07-21,0.0,1.0,11.899999999999999
2015-11-20,0.0,1.0,38.0
2009-04-18,0.0,0.0,20.5
2015-03-28,0.0,5.0,20.6
2017-02-16,0.0,7.0,32.55
2009-05-30,0.0,4.0,14.299999999999999
2011-12-04,0.0,6.0,26.1
2009-11-06,0.0,2.0,26.0
2009-06-01,10.0,8.0,11.65
2015-06-20,0.0,2.0,9.8
2012-01-29,7.0,8.0,20.85
2010-08-26,0.0,7.0,11.649999999999999
2013-08-28,0.0,1.0,23.8
2010-09-11,0.2,3.0,16.049999999999997
2009-07-08,0.0,3.0,12.9
2016-11-12,0.0,1.0,29.4
2010-09-05,1.2,7.0,13.149999999999999
2014-12-29,0.0,4.0,31.049999999999997
2010-01-14,0.0,1.0,27.65
2011-05-01,0.0,7.0,21.85
2016-12-30,0.0,7.0,31.0
2011-11-11,0.0,1.0,26.25
2015-04-17,0.6,0,26.35
2010-02-25,0.0,4.0,27.5
2016-07-10,0.2,0,12.95
2009-03-26,0.0,4.0,30.75
2012-02-28,6.4,7.0,27.8
2012-06-08,0.0,1.0,11.05
2011-06-02,0.0,1.0,16.85
2014-07-11,0.0,1.0,12.100000000000001
2012-05-01,0.0,4.0,21.7
2016-02-08,0.0,0.0,30.05
2012-09-10,0.0,0.0,19.049999999999997
2012-08-09,0.6,1.0,11.899999999999999
2009-09-21,0.6,8.0,17.85
2016-10-26,0.0,8.0,23.75
2009-05-07,0.0,1.0,18.700000000000003
2012-02-03,0.8,7.0,20.45
2016-06-20,29.1,8.0,12.1
2009-06-02,12.0,8.0,13.1
2009-11-18,0.0,1.0,33.6
2012-09-15,0.0,0.0,16.15
2014-08-27,0.6,3.0,16.799999999999997
2009-03-30,0.0,1.0,24.9
2011-11-26,0.8,3.0,22.15
2014-05-18,0.0,7.0,20.200000000000003
2015-09-27,0.0,3.0,20.299999999999997
2012-07-22,0.0,0.0,12.950000000000001
2016-02-27,0.0,1.0,29.0
2012-08-30,0.0,7.0,13.549999999999999
2016-03-16,22.4,7.0,20.55
2010-04-02,0.0,1.0,23.45
2016-12-18,0.0,0,23.0
2014-08-22,0.0,5.0,16.9
2013-11-01,0.0,6.0,27.05
2010-03-18,0.0,1.0,27.3
2013-12-18,0.0,2.0,33.3
2011-09-22,0.0,0.0,23.6
2009-06-08,0.0,8.0,12.75
2016-01-08,0.0,0,30.35
2016-10-20,0.0,0,20.05
2014-08-05,0.0,6.0,14.95
2015-12-12,0.0,1.0,24.45
2017-05-28,0.0,0,16.65
2014-10-10,0.0,2.0,25.5
2016-05-27,0.2,1.0,12.9
2010-02-02,0.0,5.0,27.450000000000003
2014-04-07,0.0,6.0,23.65
2011-11-15,0.0,1.0,31.75
2010-04-17,0.0,3.0,23.0
2016-05-14,0.0,0,20.25
2011-11-25,1.2,7.0,22.549999999999997
2013-01-14,0.0,6.0,24.8
2016-09-10,22.4,0,13.85
2009-05-11,0.0,4.0,19.1
2014-02-20,0.0,1.0,19.7
2011-01-27,0.0,0.0,30.8
2012-03-23,0.0,1.0,17.85
2013-09-30,0.0,7.0,27.200000000000003
2010-07-08,0.0,3.0,12.950000000000001
2017-03-02,0.0,2.0,29.95
2013-10-06,0.0,0,27.9
2013-07-05,0.0,0,12.899999999999999
2015-09-16,0.0,1.0,19.35
2014-07-25,0.2,3.0,0
2015-12-02,0.0,1.0,21.1
2010-01-01,1.6,8.0,22.55
2013-05-15,0.0,7.0,15.9
2013-03-31,0.4,7.0,17.85
2014-11-06,0.0,8.0,24.75
2011-10-05,0.0,8.0,15.799999999999999
2010-04-04,0.0,6.0,24.6
2014-02-01,0.0,3.0,33.0
2014-04-01,0.0,6.0,26.05
2016-03-26,0.0,0,24.7
2013-03-28,0.0,7.0,24.05
2014-02-25,0.0,6.0,29.049999999999997
2011-12-25,0.0,1.0,31.200000000000003
2010-11-29,1.8,7.0,17.75
2010-04-13,0.0,0.0,16.95
2014-12-09,0.0,4.0,32.95
2010-11-14,49.4,8.0,22.15
2014-10-26,0.0,6.0,32.95
2016-10-23,0.0,0,14.75
2012-07-26,0.0,2.0,13.2
2009-03-21,0.0,3.0,27.700000000000003
2011-09-25,0.0,0,16.65
2013-05-14,3.0,4.0,12.75
2017-03-13,0.0,7.0,23.35
2015-08-25,1.0,7.0,10.899999999999999
2010-06-16,0.0,7.0,15.0
2016-06-29,0.0,0,11.25
2013-05-19,0.0,1.0,14.25
2014-07-17,0.0,5.0,12.55
2015-02-19,0.0,7.0,28.25
2010-11-13,1.4,7.0,28.55
2015-09-30,0.0,6.0,26.0
2011-05-29,0.0,7.0,9.350000000000001
2015-05-06,0.0,0.0,14.8
2013-06-03,0.0,1.0,11.6
2015-07-17,2.8,7.0,6.6499999999999995
2011-02-04,0.0,1.0,32.95
2016-04-28,0.0,1.0,24.75
2009-10-24,0.0,7.0,25.15
2010-03-30,8.4,7.0,21.45
2016-12-19,0.0,0,27.5
2013-04-12,0.0,0,24.6
2009-12-09,0.0,1.0,23.7
2012-10-16,0.0,7.0,28.15
2016-11-04,0.0,0,26.85
2017-06-14,0.0,0,16.549999999999997
2011-09-12,1.2,0.0,14.649999999999999
2012-06-26,0.0,2.0,11.6
2015-01-11,39.0,8.0,22.65
2011-08-19,4.2,2.0,13.15
2016-03-01,0.0,1.0,31.099999999999998
2014-01-20,0.0,0.0,33.05
2015-09-21,0.0,4.0,22.85
2009-09-05,8.0,0.0,15.6
2010-08-25,0.0,6.0,11.2
2014-04-08,0.0,6.0,23.85
2016-04-09,0.0,2.0,24.05
2015-08-22,0.0,7.0,22.5
2016-03-24,0.0,1.0,26.35
2013-12-02,0.0,1.0,29.25
2011-03-18,0.0,8.0,22.25
2015-11-14,3.4,1.0,22.45
2013-12-22,0.0,6.0,37.1
2010-04-21,0.0,6.0,24.5
2013-05-09,2.8,2.0,20.1
2014-02-02,0.0,3.0,34.25
2009-03-18,0.0,0.0,23.95
2011-02-02,10.6,8.0,24.55
2015-10-12,1.2,2.0,28.4
2015-11-28,0.0,0,24.700000000000003
2016-01-23,2.2,3.0,28.35
2010-12-07,0.0,7.0,24.95
2009-02-01,0.0,3.0,34.5
2011-09-30,1.8,2.0,16.2
2013-01-25,0.0,1.0,32.599999999999994
2009-11-28,0.0,1.0,25.85
2013-10-29,0.0,2.0,20.299999999999997
2009-07-01,0.0,0.0,14.649999999999999
2015-07-27,0.0,1.0,8.6
2013-08-24,0.0,1.0,16.15
2014-09-22,0.0,5.0,20.25
2013-11-21,0.0,7.0,32.6
2009-06-10,0.0,4.0,0
2015-07-14,0.4,7.0,9.75
2009-05-25,0.0,5.0,18.1
2015-10-16,0.0,1.0,30.299999999999997
2010-08-29,0.0,1.0,12.8
2011-10-29,7.8,4.0,24.25
2012-04-25,0.0,3.0,12.55
2013-06-28,4.0,8.0,13.149999999999999
2011-06-05,0.0,7.0,11.399999999999999
2011-06-24,0.0,1.0,13.200000000000001
2012-03-14,0.0,7.0,26.75
2012-09-02,0.0,0.0,16.1
2014-03-23,0.0,0,25.950000000000003
2013-06-18,0.2,7.0,8.7
2012-07-29,0.0,6.0,11.1
2010-04-10,0.6,5.0,23.8
2014-08-24,0.0,2.0,18.2
2010-06-11,0.0,8.0,8.95
2011-11-20,0.6,7.0,22.0
2009-12-15,0.0,1.0,32.05
2015-07-30,0.0,7.0,12.3
2011-09-08,0.0,8.0,12.05
2012-06-07,0.0,5.0,12.0
2014-03-21,0.0,3.0,26.4
2014-11-28,0.0,1.0,27.9
2010-03-14,0.0,5.0,22.15
2010-05-12,0.0,0.0,12.25
2012-07-07,0.0,1.0,13.100000000000001
2012-04-12,0.0,1.0,19.9
2011-01-14,0.0,8.0,28.950000000000003
2009-04-09,0.0,7.0,23.4
2013-09-21,0.0,0,19.2
2010-10-24,4.8,4.0,19.1
2012-10-23,0.0,5.0,20.1
2010-10-03,9.6,7.0,17.45
2015-05-19,5.4,5.0,18.75
2009-12-21,0.0,3.0,31.35
2016-03-30,0.0,1.0,20.0
2015-06-28,0.2,8.0,6.949999999999999
2015-05-20,7.6,8.0,18.05
2016-11-05,0.0,0,19.549999999999997
2016-04-08,0.0,1.0,22.75
2016-05-23,0.0,0,17.25
2009-04-22,0.0,1.0,20.799999999999997
2015-01-15,0.0,1.0,23.25
2015-06-13,0.0,6.0,15.55
2009-02-20,0.0,4.0,29.5
2014-02-05,0.0,7.0,26.65
2015-12-08,0.0,7.0,26.5
2017-04-04,0.0,0,22.1
2013-11-22,0.0,7.0,24.65
2013-06-17,0.0,1.0,9.45
2011-11-19,0.0,5.0,33.4
2016-08-07,0.0,2.0,14.7
2009-02-18,1.6,6.0,23.55
2016-02-28,0.0,2.0,29.700000000000003
2010-08-05,0.0,6.0,10.7
2012-06-02,9.2,8.0,13.0
2014-02-14,1.4,7.0,30.8
2012-04-09,0.0,2.0,18.5
2009-08-27,0.0,4.0,19.0
2016-08-28,0.0,2.0,13.9
2012-08-26,0.0,7.0,14.1
2014-03-05,10.0,4.0,25.75
2013-05-17,0.2,3.0,14.3
2014-06-12,0.0,1.0,16.9
2009-08-10,0.0,7.0,15.4
2012-07-24,0.0,2.0,12.850000000000001
2012-11-14,0.0,1.0,26.0
2012-07-04,0.0,3.0,9.6
2014-08-31,0.0,1.0,19.2
2009-09-24,0.0,1.0,17.950000000000003
2010-10-16,19.0,7.0,10.55
2011-10-01,2.6,7.0,10.25
2017-01-21,8.0,0,24.35
2013-04-11,0.0,2.0,24.85
2012-06-05,0.2,8.0,9.1
2014-06-04,0.0,7.0,14.55
2012-06-09,0.0,1.0,10.55
2011-12-14,0.0,3.0,23.8
2010-08-27,4.8,7.0,11.05
2016-10-05,0.2,0,15.95
2010-10-02,0.6,8.0,13.35
2012-06-06,0.4,2.0,12.05
2014-01-29,0.0,0.0,32.2
2011-12-13,0.0,0.0,22.65
2009-01-04,0.0,6.0,31.799999999999997
2017-05-02,0.0,3.0,18.4
2016-03-31,0.0,1.0,18.6
2011-10-20,0.0,1.0,25.5
2010-11-30,0.0,7.0,20.5
2016-12-09,9.4,0,18.35
2015-01-17,0.0,1.0,29.25
2012-10-17,0.0,1.0,22.200000000000003
2017-06-05,0.0,0,10.65
2014-09-02,1.4,5.0,12.95
2014-03-29,1.8,8.0,23.3
2012-03-27,0.0,7.0,23.15
2010-04-11,0.0,7.0,21.15
2012-03-26,0.0,7.0,20.45
2013-01-18,0.0,7.0,40.3
2016-01-26,0.0,7.0,30.95
2017-05-26,0.0,0,15.850000000000001
2011-03-12,2.6,7.0,27.75
2014-01-25,0.8,0.0,25.55
2015-06-06,0.0,0,13.55
2014-10-17,0.0,0.0,20.6
2015-03-21,0.0,1.0,23.15
2017-03-09,0.0,0,24.049999999999997
2014-04-30,3.4,1.0,16.6
2016-03-04,0.0,1.0,30.9
2011-03-06,0.0,1.0,24.95
2012-02-14,0.0,5.0,27.65
2013-07-13,0.0,6.0,17.55
2017-04-18,0.0,0,25.65
2014-08-13,0.0,1.0,13.65
2011-02-22,0.0,5.0,22.5
2014-06-03,0.0,7.0,13.05
2009-04-02,0.0,6.0,25.65
2016-04-29,0.0,8.0,24.549999999999997
2009-09-09,0.0,1.0,15.100000000000001
2010-03-25,0.0,1.0,27.3
2010-11-05,0.0,3.0,20.35
2011-09-09,5.4,7.0,12.3
2010-12-27,7.2,1.0,21.2
2014-02-11,0.0,2.0,35.35
2011-03-24,0.0,6.0,19.2
2011-07-09,0.0,7.0,8.399999999999999
2016-11-13,0.0,0,20.700000000000003
2012-05-18,0.0,0.0,18.2
2011-03-20,1.8,3.0,25.8
2017-03-04,0.0,1.0,27.9
2011-07-27,0.0,1.0,12.399999999999999
2009-01-09,0.0,1.0,26.75
2011-06-29,0.0,3.0,16.1
2010-09-10,3.0,1.0,16.9
2015-04-13,0.0,6.0,24.1
2010-11-06,0.0,2.0,21.25
2015-07-21,0.0,7.0,12.7
2012-02-27,0.2,7.0,25.299999999999997
2017-01-05,0.0,3.0,30.0
2009-06-22,2.0,1.0,16.65
2011-07-02,0.0,1.0,14.649999999999999
2013-06-15,1.2,1.0,9.8
2015-08-11,0.0,1.0,15.3
2017-02-14,0.0,0,25.3
2012-03-24,0.0,1.0,17.200000000000003
2014-08-17,27.4,7.0,10.55
2009-07-16,7.0,7.0,10.4
2010-07-16,0.0,2.0,10.75
2013-03-16,0.0,1.0,25.45
2014-11-04,0.0,2.0,26.200000000000003
2012-04-18,0.0,4.0,21.95
2009-04-28,1.0,3.0,16.65
2010-09-12,0.0,7.0,17.2
2012-08-06,0.0,1.0,12.55
2011-05-13,1.0,7.0,14.05
2016-04-25,0.0,0.0,21.549999999999997
2016-06-17,8.0,6.0,15.55
2009-10-01,0.0,0.0,29.4
2010-02-21,0.0,2.0,29.450000000000003
2013-05-03,0.0,5.0,19.95
2013-10-08,0.0,0.0,21.5
2010-09-26,0.0,3.0,23.5
2009-05-08,0.0,0.0,16.8
2012-02-25,0.0,6.0,27.549999999999997
2013-11-28,0.0,6.0,33.45
2014-12-17,0.0,3.0,26.95
2011-01-20,0.0,1.0,30.049999999999997
2014-11-25,0.0,5.0,22.65
2012-05-10,0.0,1.0,23.9
2010-01-23,0.0,1.0,36.099999999999994
2012-06-23,0.0,3.0,10.5
2009-04-19,0.0,0.0,21.799999999999997
2016-11-02,0.0,0,20.9
2012-05-12,0.0,3.0,15.85
2009-08-14,0.0,1.0,17.8
2009-12-22,0.0,4.0,32.2
2011-02-06,0.0,7.0,22.8
2009-03-27,0.2,1.0,26.65
2017-06-06,0.0,1.0,11.399999999999999
2009-12-07,0.0,2.0,32.650000000000006
2009-03-20,0.0,1.0,28.25
2014-03-27,4.2,7.0,21.549999999999997
2016-11-17,0.0,0,28.25
2011-02-12,0.0,7.0,31.85
2010-01-26,0.0,1.0,35.95
2012-02-23,0.0,3.0,27.25
2014-05-21,0.0,1.0,21.45
2014-03-11,0.0,2.0,27.3
2011-02-09,0.0,5.0,28.4
2015-01-02,0.0,3.0,34.1
2015-05-09,0.0,1.0,15.2
2016-06-30,0.4,0,10.4
2016-11-25,0.4,0,22.75
2016-12-07,5.4,0,25.1
2010-01-07,0.0,5.0,30.25
2010-01-11,0.0,1.0,37.2
2015-02-01,0.0,2.0,25.95
2014-04-19,0.0,1.0,18.55
2015-07-24,0.2,8.0,13.399999999999999
2010-06-09,0.0,4.0,10.6
2012-07-18,0.0,1.0,12.6
2011-03-08,0.0,7.0,24.85
2015-11-30,0.0,0,31.3
2015-03-09,0.0,5.0,28.049999999999997
2011-06-10,0.0,1.0,10.35
2011-11-04,0.0,1.0,24.75
2015-08-30,0.0,2.0,12.15
2009-03-02,0.0,6.0,26.200000000000003
2016-12-24,0.0,2.0,30.9
2009-06-29,0.0,0,14.4
2009-08-08,0.0,1.0,11.95
2013-04-01,0.0,4.0,20.65
2012-08-29,0.0,4.0,19.65
2017-02-12,0.0,0,33.6
2015-11-23,0.0,0.0,24.6
2010-04-20,0.0,6.0,24.6
2015-12-13,0.0,5.0,28.15
2015-12-03,0.0,2.0,24.5
2014-12-03,3.6,7.0,27.45
2012-02-19,0.8,7.0,29.8
2011-08-12,2.8,1.0,15.0
2016-10-15,0.0,0,21.55
2016-08-25,2.6,4.0,11.25
2014-04-21,0.0,7.0,20.05
2013-03-10,0.0,7.0,27.700000000000003
2013-01-26,0.0,6.0,33.55
2009-02-24,2.0,4.0,29.25
2009-02-17,32.6,7.0,18.6
2012-09-22,0.0,1.0,22.1
2010-01-02,3.0,6.0,27.65
2014-07-09,0.0,7.0,13.4
2015-08-12,0.0,7.0,10.0
2009-08-07,0.0,1.0,16.1
2014-07-21,0.0,4.0,14.05
2010-10-28,0.0,1.0,22.8
2010-12-30,0.0,2.0,32.2
2011-03-30,0.0,7.0,23.9
2013-08-15,0.0,0.0,12.350000000000001
2009-08-22,0.4,8.0,16.35
2014-09-18,0.0,1.0,15.6
2012-08-13,0.0,0,14.8
2013-12-13,0.0,1.0,28.65
2010-03-05,12.8,7.0,24.15
2011-11-28,0.0,7.0,28.8
2010-04-15,0.0,0.0,19.9
2016-03-07,0.0,1.0,32.05
2014-12-13,0.0,1.0,24.4
2012-04-20,0.0,2.0,24.8
2016-08-04,0.0,0,11.25
2010-05-03,0.0,4.0,22.75
2009-08-19,0.0,3.0,16.5
2017-03-24,0.0,3.0,29.0
2012-07-10,10.8,7.0,12.600000000000001
2017-01-10,0.2,8.0,35.3
2015-09-20,0.0,3.0,20.55
2016-01-19,0.0,3.0,32.15
2011-02-11,0.0,2.0,32.25
2012-04-17,0.0,0.0,22.9
2010-08-31,0.0,1.0,16.95
2013-07-18,0.0,7.0,18.0
2012-11-04,0.0,1.0,27.450000000000003
2014-08-03,0.0,0.0,10.9
2016-04-23,0.0,1.0,19.7
2016-02-25,0.0,1.0,35.05
2014-08-23,0.0,4.0,17.15
2015-11-27,0.0,0,22.0
2010-08-09,0.0,6.0,14.75
2016-11-09,9.0,0,21.450000000000003
2016-10-30,0.0,8.0,21.75
2010-07-27,0.0,8.0,13.25
2017-03-14,0.6,1.0,23.1
2010-07-24,0.0,7.0,12.5
2016-06-22,8.4,6.0,13.05
2017-05-24,4.2,0,16.4
2015-10-05,0.0,1.0,31.15
2016-12-25,1.8,2.0,30.2
2012-07-13,2.4,2.0,15.55
2015-05-07,0.0,1.0,14.850000000000001
2016-07-26,0.0,8.0,11.65
2014-09-19,0.0,7.0,14.6
2014-08-10,0.0,3.0,16.85
2013-06-12,28.0,6.0,14.75
2012-03-16,0.0,8.0,22.95
2014-08-12,0.0,6.0,10.35
2017-04-06,2.6,1.0,19.45
2010-11-15,0.6,7.0,22.45
2011-08-22,0.0,1.0,16.1
2014-01-10,3.8,2.0,27.15
2012-06-03,16.6,7.0,12.3
2014-11-20,0.0,7.0,32.65
2013-04-02,0.0,1.0,19.55
2011-11-14,0.0,2.0,32.05
2017-03-11,0.0,0,28.0
2013-12-06,0.0,0.0,18.15
2015-02-04,0.0,1.0,28.799999999999997
2014-01-23,0.0,7.0,28.75
2009-09-06,0.0,2.0,17.45
2013-01-23,0.0,6.0,33.25
2016-08-16,0.0,6.0,17.0
2010-04-29,0.0,1.0,19.45
2009-04-14,0.4,6.0,20.15
2013-10-12,0.0,0.0,24.5
2009-07-05,0.0,6.0,12.3
2013-01-28,0.0,1.0,29.9
2011-05-19,0.0,0.0,19.85
2014-09-10,1.4,1.0,17.1
2014-03-26,0.0,8.0,19.6
2015-06-26,0.2,1.0,12.0
2014-10-15,0.0,1.0,14.9
2016-03-14,0,8.0,25.85
2012-06-22,0.2,5.0,11.149999999999999
2011-01-15,2.6,0,25.75
2015-11-25,0.0,0.0,32.2
2017-03-31,0.0,0,17.35
2014-11-10,0.0,0.0,27.4
2011-08-11,0,8.0,11.5
2010-10-05,0.0,1.0,23.1
2012-08-18,0.0,3.0,10.85
2009-11-15,0.0,1.0,35.05
2015-06-23,0.0,5.0,15.9
2012-01-01,0.0,1.0,30.05
2012-01-15,0.0,1.0,26.9
2017-02-08,0.0,0,32.8
2009-02-07,0.0,0.0,36.05
2010-04-03,0.0,7.0,24.049999999999997
2015-12-28,0.0,0.0,24.6
2009-06-21,0.0,6.0,16.25
2014-03-30,0.0,1.0,24.85
2012-09-23,0.0,1.0,25.549999999999997
2011-07-08,0.0,1.0,8.55
2016-06-24,2.6,5.0,11.0
2009-06-03,13.6,5.0,14.65
2012-08-07,0.0,1.0,13.75
2009-05-13,0.0,4.0,17.65
2017-05-10,0.0,0,18.25
2015-12-24,0.0,0.0,26.65
2014-09-16,0.0,2.0,17.35
2010-04-05,0.0,3.0,24.049999999999997
2009-06-25,0.0,6.0,12.45
2017-02-23,0.0,1.0,32.75
2010-10-04,0.0,2.0,19.55
2016-01-30,0.0,3.0,25.45
2016-01-02,0.0,7.0,29.450000000000003
2017-01-02,0.0,0,26.65
2013-01-11,0.0,0.0,34.8
2016-12-04,0.0,8.0,35.55
2012-09-05,0.0,1.0,23.950000000000003
2009-07-06,0.0,4.0,9.75
2010-05-25,9.2,8.0,15.850000000000001
2016-09-09,0.0,8.0,16.6
2011-08-15,0.0,7.0,17.3
2016-08-11,0.0,8.0,12.3
2013-05-24,0.8,1.0,13.95
2012-01-17,0.0,1.0,28.35
2010-04-28,0.0,1.0,19.6
2012-08-22,0.0,7.0,22.25
2017-04-13,0.0,2.0,23.2
2016-04-06,0.0,1.0,31.950000000000003
2013-01-07,0.0,0.0,34.5
2011-10-23,0.0,1.0,28.75
2014-09-21,0.0,1.0,20.35
2012-10-14,0.0,0.0,20.95
2009-09-17,0.0,8.0,25.299999999999997
2015-10-27,0.0,1.0,24.8
2017-06-24,0.0,7.0,14.35
2015-06-19,1.8,8.0,10.350000000000001
2016-03-21,0.0,4.0,21.4
2010-06-30,0.0,2.0,11.55
2010-08-20,0.0,3.0,11.55
2014-10-16,0.0,0.0,18.5
2010-01-21,0.0,1.0,33.85
2011-03-19,0.4,8.0,20.35
2011-03-17,0.0,7.0,25.2
2017-04-21,0.0,8.0,23.4
2014-02-07,0.0,2.0,32.3
2014-02-10,0.0,6.0,37.0
2010-10-30,1.2,8.0,20.75
2017-03-06,0.0,7.0,30.55
2013-08-08,0.2,1.0,10.7
2011-02-20,2.2,7.0,27.7
2011-09-26,0.0,1.0,19.55
2016-06-18,10.0,8.0,15.149999999999999
2010-12-20,0.0,1.0,17.15
2015-04-02,0.0,7.0,25.0
2011-02-25,0.0,3.0,29.85
2013-08-01,0.0,6.0,13.6
2014-11-21,0.0,0,30.9
2015-01-31,0.0,1.0,24.200000000000003
2017-01-09,0.0,2.0,36.0
2016-09-12,0.0,0,16.9
2009-10-25,0.0,8.0,23.25
2014-04-16,0.0,6.0,21.200000000000003
2016-03-09,0.0,6.0,30.95
2015-03-11,0.0,5.0,28.9
2009-11-08,0.0,4.0,26.75
2015-06-08,0.0,3.0,16.95
2011-11-21,2.6,8.0,17.4
2015-04-18,0.0,8.0,20.0
2011-03-07,0.0,1.0,25.3
2011-06-03,0.0,2.0,17.200000000000003
2011-07-03,0.0,7.0,15.149999999999999
2009-04-13,0.0,7.0,20.5
2012-07-19,0.0,1.0,9.65
2009-10-06,0.0,4.0,18.1
2015-09-06,0.0,7.0,15.75
2009-03-14,1.2,3.0,0
2017-04-19,0.0,0,25.15
2016-10-22,2.8,0,13.5
2013-10-27,0.0,4.0,22.85
2012-11-09,0.2,7.0,22.700000000000003
2014-01-24,0.0,8.0,26.55
2015-10-08,0.0,1.0,24.85
2015-11-16,0.0,5.0,22.8
2015-05-28,3.6,7.0,18.0
2017-02-11,0.0,0,40.75
2009-01-07,0.0,8.0,32.5
2009-03-24,0.0,1.0,30.35
2009-06-04,0.2,4.0,14.85
2010-05-23,0.0,4.0,16.3
2013-07-11,0.0,7.0,14.5
2017-06-02,0.0,0,11.75
2015-12-26,0.0,7.0,25.75
2016-01-21,8.0,4.0,31.0
2009-05-03,0.0,1.0,18.35
2016-06-16,0.0,1.0,15.649999999999999
2016-06-06,0.0,8.0,13.100000000000001
2010-06-07,0.0,7.0,10.1
2016-02-03,1.0,1.0,28.1
2013-10-15,0.0,1.0,19.1
2010-06-19,0.0,4.0,13.450000000000001
2015-08-10,0.0,1.0,16.0
2016-06-03,1.2,8.0,13.25
2010-05-01,0.0,1.0,19.8
2014-03-07,0.0,2.0,26.3
2010-07-20,0.0,1.0,8.5
2012-01-08,0.0,7.0,33.3
2015-12-06,0.0,1.0,33.5
2016-06-09,2.4,0,16.4
2015-04-05,1.4,2.0,22.9
2010-12-01,0.0,7.0,19.4
2013-01-05,0.0,0,37.3
2017-03-29,0.0,1.0,30.1
2010-11-12,0.0,5.0,30.3
2010-11-22,36.0,7.0,24.55
2014-01-27,0.0,1.0,28.45
2011-03-14,0.0,4.0,28.8
2015-04-26,1.0,1.0,13.8
2011-11-10,1.4,1.0,20.9
2013-04-14,0.0,1.0,27.6
2009-05-16,0.0,6.0,17.7
2010-08-17,0.0,1.0,11.4
2015-02-16,0.0,5.0,32.8
2014-05-11,0.6,1.0,16.25
2011-09-15,0.0,1.0,23.65
2010-04-12,0.0,5.0,15.5
2010-01-31,0.0,7.0,29.75
2012-05-06,0.0,7.0,13.850000000000001
2014-03-31,0.0,1.0,25.95
2009-07-22,0.0,8.0,15.65
2013-03-07,0.0,5.0,27.4
2014-05-17,0.0,7.0,20.25
2010-10-07,0.6,7.0,14.5
2011-09-29,19.4,5.0,13.55
2017-04-25,4.0,8.0,18.9
2013-11-16,0.0,7.0,23.85
2015-09-15,0.0,1.0,21.35
2015-06-18,6.8,7.0,12.5
2009-08-02,0.0,0.0,14.75
2009-10-04,0.0,5.0,16.55
2016-03-17,35.0,7.0,25.6
2012-01-14,0.0,0,25.549999999999997
2013-10-24,0.0,0.0,17.05
2013-06-13,2.8,7.0,12.7
2010-12-14,0.0,1.0,27.35
2015-10-10,2.6,7.0,27.0
2013-03-17,0.0,0.0,19.4
2016-05-19,0.0,0,17.65
2009-10-20,0.0,0.0,27.55
2009-04-27,0.0,1.0,15.7
2011-05-26,0.0,2.0,10.1
2015-01-14,2.4,7.0,21.15
2015-10-29,0.0,4.0,25.75
2015-02-02,0.0,3.0,25.25
2010-04-23,0.0,3.0,26.7
2013-11-06,0.0,5.0,26.549999999999997
2009-09-08,0.0,3.0,14.7
2015-07-03,0.0,1.0,8.85
2017-04-07,0.0,3.0,22.85
2009-12-12,0.0,1.0,25.4
2010-10-23,0.0,7.0,24.799999999999997
2013-07-21,0.0,6.0,9.8
2013-10-28,0.0,1.0,27.8
2017-03-25,0.0,1.0,29.65
2010-10-25,0.0,7.0,19.9
2014-01-22,0.0,6.0,28.55
2016-07-01,0.0,8.0,10.05
2009-10-29,0.2,5.0,26.0
2013-07-19,18.4,3.0,17.0
2009-09-10,0.0,0,16.0
2015-05-14,0.0,0.0,11.75
2016-05-03,0.2,0,18.45
2009-07-29,0.0,7.0,13.1
2017-05-09,0.0,0,16.75
2009-09-18,7.0,1.0,18.549999999999997
2014-06-28,0.0,3.0,12.899999999999999
2015-06-03,0.0,2.0,8.4
2016-10-17,8.0,1.0,13.899999999999999
2013-11-18,0.0,1.0,24.5
2012-04-03,0.0,5.0,31.15
2016-05-31,0.0,0,11.45
2012-08-12,0.0,1.0,12.9
2012-01-03,0.0,5.0,34.4
2009-05-29,0.0,4.0,11.55
2012-04-02,0.2,1.0,27.1
2010-01-15,0.0,6.0,31.85
2012-11-05,0.0,7.0,32.05
2009-10-16,0.0,2.0,15.25
2011-10-02,1.4,4.0,14.35
2015-01-08,0.2,4.0,33.3
2009-07-12,0.2,8.0,14.75
2016-02-01,0.0,1.0,27.9
2016-02-02,0.0,7.0,27.7
2011-03-05,0.0,1.0,24.85
2010-04-25,8.4,3.0,17.3
2015-08-01,0.0,3.0,17.85
2015-06-30,0.0,5.0,12.5
2012-03-20,0.0,6.0,24.700000000000003
2015-11-11,0.0,7.0,28.8
2016-06-13,0.2,0,13.299999999999999
2012-09-12,0.0,0.0,24.2
2015-11-06,0.2,7.0,23.9
2015-12-04,0.0,1.0,27.85
2016-08-31,23.6,1.0,17.2
2012-11-11,0.0,1.0,22.95
2009-08-06,0.0,2.0,16.6
2016-11-03,0.0,0,24.2
2011-11-18,0.0,3.0,28.0
2009-07-19,0.0,0.0,13.799999999999999
2011-11-16,0.0,8.0,24.450000000000003
2013-07-12,2.0,5.0,17.35
2014-02-24,0.0,4.0,27.6
2009-06-06,0.0,7.0,11.7
2013-07-23,0.0,7.0,9.25
2010-10-11,0.0,7.0,20.85
2012-01-10,0.0,3.0,25.0
2010-08-02,0.0,6.0,8.7
2014-02-04,0.0,6.0,33.0
2013-09-02,0.0,0.0,24.1
2010-11-02,0.2,1.0,17.15
2017-03-17,0.0,3.0,29.1
2015-03-10,0.0,1.0,29.799999999999997
2014-06-20,0.0,2.0,16.25
2011-10-08,0.0,6.0,19.4
2009-01-23,18.0,4.0,29.049999999999997
2011-12-27,1.0,1.0,25.700000000000003
2010-10-06,0.0,6.0,23.9
2015-07-12,6.2,6.0,7.8
2015-11-10,0.0,4.0,29.2
2011-03-16,0.0,7.0,27.15
2009-03-12,0.0,5.0,27.549999999999997
2015-05-02,0.0,7.0,21.0
2012-04-07,0.0,6.0,19.85
2016-04-24,0.0,1.0,21.65
2009-10-02,0.0,2.0,27.8
2009-12-14,0.0,1.0,30.8
2010-11-24,0.2,5.0,25.85
2012-10-07,0.0,0.0,15.55
2012-03-10,0.0,0,24.4
2016-06-01,0.0,8.0,13.3
2013-01-16,0.0,5.0,33.7
2010-05-20,0.0,7.0,15.899999999999999
2011-07-05,0.0,3.0,11.9
2012-09-06,0.0,0.0,20.85
2010-03-10,0.0,1.0,18.75
2012-10-01,0.0,0.0,17.25
2010-05-13,0.0,0.0,13.35
2015-08-23,8.2,8.0,13.9
2009-06-18,0.0,2.0,13.7
2015-09-29,0.0,3.0,23.85
2010-05-26,4.8,7.0,14.55
2015-10-09,0.0,1.0,27.049999999999997
2013-03-03,6.2,7.0,21.35
2009-12-26,7.2,7.0,22.95
2014-12-15,0.0,4.0,33.150000000000006
2011-02-03,7.8,6.0,32.05
2014-10-20,0.0,7.0,29.7
2013-04-16,0.0,1.0,20.0
2010-06-05,0.0,1.0,13.25
2013-07-01,0.0,6.0,10.4
2015-05-23,0.0,3.0,14.65
2011-01-06,0.0,1.0,28.45
2015-10-18,0.0,6.0,28.2
2012-06-04,0.2,1.0,10.1
2010-01-27,0.0,3.0,37.1
2015-01-20,0.0,8.0,28.15
2011-07-11,0.0,1.0,10.95
2013-03-14,0.0,4.0,26.8
2015-04-27,0.0,0.0,14.25
2011-10-28,0.0,6.0,27.2
2009-10-08,0.0,0.0,14.5
2014-10-25,0.0,2.0,34.7
2013-04-25,0.0,0,19.05
2009-02-04,1.6,4.0,33.5
2016-05-20,0.0,0,17.0
2016-09-13,0.0,6.0,16.1
2012-08-27,0.0,1.0,14.4
2013-03-08,0.0,5.0,27.7
2010-12-02,5.2,4.0,25.05
2015-05-08,0.0,1.0,14.55
2009-09-01,0.0,2.0,17.799999999999997
2013-12-11,0.0,7.0,24.25
2013-03-11,0.0,2.0,28.75
2015-10-13,0.0,1.0,22.15
2017-06-15,0.0,3.0,16.049999999999997
2015-12-10,0.0,2.0,32.6
2011-02-18,0.0,7.0,30.35
2013-07-30,3.4,5.0,14.95
2013-12-21,0.0,5.0,36.75
2011-09-13,0.0,1.0,18.5
2016-12-15,2.6,8.0,22.55
2014-05-15,0.0,1.0,19.8
2010-01-29,0.0,3.0,31.75
2009-07-11,0.0,3.0,14.399999999999999
2016-02-06,0.0,7.0,26.5
2015-09-12,0.0,1.0,23.299999999999997
2016-05-25,0.0,0,15.200000000000001
2011-08-30,0.0,0.0,16.0
2016-02-07,0.6,3.0,28.75
2012-10-22,0.2,1.0,19.35
2010-09-27,0.0,3.0,23.35
2011-06-06,0.6,5.0,12.5
2015-07-22,0.2,8.0,12.600000000000001
2009-08-17,0.0,1.0,15.2
2014-11-29,0.0,2.0,30.1
2014-07-27,0.0,1.0,0
2017-01-07,5.0,7.0,30.9
2017-05-03,0.0,0,14.55
2016-12-26,0.2,2.0,32.15
2011-12-10,11.2,7.0,24.55
2009-07-28,0.0,6.0,12.600000000000001
2014-03-25,0.0,2.0,20.85
2009-01-29,0.0,1.0,34.15
2015-04-28,0.0,1.0,15.0
2013-12-27,0.0,0,30.65
2010-01-13,0.0,4.0,32.35
2013-12-15,0.0,1.0,28.85
2010-02-04,36.0,7.0,24.55
2012-05-24,0.4,7.0,14.15
2009-04-12,5.4,5.0,20.7
2014-09-05,0.0,3.0,17.15
2016-02-17,0.0,0.0,21.9
2014-01-07,0.0,1.0,22.4
2012-05-31,0.0,7.0,16.45
2017-06-10,2.4,0,14.3
2016-08-01,0.2,8.0,13.95
2017-05-25,0.2,0,15.2
2015-02-15,0.2,2.0,31.950000000000003
2015-01-23,0.0,7.0,31.75
2011-03-09,3.2,8.0,23.75
2016-08-19,0.0,8.0,17.9
2009-06-27,38.8,7.0,11.65
2013-12-17,0.0,2.0,30.450000000000003
2015-02-26,0.0,1.0,28.2
2012-11-26,0.0,8.0,34.5
2014-10-08,0.0,5.0,19.55
2016-01-27,0.0,7.0,28.0
2011-01-08,0.0,7.0,28.8
2016-08-02,1.0,8.0,9.2
2009-04-16,0.0,2.0,23.05
2016-08-05,0.0,1.0,12.9
2009-08-31,0.0,1.0,14.850000000000001
2016-08-14,0.0,0,15.0
2015-01-25,1.8,0,26.9
2012-04-21,0.0,6.0,24.200000000000003
2010-09-25,0.0,7.0,19.5
2015-11-18,0.0,1.0,32.55
2012-09-27,0.0,3.0,29.35
2015-02-18,6.2,7.0,27.15
2012-07-09,0.0,7.0,14.950000000000001
2013-12-03,0.0,0.0,32.2
2010-08-08,0.0,0.0,12.25
2017-05-27,0.2,0,16.95
2013-12-30,0.0,3.0,26.549999999999997
2014-04-23,0.0,1.0,24.6
2014-03-22,0.0,8.0,25.8
2010-07-02,1.0,8.0,7.949999999999999
2013-05-28,0.0,7.0,16.15
2010-07-22,0.0,1.0,9.4
2016-11-08,0.0,1.0,28.950000000000003
2014-09-13,0.0,0.0,19.5
2011-05-28,0.0,6.0,11.05
2011-05-07,0.0,7.0,18.3
2009-01-14,0.0,3.0,34.8
2014-05-06,0.0,7.0,14.7
2014-08-25,0.0,1.0,14.600000000000001
2009-11-12,0.0,2.0,35.3
2013-05-05,0.0,7.0,16.65
2016-02-04,0.0,6.0,24.9
2014-07-29,0.0,1.0,19.1
2015-03-05,0.0,2.0,22.200000000000003
2011-12-07,0.0,7.0,20.1
2012-10-05,0.0,7.0,30.8
2013-09-29,0.0,1.0,22.450000000000003
2017-05-16,0.0,0,15.799999999999999
2014-12-28,0.6,7.0,24.65
2014-11-02,0.0,1.0,17.8
2013-09-12,0.0,7.0,20.200000000000003
2015-01-16,0.0,0.0,24.8
2011-12-26,7.0,5.0,24.35
2014-10-05,0.0,0,26.85
2011-10-22,0.0,7.0,27.2
2015-05-04,0.0,0.0,21.299999999999997
2010-12-15,0.0,6.0,30.049999999999997
2016-04-11,0.0,3.0,21.55
2013-09-01,0.2,0.0,22.7
2012-06-12,0.0,6.0,12.55
2017-03-10,0.0,0,26.2
2012-04-26,0.0,1.0,16.0
2010-10-09,0.0,5.0,19.75
2010-03-15,0.0,5.0,23.75
2017-04-24,0.0,8.0,23.8
2011-01-18,0.0,0.0,25.0
2009-12-25,17.2,8.0,21.75
2013-05-22,7.2,8.0,10.65
2016-07-23,0.0,8.0,11.25
2013-04-13,0.0,0,24.8
2012-08-23,0.0,3.0,20.0
2014-06-21,0.0,7.0,14.75
2009-09-25,0.0,2.0,23.3
2010-11-07,0.0,4.0,25.45
2015-04-08,0.2,1.0,16.45
2017-01-12,0.0,1.0,34.25
2012-10-24,0.0,0,23.299999999999997
2014-11-27,0.0,1.0,26.8
2017-05-06,0.0,2.0,23.15
2009-05-20,17.6,8.0,13.149999999999999
2012-07-17,0.0,1.0,13.5
2012-09-19,0.0,4.0,20.75
2016-05-17,0.0,0,21.3
2011-11-02,0.0,1.0,24.55
2015-04-24,0.0,1.0,20.0
2015-04-09,0.0,0.0,18.65
2014-03-04,0.8,8.0,20.95
2011-03-23,3.0,4.0,20.35
2016-10-24,0.0,0,17.5
2012-05-26,0.0,7.0,12.8
2012-11-08,7.6,7.0,23.65
2016-05-11,0.2,0,14.6
2011-12-11,0.4,7.0,20.950000000000003
2016-11-30,0,0,32.55
2010-05-04,0.0,4.0,23.9
2010-06-08,0.0,1.0,11.05
2014-07-02,0.0,0.0,11.55
2014-11-11,0.0,0.0,26.25
2009-04-15,0.0,1.0,24.7
2010-01-03,0.0,1.0,24.4
2012-05-04,0.0,3.0,14.25
2011-08-01,0.8,0.0,18.4
2017-03-19,0.0,7.0,24.9
2010-06-10,0.0,1.0,10.15
2011-05-18,0.0,7.0,15.5
2009-10-21,0.0,6.0,30.85
2015-02-05,0.0,4.0,28.15
2009-07-14,0.0,6.0,10.899999999999999
2013-03-01,39.2,8.0,17.3
2013-10-26,0.0,1.0,20.4
2009-06-05,0.0,3.0,13.75
2010-09-17,0.0,2.0,12.3
2016-11-16,0.0,0,24.200000000000003
2013-11-14,0.0,0.0,22.45
2012-01-27,0.4,7.0,24.3
2016-10-02,0.0,3.0,19.8
2010-06-24,0.0,3.0,16.05
2012-10-31,0.0,2.0,28.9
2012-09-18,0.0,4.0,21.5
2011-11-22,9.4,8.0,13.600000000000001
2016-02-22,0.0,5.0,33.0
2012-10-04,0.0,1.0,28.25
2014-01-13,0.0,1.0,34.55
2016-12-20,0.0,0,32.4
2010-05-10,0.0,1.0,20.799999999999997
2011-08-23,0.0,0.0,16.7
2014-06-30,0.0,5.0,9.15
2010-02-09,9.6,3.0,27.6
2009-12-30,0.0,7.0,27.8
2016-12-16,7.2,6.0,24.6
2014-08-01,0.0,2.0,12.3
2010-02-12,0.0,7.0,26.25
2012-11-03,0.0,5.0,21.35
2016-01-16,0,0,23.75
2012-05-02,8.8,7.0,17.1
2015-07-01,0.0,1.0,9.95
2012-08-28,0.0,1.0,17.3
2010-08-21,0.0,3.0,13.15
2009-09-30,0.0,0.0,23.65
2013-07-15,8.8,8.0,14.1
2009-04-30,0.0,0,13.3
2010-06-25,0.0,6.0,17.25
2016-03-02,0.0,7.0,32.8
2012-08-02,0.0,1.0,12.95
2011-05-14,0.0,4.0,12.2
2011-02-01,0.0,7.0,34.3
2012-08-15,0.0,1.0,16.55
2017-05-14,0.0,0,18.35
2013-05-31,0.2,7.0,19.55
2015-04-07,0.0,7.0,13.55
2011-01-05,0.0,4.0,26.35
2015-05-18,0.0,5.0,19.8
2014-11-14,0.0,0,37.25
2015-07-15,0.2,7.0,7.75
2014-06-18,0.2,0.0,13.25
2011-09-14,0.0,1.0,22.75
2009-09-04,0,0,18.200000000000003
2009-10-31,0.0,3.0,28.75
2013-04-10,0.0,2.0,24.6
2012-08-19,0.0,1.0,11.95
2014-05-27,0.0,7.0,18.3
2014-11-09,0.0,7.0,31.9
2010-05-27,0.2,5.0,15.75
2017-02-09,0.0,0,34.2
2015-02-03,8.2,2.0,25.299999999999997
2016-08-18,0.0,2.0,18.55
2017-06-03,0.0,0,12.35
2011-03-15,0.0,6.0,29.0
2015-12-25,0.0,3.0,28.849999999999998
2015-02-14,0.0,3.0,30.45
2017-04-12,0.0,2.0,22.45
2017-05-23,14.2,2.0,17.950000000000003
2012-08-31,0.0,1.0,12.4
2013-08-03,0.0,3.0,12.45
2012-03-03,31.8,7.0,24.65
2012-09-16,0.0,7.0,19.15
2011-02-16,4.8,6.0,25.049999999999997
2012-01-24,1.6,8.0,21.85
2012-01-30,26.0,7.0,27.700000000000003
2011-06-12,0.0,7.0,12.1
2017-02-03,0.0,0,29.55
2013-08-22,0.0,3.0,14.9
2016-10-25,0.0,0,22.75
2016-02-16,0.0,0,25.3
2014-11-05,0.0,2.0,26.95
2013-07-14,0.0,7.0,15.85
2016-11-15,0.0,0,19.25
2014-02-18,0.0,1.0,27.9
2015-01-13,1.0,7.0,25.5
2017-02-20,0.0,0,21.049999999999997
2014-08-30,0.0,1.0,18.35
2009-07-07,0.0,1.0,10.1
2011-08-18,9.0,7.0,11.350000000000001
2015-08-20,0.0,0.0,16.85
2009-02-21,0.0,1.0,26.65
2017-05-17,0.0,2.0,17.6
2011-05-06,0.0,7.0,16.25
2016-05-08,6.8,8.0,18.55
2015-09-26,0.0,1.0,18.75
2010-11-01,0.0,7.0,13.8
2017-03-23,0.0,2.0,30.65
2016-01-07,0.0,3.0,26.950000000000003
2010-10-26,0.0,1.0,23.15
2009-04-29,0.0,2.0,13.899999999999999
2010-12-29,0.0,5.0,28.25
2009-07-10,0.0,2.0,13.3
2015-01-24,0.0,6.0,30.65
2016-10-03,6.0,0,15.65
2011-12-31,0.0,1.0,27.05
2013-07-24,0.0,0.0,11.35
2014-02-23,0.0,5.0,26.55
2009-06-07,3.4,7.0,12.0
2012-02-29,27.2,7.0,28.349999999999998
2010-04-06,12.4,8.0,18.1
2013-03-23,0.0,2.0,25.25
2009-05-27,3.6,7.0,14.4
2013-01-17,0.0,5.0,37.05
2009-09-28,0.0,0.0,14.6
2017-03-30,0.0,0,17.65
2015-10-26,0.0,3.0,29.9
2017-06-23,0.0,8.0,14.850000000000001
2013-01-02,0.0,3.0,32.7
2011-01-12,5.8,7.0,29.75
2013-08-30,0.0,0.0,21.25
2013-05-21,0.0,7.0,16.35
2012-09-07,0.0,2.0,15.95
2014-06-02,0.4,6.0,13.0
2010-11-27,0.0,8.0,23.8
2013-06-20,0.0,7.0,11.2
2014-07-20,0.0,7.0,9.95
2011-08-14,0.0,6.0,17.2
2012-04-05,0.0,1.0,28.2
2015-07-09,0.0,1.0,12.6
2017-02-02,0.0,0,29.25
2014-05-24,0.0,2.0,23.2
2013-04-03,0.0,4.0,22.15
2012-01-31,4.6,6.0,23.1
2012-11-01,0.0,5.0,27.7
2012-08-03,0.0,1.0,15.3
2011-07-07,0.0,6.0,12.15
2013-07-20,0.4,3.0,11.85
2014-01-17,0.0,0,36.05
2015-04-25,0.0,8.0,16.35
2013-07-27,0.0,1.0,14.049999999999999
2014-07-07,0.0,1.0,12.45
2015-08-14,0.0,2.0,13.350000000000001
2016-07-16,0.0,0,11.4
2013-07-25,0.2,7.0,11.3
2011-10-14,0.0,7.0,24.5
2013-12-05,8.2,7.0,16.1
2009-03-09,0.0,6.0,26.9
2015-11-08,0.0,2.0,23.35
2009-02-09,0.0,5.0,30.75
2013-11-20,0.0,1.0,31.15
2015-10-21,0.0,7.0,23.35
2011-06-11,0.0,2.0,12.649999999999999
2013-07-17,1.2,5.0,18.450000000000003
2011-12-12,2.4,1.0,25.0
2009-01-26,0.0,1.0,33.7
2016-05-26,16.4,8.0,13.899999999999999
2015-02-21,1.8,3.0,28.75
2013-10-10,0.0,1.0,30.85
2009-06-26,0.2,7.0,10.45
2011-01-30,0.0,0,31.2
2014-09-30,0.0,1.0,28.5
2015-10-22,4.4,1.0,18.6
2010-09-03,2.4,8.0,17.05
2015-03-07,0.0,2.0,24.799999999999997
2016-01-22,0.0,7.0,28.25
2009-03-15,0.0,0.0,20.200000000000003
2015-03-14,0.0,1.0,25.5
2015-06-10,0.0,0.0,12.2
2012-11-22,0.0,1.0,25.65
2014-12-20,0.0,0.0,27.049999999999997
2011-02-23,0.0,4.0,24.4
2010-08-12,3.2,7.0,9.350000000000001
2013-03-21,0.0,7.0,23.75
2009-10-19,0.0,0.0,23.35
2015-09-23,0.0,0.0,12.55
2009-01-10,0.0,5.0,28.349999999999998
2015-07-02,0.0,2.0,9.15
2012-01-18,0.0,7.0,30.8
2012-03-25,0.0,0.0,18.95
2010-10-19,0.0,0.0,17.8
2011-12-08,0.0,4.0,23.55
2015-09-10,0.0,0.0,16.0
2010-08-04,0.0,1.0,9.7
2013-03-18,0.0,2.0,20.7
2016-09-26,0.0,1.0,16.1
2010-05-31,4.0,8.0,13.4
2014-12-30,0.0,0.0,26.05
2015-08-03,0.0,5.0,11.15
2010-03-19,0.0,2.0,27.1
2015-05-26,0.0,5.0,16.65
2015-11-02,7.6,7.0,27.15
2014-12-06,17.2,2.0,26.049999999999997
2011-08-06,0.0,4.0,18.95
2010-03-24,0.0,1.0,24.9
2017-04-22,1.2,8.0,21.2
2014-09-09,0.0,3.0,22.799999999999997
2012-04-23,0.0,7.0,21.450000000000003
2014-09-03,0.0,7.0,12.25
2011-03-21,0.0,6.0,24.700000000000003
2015-03-03,0.0,1.0,31.450000000000003
2014-09-06,0.0,3.0,16.85
2009-11-23,0.2,8.0,16.55
2013-05-18,0.0,7.0,12.8
2011-07-28,0.0,0.0,14.0
2009-11-02,0.0,3.0,32.95
2009-09-14,0.0,0.0,20.200000000000003
2009-07-20,0.0,0.0,14.0
2013-09-28,0.0,0,22.1
2010-03-16,0.0,5.0,26.65
2011-01-19,0.0,1.0,27.4
2012-05-27,0.0,3.0,14.1
2012-05-30,0.0,1.0,16.35
2010-07-04,0.0,6.0,9.350000000000001
2016-10-06,0.0,0,21.25
2009-09-16,0.0,0.0,23.15
2011-05-23,22.6,5.0,14.2
2012-06-10,0.0,3.0,13.05
2009-11-03,0.0,7.0,34.3
2011-12-28,0.0,5.0,26.3
2009-01-21,0.0,7.0,29.299999999999997
2009-11-29,0.0,1.0,22.25
2014-02-17,2.6,1.0,24.55
2013-08-18,0.0,0.0,17.9
2010-05-22,0.0,1.0,15.95
2012-05-09,0.0,0.0,22.15
2012-03-05,16.0,1.0,22.25
2016-01-17,2.8,6.0,25.6
2011-01-17,0.0,1.0,29.95
2017-06-11,0.6,8.0,15.45
2014-09-15,0.0,7.0,23.0
2010-02-23,0.0,1.0,26.35
2009-03-10,0.0,7.0,26.35
2010-05-28,0.0,7.0,15.950000000000001
2016-05-09,43.0,1.0,18.9
2009-12-05,0.0,1.0,27.65
2012-03-04,16.2,7.0,22.5
2009-10-13,0.6,4.0,19.5
2013-11-19,0.0,5.0,26.55
2009-07-31,0.0,5.0,13.850000000000001
2010-07-31,34.6,5.0,14.45
2011-07-15,0.0,6.0,9.1
2010-03-28,0.0,7.0,30.0
2009-08-12,0.0,1.0,16.6
2013-06-24,0.0,3.0,10.95
2010-12-12,0.0,1.0,23.6
2010-06-27,0.0,7.0,7.9
2010-08-15,0.0,7.0,12.95
2016-07-06,2.9,8.0,8.6
2014-03-01,28.8,7.0,20.4
2012-01-02,0.0,1.0,32.4
2013-09-27,0.0,0,21.5
2015-10-06,0.0,0.0,31.349999999999998
2016-09-20,0.0,8.0,15.35
2012-10-19,0.0,1.0,30.35
2017-01-17,0.0,3.0,37.3
2017-06-07,0.0,0,10.8
2016-04-02,0.0,0,25.35
2015-11-13,13.8,5.0,26.5
2010-08-24,0.4,8.0,11.7
2015-11-21,0.0,0,23.35
2011-06-28,0.0,7.0,13.649999999999999
2009-08-26,0.0,0.0,15.05
2016-07-31,0.0,0,14.6
2013-11-12,0.0,2.0,19.299999999999997
2009-05-09,0.0,0.0,17.2
2015-09-08,0.0,7.0,13.850000000000001
2010-01-16,0.2,3.0,33.2
2014-12-22,0.0,7.0,33.0
2010-09-02,2.0,1.0,24.5
2014-04-11,10.0,8.0,18.799999999999997
2015-07-19,0.0,5.0,10.75
2017-03-15,0.2,0,27.15
2016-05-29,0.8,3.0,9.95
2014-04-03,0.0,7.0,27.9
2013-01-29,0.0,1.0,26.049999999999997
2016-08-09,0.0,8.0,15.05
2014-03-06,0.0,6.0,27.799999999999997
2016-11-01,0.2,0,19.950000000000003
2016-06-14,0.0,0,15.149999999999999
2016-01-01,0.0,1.0,31.4
2016-12-13,0.0,1.0,33.05
2014-04-02,0.0,6.0,27.6
2017-06-08,0.0,0,12.75
2009-12-16,0.0,3.0,36.0
2013-05-02,0.0,1.0,17.95
2014-09-24,0.0,7.0,18.3
2014-10-24,0.0,8.0,33.1
2012-03-18,0.0,6.0,22.5
2016-07-07,0.0,4.0,11.5
2015-10-14,0.0,2.0,26.95
2017-01-22,0.0,0,29.799999999999997
2011-05-21,0.0,7.0,20.4
2011-08-02,0.0,7.0,19.65
2014-08-29,0.0,3.0,17.700000000000003
2013-01-27,0.0,1.0,28.400000000000002
2015-03-16,0.0,1.0,25.5
2010-11-18,0.0,2.0,24.15
2013-07-04,0.0,0.0,14.0
2013-03-29,1.0,1.0,17.85
2009-12-03,0.0,1.0,27.6
2011-01-10,2.0,8.0,27.6
2012-04-01,0.0,7.0,26.35
2015-08-16,0.0,1.0,14.0
2010-01-25,0.0,6.0,34.85
2014-10-11,0.0,1.0,27.8
2017-04-28,0.0,0,13.7
2011-09-24,0.0,0,22.15
2014-10-28,0.0,1.0,21.2
2015-04-21,8.8,2.0,14.55
2011-01-03,0.0,2.0,31.950000000000003
2013-09-09,0.0,7.0,26.049999999999997
2009-02-15,7.0,6.0,20.799999999999997
2009-12-10,0.0,8.0,29.4
2013-05-25,0.0,1.0,13.1
2015-08-31,0.0,0.0,12.5
2011-06-18,0.0,2.0,12.3
2015-10-23,0.0,2.0,22.35
2016-01-29,0.0,2.0,24.799999999999997
2014-06-23,0.0,7.0,13.4
2010-12-05,2.2,6.0,24.049999999999997
2014-07-13,0.0,3.0,9.25
2014-10-07,0.4,0.0,21.1
2011-02-24,0.0,0.0,26.65
2016-07-09,0.0,8.0,10.8
2012-07-28,0.0,1.0,11.55
2013-08-26,0.0,6.0,18.45
2011-08-27,0.0,2.0,20.950000000000003
2011-03-22,4.0,5.0,21.95
2017-01-15,0.0,0,28.25
2012-02-16,0.0,6.0,28.549999999999997
2015-03-29,0.0,7.0,24.2
2014-11-07,0.0,0,28.75
2017-05-20,0.4,8.0,16.3
2014-08-11,0.0,1.0,10.3
2014-09-11,0.0,0.0,20.799999999999997
2009-03-07,0.0,0.0,23.25
2012-04-08,0.0,6.0,18.85
2016-04-05,0.0,1.0,29.45
2016-06-21,0.0,8.0,11.55
2015-08-13,0.2,1.0,11.45
2009-01-28,0.0,2.0,33.3
2014-09-08,0.0,5.0,18.549999999999997
2010-07-15,0.0,6.0,11.4
2010-02-08,0.0,7.0,25.2
2012-09-03,0.0,1.0,19.75
2011-11-30,1.0,7.0,23.05
2010-04-30,0.0,1.0,18.4
2012-04-22,0.0,7.0,21.85
2009-05-21,7.8,5.0,17.45
2015-08-05,0.0,6.0,10.65
2017-03-20,2.2,0,23.2
2010-07-23,0.0,1.0,11.8
2009-03-16,0.0,3.0,19.6
2012-09-25,0.0,0.0,18.4
2016-12-12,0.0,2.0,32.349999999999994
2009-02-13,0.6,7.0,20.45
2017-02-18,0.0,0,25.9
2014-05-04,3.8,7.0,11.55
2011-07-10,0.0,7.0,11.8
2010-04-24,0.0,7.0,26.5
2010-01-30,0.0,2.0,31.35
2013-05-30,0.0,7.0,16.95
2012-01-20,0.0,0,32.3
2016-11-24,0,0,19.2
2010-12-17,0.0,7.0,20.450000000000003
2011-09-04,0.0,1.0,22.049999999999997
2011-03-10,3.6,8.0,23.0
2011-08-25,0.0,0.0,20.45
2017-04-26,5.8,2.0,15.5
2016-04-15,0.0,1.0,25.299999999999997
2015-09-07,0.0,3.0,14.899999999999999
2014-04-12,0.2,3.0,20.0
2011-02-14,0.0,7.0,27.0
2012-11-15,0.0,5.0,29.9
2017-05-08,0.0,0,14.3
2014-03-12,0.0,5.0,28.2
2014-07-24,0.0,4.0,16.4
2014-04-10,0.0,7.0,20.9
2016-01-04,0.0,7.0,23.950000000000003
2012-03-09,0.0,0,22.6
2013-07-02,0.0,7.0,13.3
2012-07-02,0.0,3.0,8.3
2015-07-07,0.0,3.0,13.899999999999999
2009-02-28,0.0,2.0,30.799999999999997
2016-12-01,0.0,0,31.650000000000002
2016-07-30,0.0,0,11.7
2010-03-04,2.6,8.0,19.85
2012-01-05,0.0,5.0,32.85
2015-06-29,0.4,1.0,10.95
2016-07-19,0.0,8.0,18.55
2012-02-26,0.4,8.0,23.9
2012-11-18,0.0,0.0,25.0
2014-10-14,0.0,7.0,10.3
2011-11-17,3.4,8.0,21.85
2012-03-01,3.2,8.0,24.35
2016-06-19,4.5,8.0,12.600000000000001
2012-11-19,0.0,0.0,22.95
2009-06-15,0.0,7.0,11.0
2016-03-03,0.0,5.0,33.6
2016-09-18,10.8,8.0,14.5
2009-12-27,6.6,7.0,25.05
2011-07-16,7.2,8.0,9.649999999999999
2009-11-05,0.0,1.0,23.1
2014-04-18,0.0,3.0,22.95
2017-04-20,0.0,0,23.85
2011-10-19,0.0,0.0,24.35
2010-03-12,0.0,3.0,22.15
2009-03-29,0.0,6.0,25.4
2009-12-20,0.0,3.0,29.400000000000002
2011-01-21,0.0,5.0,30.85
2013-10-23,1.4,2.0,21.3
2011-10-12,0.0,1.0,19.85
2016-10-01,0.2,0,17.7
2011-11-07,0.0,7.0,29.25
2015-10-30,0.0,7.0,27.3
2017-02-01,0.0,3.0,35.65
2009-11-10,0.0,2.0,28.5
2014-06-08,0.0,2.0,12.05
2015-01-07,0.0,6.0,31.5
2016-06-08,0.0,8.0,13.95
2016-06-27,3.2,0,7.0
2016-10-08,0.0,3.0,24.6
2015-01-05,1.0,7.0,24.05
2015-04-03,0.8,8.0,21.9
2014-03-14,0.0,4.0,25.0
2009-12-23,0.0,3.0,33.55
2011-03-28,0.0,5.0,23.2
2011-08-04,0.0,0.0,20.95
2011-10-03,0.0,7.0,16.0
2009-11-17,0.0,1.0,32.8
2013-01-15,0.0,1.0,27.75
2013-08-04,0.0,7.0,13.35
2015-04-29,0.0,1.0,17.55
2016-10-09,0.0,0,23.4
2016-08-27,0.0,0,12.35
2016-04-20,0.0,2.0,25.4
2012-06-24,0.0,1.0,10.05
2016-08-03,16.8,0,10.8
2015-11-12,0.0,7.0,30.3
2009-10-07,0.0,2.0,13.4
2010-02-27,0.0,7.0,27.65
2011-12-02,0.0,1.0,21.35
2014-07-31,0.0,0.0,19.85
2012-09-20,0.0,1.0,26.15
2014-06-05,0.2,3.0,13.6
2016-03-25,0.0,7.0,25.15
2012-02-20,0.0,8.0,25.6
2017-03-07,0.0,7.0,23.65
2010-09-24,0.0,1.0,18.95
2009-09-15,0.0,3.0,20.950000000000003
2009-01-30,0.0,1.0,33.7
2014-07-06,0.0,7.0,10.55
2009-07-26,0.8,7.0,10.25
2015-05-16,0.0,1.0,18.299999999999997
2009-12-01,0.0,2.0,22.950000000000003
2014-07-30,0.0,0.0,18.15
2013-05-01,0.0,1.0,24.45
2009-12-04,0.0,1.0,30.0
2015-12-17,0.0,4.0,28.2
2016-10-12,0.0,5.0,14.299999999999999
2010-11-28,30.6,7.0,16.1
2014-01-11,0.0,3.0,29.15
2010-08-14,0.0,6.0,13.9
2009-08-30,0.0,3.0,13.0
2015-12-21,1.2,7.0,22.2
2014-12-01,0.2,3.0,29.8
2009-03-19,0.0,1.0,26.05
2011-10-13,0.0,3.0,21.7
2009-09-11,0.0,0.0,21.35
2013-08-10,0.0,0,18.65
2014-04-06,0.0,2.0,22.65
2016-03-10,0.0,7.0,30.3
2015-03-31,0.0,1.0,25.1
2010-06-18,3.2,5.0,0
2016-10-18,0.8,0,20.1
2009-01-31,0.0,2.0,32.95
2013-01-31,0.0,1.0,32.0
2016-09-27,0.0,0,16.85
2013-05-07,0.0,2.0,20.2
2017-01-03,0.0,0,30.0
2015-11-03,0.0,8.0,24.0
2014-06-27,0.0,3.0,13.5
2014-10-29,0.0,0.0,24.6
2014-06-07,0.0,1.0,13.6
2016-07-04,0.2,0,10.2
2014-11-03,0.0,2.0,22.2
2010-05-24,0.4,8.0,13.649999999999999
2009-10-26,6.0,8.0,13.5
2014-12-07,0.0,3.0,27.15
2009-11-13,0.0,1.0,33.6
2011-05-16,0.0,0.0,13.649999999999999
2010-10-27,0.0,1.0,23.5
2016-03-06,0.0,0,33.400000000000006
2010-12-10,0.0,5.0,23.75
2011-07-18,0.4,2.0,11.9
2012-07-08,0.0,7.0,14.3
2014-02-09,0.0,1.0,33.8
2017-01-31,0.0,1.0,36.75
2017-05-31,0.0,0,10.0
2013-08-21,0.0,2.0,12.35
2012-08-10,0.0,3.0,11.65
2012-01-21,0.0,8.0,25.95
2009-12-06,0.0,1.0,27.65
2015-08-17,0.0,5.0,15.75
2016-05-13,0.0,0,19.15
2016-04-18,0.8,3.0,22.7
2013-05-29,0.0,7.0,18.45
2016-12-14,0.0,7.0,30.65
2015-09-03,4.4,6.0,12.65
2014-01-16,0.0,1.0,35.45
2013-09-24,0.0,0.0,25.6
2013-04-17,0.0,6.0,19.3
2015-04-01,0.0,6.0,25.15
2011-06-26,0.0,0.0,16.0
2014-03-03,0.0,7.0,21.55
2017-06-13,0.2,0,14.5
2012-09-13,0.0,5.0,15.600000000000001
2011-01-24,0.0,7.0,34.75
2013-08-13,0.0,1.0,15.600000000000001
2010-08-01,0.0,7.0,12.55
2011-06-17,0.0,2.0,12.899999999999999
2012-04-14,0.0,2.0,21.700000000000003
2014-11-08,0.0,0,30.15
2017-06-04,0.0,0,12.75
2015-01-04,0.0,7.0,31.950000000000003
2010-09-01,0.0,7.0,21.65
2015-01-26,0.0,4.0,25.35
2012-11-23,0.0,7.0,27.1
2012-09-28,0.0,8.0,24.5
2014-08-26,0.4,3.0,14.5
2010-05-17,0.0,7.0,18.2
2016-06-10,0.2,5.0,13.25
2009-01-13,0.0,2.0,33.05
2014-06-14,1.6,7.0,11.45
2012-08-11,0.0,1.0,11.850000000000001
2016-12-10,0.0,0,23.25
2015-10-03,0.0,0,30.950000000000003
2013-09-05,0.0,5.0,24.200000000000003
2014-05-28,1.4,3.0,17.15
2013-06-26,0.0,6.0,13.350000000000001
2009-12-29,0.0,3.0,28.7
2015-12-19,0.0,0,34.3
2014-08-15,0.0,7.0,16.1
2013-08-31,0.0,7.0,16.1
2009-07-13,0.2,7.0,11.9
2016-04-27,0.0,7.0,23.5
2017-05-15,0.0,0,15.85
2012-02-12,0.0,3.0,25.1
2012-05-13,0.0,2.0,13.2
2017-05-07,0.0,0,15.9
2013-09-17,10.8,7.0,15.5
2010-10-29,0.0,7.0,24.450000000000003
2015-12-15,0.0,7.0,33.25
2010-09-04,4.2,7.0,16.15
2015-02-20,0.4,8.0,27.3
2014-05-19,0.0,7.0,21.1
2016-01-28,7.4,4.0,29.200000000000003
2016-09-02,22.0,8.0,15.0
2009-11-16,0.0,7.0,36.75
2010-07-13,0.6,8.0,15.4
2015-05-17,0.0,3.0,18.6
2009-05-28,0.0,2.0,13.149999999999999
2009-02-22,0.0,2.0,27.299999999999997
2012-10-02,0.0,0.0,20.8
2013-10-05,0.0,4.0,24.35
2017-06-22,0.0,2.0,14.2
2014-04-13,0.2,2.0,22.15
2009-10-10,0.0,7.0,18.200000000000003
2017-05-04,0.0,0,18.75
2013-09-25,0.0,0.0,28.7
2010-02-15,0.6,1.0,25.15
2015-05-12,0.0,6.0,17.8
2014-10-02,0.0,0.0,19.1
2012-09-24,0.0,0.0,16.7
2012-11-24,0.0,3.0,30.8
2015-09-18,0.0,1.0,17.3
2015-09-14,0.0,0.0,24.549999999999997
2017-05-11,0.0,0,17.7
2012-04-24,0.0,1.0,15.45
2011-06-14,0.0,8.0,11.75
2015-05-22,25.6,2.0,10.7
2013-12-10,0.0,1.0,23.55
2009-11-26,0.6,7.0,23.85
2011-11-12,0.0,7.0,27.65
2015-12-05,0.0,2.0,30.8
2014-01-21,0.0,1.0,33.0
2016-08-20,7.0,1.0,10.95
2014-01-14,0.0,1.0,34.45
2014-10-12,0.0,6.0,29.1
2009-08-23,0.2,5.0,22.85
2011-09-17,0.0,0,28.25
2010-02-16,0.0,2.0,25.9
2013-12-26,18.4,1.0,24.6
2011-07-14,1.6,1.0,9.85
2013-11-30,0.0,0.0,23.2
2009-01-22,0.0,7.0,25.85
2017-02-17,0.0,0,34.8
2013-05-10,0.0,1.0,20.35
2011-05-31,0.0,1.0,15.5
2013-10-07,0.0,1.0,20.2
2015-01-21,0.0,2.0,27.950000000000003
2010-05-19,0.0,1.0,17.75
2011-07-23,0.0,1.0,11.8
2014-02-19,0.0,1.0,29.45
2015-01-28,0.0,5.0,25.2
2014-04-26,0.0,8.0,19.1
2015-10-07,0.0,4.0,27.35
2015-07-16,8.6,7.0,5.550000000000001
2012-04-29,0.0,0.0,19.1
2015-06-11,0.0,4.0,16.2
2016-11-07,0.0,0,28.3
2017-01-04,0.0,0,28.75
2011-09-27,0.0,6.0,22.299999999999997
2015-05-29,6.8,7.0,16.4
2016-09-11,0.2,7.0,16.0
2011-01-23,1.2,3.0,30.55
2014-04-22,0.0,7.0,21.700000000000003
2015-03-20,0.0,2.0,27.05
2011-03-01,0.8,7.0,27.95
2015-06-05,0.0,7.0,11.2
2011-10-17,0.0,1.0,20.35
2009-05-19,7.6,8.0,13.8
2015-07-26,0.0,7.0,13.0
2011-11-05,0.0,3.0,27.15
2013-08-11,0.0,3.0,17.9
2014-02-21,0.0,1.0,21.3
2011-07-01,0.0,1.0,13.75
2014-09-12,0.0,0.0,18.9
2012-04-16,0.0,3.0,25.15
2016-11-10,11.8,5.0,26.450000000000003
2014-09-01,0.0,7.0,20.65
2016-05-06,0.0,0,22.5
2012-10-12,0.2,1.0,13.9
2017-04-30,0.0,0,19.05
2012-06-16,5.0,7.0,12.1
2012-05-07,0.0,1.0,17.6
2009-01-20,4.8,7.0,32.0
2016-05-10,1.2,8.0,16.4
2009-04-05,0.0,0.0,20.45
2010-01-09,0.0,3.0,31.849999999999998
2010-03-01,0.0,8.0,22.7
2016-03-28,0.0,7.0,22.15
2013-05-23,8.4,7.0,12.25
2011-10-11,0.0,1.0,17.5
2010-03-11,0.0,5.0,21.75
2010-05-18,0.0,5.0,15.95
2014-04-14,0.0,4.0,21.3
2011-07-13,0.2,8.0,7.8500000000000005
2014-11-12,0.0,5.0,29.05
2014-02-22,0.0,1.0,23.8
2011-01-04,0.0,6.0,28.5
2016-07-11,1.3,0,13.25
2016-05-02,0.0,5.0,17.0
2010-06-28,0.0,2.0,7.550000000000001
2016-03-22,0.0,1.0,22.4
2014-10-23,0.0,6.0,30.75
2010-04-22,0.0,5.0,25.8
2009-11-20,0.0,6.0,40.3
2013-04-23,0.0,2.0,20.0
2009-06-14,0.2,2.0,14.25
2015-11-17,0.0,4.0,27.6
2012-03-12,0.0,0,24.2
2016-12-03,0.0,0,34.8
2014-06-26,0.0,1.0,13.4
2012-08-05,0.0,7.0,17.65
2010-10-14,15.2,7.0,21.950000000000003
2013-12-16,0.0,2.0,30.65
2014-10-13,0.0,1.0,20.7
2011-08-24,0.0,0.0,18.3
2014-07-22,0.0,2.0,14.6
2014-10-22,0.0,7.0,27.200000000000003
2013-11-03,0.0,2.0,29.049999999999997
2016-09-01,0.2,7.0,17.6
2017-04-17,0.0,1.0,25.450000000000003
2014-01-05,0.0,0.0,27.15
2014-08-09,0.0,1.0,16.35
2009-01-16,0.0,0.0,28.6
2017-03-21,19.2,1.0,27.45
2012-10-08,0.0,1.0,17.7
2009-07-03,0.0,5.0,11.3
2015-07-23,7.4,2.0,11.75
2009-01-18,0.0,2.0,26.900000000000002
2016-12-11,0.0,0,27.55
2012-04-10,0.0,0.0,14.55
2013-08-29,0.0,3.0,24.9
2014-01-06,0.0,0.0,22.35
2010-01-19,0.0,0.0,22.3
2014-06-13,3.0,8.0,13.15
2013-11-05,0.0,0.0,22.2
2014-05-22,0.0,6.0,21.85
2012-10-13,0.0,1.0,15.9
2011-11-24,0.0,8.0,15.65
2016-05-24,0.0,0,14.7
2009-10-18,0.0,0.0,20.25
2010-01-17,0.0,1.0,25.15
2015-02-13,0.0,3.0,29.2
2016-10-10,0.0,0,20.75
2011-12-23,1.6,4.0,28.15
2011-07-25,0.0,5.0,13.7
2010-08-11,1.6,7.0,9.5
2011-09-05,0.0,1.0,22.8
2011-07-06,0.0,8.0,10.35
2009-02-25,0.8,2.0,27.65
2013-05-11,0.0,1.0,20.1
2010-10-31,8.6,6.0,18.25
2009-04-08,0.0,3.0,24.0
2016-05-01,3.2,0,22.0
2009-05-02,0.0,1.0,17.5
2015-02-28,0.0,2.0,31.6
2011-12-19,8.6,4.0,24.9
2016-09-30,2.6,7.0,12.4
2014-05-01,0.0,5.0,15.4
2013-08-07,0.0,7.0,16.25
2014-10-31,0.0,7.0,31.4
2012-07-05,0.0,3.0,9.9
2016-10-07,0.0,0,23.55
2016-02-05,0.0,1.0,26.6
2009-11-01,0.0,3.0,29.95
2009-09-02,0.0,0.0,18.9
2015-12-07,0.0,7.0,35.1
2013-10-30,0.0,2.0,20.6
2015-10-24,0.0,2.0,24.75
2013-10-09,0.0,0.0,25.0
2010-12-24,0.0,4.0,29.7
2015-08-04,0.0,7.0,9.75
2011-12-18,0.0,7.0,23.299999999999997
2014-09-26,0.0,1.0,17.65
2013-07-09,0.0,7.0,11.15
2011-05-30,0.0,7.0,12.8
2013-05-12,0.0,7.0,21.2
2013-01-21,0.0,7.0,32.85
2012-08-21,0.0,1.0,18.2
2016-04-22,0.0,1.0,23.25
2015-07-06,0.0,3.0,11.55
2009-12-18,1.6,7.0,19.35
2017-05-12,0.0,0,17.2
2014-10-27,0.0,7.0,26.85
2009-12-19,0.2,0.0,25.8
2012-05-20,0.0,2.0,18.05
2011-06-20,0.0,1.0,14.65
2010-02-13,22.4,8.0,21.95
2014-11-16,2.8,0,21.15
2015-09-19,0.0,5.0,19.0
2013-09-19,0.0,0.0,15.399999999999999
2011-12-03,0.0,4.0,23.7
2009-06-17,0.0,6.0,14.100000000000001
2013-11-07,0.0,3.0,32.2
2011-10-25,2.8,7.0,22.75
2010-05-07,0.0,2.0,16.9
2015-03-04,0.0,2.0,30.049999999999997
2010-11-08,0.0,7.0,26.200000000000003
2016-09-03,19.8,1.0,13.8
2009-04-01,0.0,6.0,24.6
2014-09-20,0.0,1.0,17.75
2013-12-24,0.0,7.0,23.950000000000003
2016-08-22,1.2,8.0,8.85
2014-12-26,5.6,6.0,22.35
2014-10-04,0.0,0,26.0
2016-09-15,1.4,5.0,13.7
2009-08-11,0.0,1.0,15.5
2009-08-03,0.0,1.0,14.95
2011-02-27,0.0,3.0,33.55
2014-04-20,0.0,0.0,18.1
2013-01-01,0.0,2.0,35.2
2016-03-18,1.0,3.0,22.55
2010-01-08,0.0,3.0,30.95
2011-03-31,0.8,1.0,22.0
2009-09-20,0.0,7.0,24.45
2012-02-06,0.0,1.0,21.25
2011-08-13,0.0,7.0,16.35
2015-04-22,0.0,1.0,17.85
2010-12-23,0.0,1.0,29.15
2010-02-11,0.0,5.0,30.8
2012-09-30,0.0,1.0,15.25
2011-01-16,0.0,0,31.35
2017-01-13,0.0,2.0,40.4
2016-11-26,0.0,0,23.25
2016-06-07,0.0,5.0,12.8
2009-04-20,0.0,1.0,20.75
2014-09-29,0.0,1.0,27.05
2009-12-13,0.0,1.0,27.9
2013-11-04,0.0,0,18.2
2012-11-21,0.0,3.0,28.35
2014-01-09,0.0,7.0,22.4
2012-01-12,0.0,1.0,20.75
2010-02-17,0.0,1.0,26.950000000000003
2015-04-04,0.0,7.0,22.5
2012-01-13,0.0,0,24.4
2012-01-07,0.0,3.0,31.3
2016-03-05,2.4,0,31.8
2014-08-21,0.0,1.0,14.5
2015-09-28,0.0,2.0,22.0
2014-08-19,0.0,1.0,13.05
2009-08-04,0.0,6.0,15.350000000000001
2017-01-16,0.0,1.0,32.7
2017-04-16,0.0,0,25.4
2012-01-28,32.6,8.0,20.25
2012-10-21,0.0,8.0,24.15
2016-01-06,0.0,4.0,25.95
2014-01-15,0.0,1.0,33.900000000000006
2009-02-27,0.0,1.0,27.4
2012-08-24,0.0,1.0,15.299999999999999
2013-03-30,0.0,7.0,19.799999999999997
2014-08-20,0.0,1.0,15.649999999999999
2015-01-19,0.0,6.0,26.299999999999997
2013-09-07,0.0,1.0,27.45
2015-07-11,0.0,3.0,14.35
2017-06-09,0.0,0,10.75
2017-02-26,0.0,1.0,28.75
2016-12-28,0.0,0,33.400000000000006
2013-10-22,5.0,7.0,33.05
2010-10-10,0.0,5.0,21.6
2009-02-02,0.0,2.0,35.25
2013-11-26,0.0,1.0,26.049999999999997
2011-11-27,0.0,1.0,24.35
2010-01-05,0.0,7.0,24.9
2014-11-19,0.0,3.0,28.9
2016-01-24,0.0,4.0,29.7
2014-12-05,0.0,7.0,28.5
2013-06-22,0.0,2.0,12.600000000000001
2014-11-22,0.0,4.0,35.15
2014-09-25,13.6,6.0,17.25
2013-10-17,0.0,7.0,22.35
2011-08-17,0.0,8.0,14.899999999999999
2016-04-30,38.6,4.0,22.6
2013-01-09,0.0,1.0,24.25
2011-06-08,0.0,2.0,8.15
2014-06-11,0.0,1.0,14.950000000000001
2016-10-19,0.0,0,16.9
2016-03-29,0.0,8.0,20.1
2014-12-27,0.0,6.0,24.799999999999997
2010-03-22,0.0,1.0,25.3
2010-02-26,0.0,3.0,27.200000000000003
2009-01-06,0.0,6.0,35.6
2015-09-22,0.0,0.0,15.100000000000001
2009-05-26,1.0,7.0,16.9
2011-07-22,0.0,3.0,11.4
2010-07-03,6.6,6.0,8.05
2014-11-15,0.0,0,32.35
2011-12-06,0.0,7.0,20.9
2010-05-11,0.0,0.0,19.75
2014-01-26,0.0,1.0,27.65
2010-12-04,0.0,7.0,20.15
2010-09-14,0.2,5.0,18.049999999999997
2015-11-09,0.0,6.0,24.6
2012-10-30,0.0,7.0,24.1
2014-03-15,0.0,8.0,24.5
2015-03-26,0.0,1.0,19.2
2010-03-29,0.0,8.0,27.65
2015-02-22,0.0,4.0,30.6
2011-09-19,0.0,0.0,28.15
2014-04-04,0.0,8.0,19.85
2010-04-26,0.0,1.0,17.75
2013-09-10,0.0,1.0,22.15
2013-07-28,0.0,1.0,17.45
2010-03-06,2.4,3.0,26.0
2011-05-17,0.0,1.0,13.75
2009-03-25,0.0,5.0,30.65
2009-11-30,0.0,7.0,23.15
2011-12-30,0.0,1.0,26.75
2013-04-24,0.0,1.0,17.6
2017-04-23,0.0,8.0,21.7
2016-02-09,0.0,0.0,30.1
2009-06-09,0.8,7.0,10.850000000000001
2011-06-13,0.0,8.0,12.25
2009-04-06,0.0,0.0,19.299999999999997
2012-07-27,0.0,7.0,10.3
2016-07-28,0.0,0,10.8
2012-08-14,0.0,6.0,17.6
2011-08-16,0.0,7.0,19.0
2015-08-28,1.4,2.0,13.5
2015-06-15,0.0,8.0,14.85
2016-10-16,0.0,1.0,25.15
2013-04-26,0.0,0.0,21.5
2013-11-24,0.0,1.0,22.4
2011-02-10,0.0,6.0,28.3
2016-06-15,0.2,0,14.15
2010-12-13,0.0,5.0,24.75
2017-04-02,0.0,6.0,20.9
2015-11-05,19.4,3.0,24.0
2012-01-09,0.0,1.0,25.45
2011-05-27,0.0,5.0,10.55
2012-01-25,29.2,5.0,24.6
2012-09-09,0.0,0.0,15.2
2010-11-09,1.2,6.0,24.4
2014-05-02,0.0,7.0,15.1
2015-12-18,0.0,1.0,32.0
2009-05-31,0.0,8.0,13.2
2016-09-28,0.0,0,18.4
2010-06-06,0.0,2.0,11.5
2013-06-05,0.0,7.0,12.6
2014-12-31,0.0,0.0,28.25
2012-01-19,0.0,5.0,33.5
2010-07-09,0.0,1.0,13.55
2011-10-26,0.0,4.0,22.9
2013-08-06,0.0,1.0,18.5
2009-05-04,0.0,1.0,19.4
2010-12-09,37.0,6.0,27.75
2017-02-05,3.0,1.0,36.7
2017-02-19,0.0,0,20.4
2010-11-03,0.0,5.0,19.3
2009-08-15,0.0,0.0,18.1
2012-01-26,0.2,7.0,24.6
2014-11-17,0.0,1.0,22.4
2016-09-14,2.4,8.0,13.649999999999999
2012-06-15,0.0,2.0,15.799999999999999
2016-09-17,0.0,8.0,16.05
2009-12-28,0.0,5.0,26.5
2011-08-26,0.0,1.0,21.25
2015-10-01,0.0,0.0,23.2
2013-11-02,0.0,3.0,29.4
2014-11-24,0.0,7.0,29.7
2016-06-26,0.0,8.0,6.6
2013-04-04,0.0,5.0,21.5
2012-04-11,0.0,0.0,17.950000000000003
2012-03-15,0.0,7.0,26.2
2014-06-06,0.0,1.0,13.25
2010-11-26,1.0,7.0,25.35
2016-09-29,3.4,8.0,14.45
2015-04-10,0.0,7.0,19.85
2010-02-28,0.0,8.0,27.950000000000003
2015-02-12,0.0,7.0,29.0
2016-04-04,0.0,1.0,26.45
2013-04-22,0.0,1.0,20.5
2013-10-19,0.0,0.0,24.05
2010-08-18,0.0,8.0,14.8
2016-08-26,0.0,0,11.100000000000001
2016-10-13,0.0,0,16.25
2016-07-29,0.0,0,10.850000000000001
2016-10-14,0.0,0,18.15
2009-04-10,14.4,7.0,18.4
2014-01-04,0.0,0,22.549999999999997
2016-06-23,0.0,7.0,12.05
2015-02-11,0.0,3.0,30.5
2010-11-20,0.0,1.0,24.75
2011-06-30,0.0,5.0,14.65
2012-10-11,2.0,7.0,11.8
2015-07-20,0.0,1.0,11.95
2010-12-06,0.0,7.0,26.65
2010-09-30,0.6,6.0,15.55
2011-06-04,0.0,7.0,15.899999999999999
2016-07-02,0.0,7.0,11.05
2010-03-02,0.0,6.0,22.35
2014-07-05,0.0,1.0,11.85
2015-11-04,9.8,7.0,23.35
2013-07-07,0.0,1.0,12.75
2011-02-21,0.2,1.0,21.549999999999997
2011-11-06,0.0,7.0,26.299999999999997
2013-12-01,0.0,6.0,26.5
2015-10-17,0.0,2.0,31.9
2012-09-01,0.0,1.0,14.95
2016-05-05,0.0,0,20.55
2009-08-16,0.0,6.0,22.05
2011-01-26,0.0,5.0,39.45
2015-03-02,0.0,2.0,28.9
2012-06-30,0.0,7.0,12.3
2015-11-26,0.0,7.0,27.1
2013-05-04,0.0,1.0,23.95
2014-10-09,0.0,0.0,21.7
2013-04-18,0.0,5.0,19.15
2014-12-08,0.0,4.0,30.5
2016-05-15,0.0,5.0,19.299999999999997
2017-01-30,9.4,0,35.7
2009-05-01,0.0,6.0,16.55
2016-08-13,0.0,0,14.95
2013-01-22,0.6,5.0,31.650000000000002
2009-11-07,0.0,4.0,24.5
2011-03-04,0.0,7.0,23.9
2011-02-28,0.0,2.0,35.05
2011-06-07,0.0,7.0,12.850000000000001
2011-07-24,0.0,1.0,13.7
2014-07-04,0.0,1.0,15.049999999999999
2009-09-13,0.0,0.0,27.55
2010-11-23,0.0,7.0,23.15
2012-07-15,0.0,1.0,9.850000000000001
2010-10-13,0.0,8.0,18.4
2015-08-18,0.0,1.0,13.6
2013-05-06,0.0,4.0,18.1
2015-05-01,0.0,8.0,18.85
2016-10-04,0.4,0,16.85
2014-05-05,0.0,7.0,13.2
2011-09-21,0.0,0.0,19.8
2014-10-06,0.0,1.0,29.450000000000003
2010-06-21,0.0,7.0,14.4
2016-05-30,0.0,6.0,11.85
2010-11-10,1.0,7.0,27.9
2013-05-20,0.0,1.0,17.05
2014-06-01,33.2,7.0,13.15
2010-08-19,1.2,6.0,16.549999999999997
2014-02-08,0.0,1.0,34.849999999999994
2011-12-05,0.0,7.0,21.75
2010-02-06,0.0,7.0,21.5
2012-09-11,0.0,0.0,21.8
2016-01-05,0.0,4.0,26.7
2011-08-28,0.0,2.0,20.4
2014-03-18,0.0,1.0,25.7
2013-07-31,0.0,1.0,13.3
2013-04-09,0.0,5.0,24.5
2013-09-18,0.2,1.0,22.3
2011-05-05,0.0,1.0,15.850000000000001
2015-10-02,0.0,0,25.5
2015-06-16,20.0,7.0,16.25
2013-10-01,0.0,7.0,20.3
2009-07-02,0.0,5.0,12.65
2014-12-25,0.0,8.0,24.65
2012-04-13,0.0,0,21.85
2013-08-16,0.0,0,15.7
2014-10-19,0.0,1.0,26.95
2013-11-25,0.0,1.0,23.950000000000003
2015-06-04,0.0,0.0,11.05
2011-12-20,0.0,1.0,27.15
2014-04-15,0.0,6.0,19.6
2011-11-29,0.0,7.0,29.4
2009-09-12,0.0,0.0,25.450000000000003
2014-04-28,0.0,4.0,22.8
2016-02-13,0.0,1.0,33.55
2013-08-19,0.0,7.0,13.65
2012-06-21,0.0,7.0,13.350000000000001
2011-09-28,0.0,8.0,20.2
2017-06-01,0.0,0,12.149999999999999
2009-06-30,0.0,7.0,16.5
2016-07-22,0.2,1.0,20.450000000000003
2015-01-09,0.0,8.0,33.15
2009-03-06,0.0,0.0,20.799999999999997
2013-01-08,0.0,1.0,36.3
2017-02-07,0.0,0,34.9
2011-07-20,0.0,1.0,10.6
2016-12-06,0.8,8.0,21.55
2010-07-18,0.0,1.0,13.2
2011-07-19,0.0,8.0,9.399999999999999
2011-10-31,0.0,3.0,20.950000000000003
2015-10-28,0.0,3.0,24.25
2015-05-31,18.8,1.0,12.1
2011-08-21,0.0,1.0,15.9
2014-03-28,0.0,6.0,21.6
2011-10-06,8.0,7.0,17.55
2013-12-14,0.0,1.0,29.5
2009-06-20,0.0,7.0,15.299999999999999
2017-03-12,0.0,0,29.05
2016-08-29,0.0,3.0,14.75
2012-03-11,0.0,0,24.65
2014-09-27,0.0,1.0,20.05
2013-03-22,7.8,7.0,25.6
2011-07-31,0.6,4.0,17.35
2014-02-12,0.0,6.0,37.75
2016-07-15,0.0,0,10.0
2016-12-02,0.0,4.0,30.8
2017-01-27,0.0,0,30.95
2016-07-27,0.0,1.0,12.7
2011-12-17,0.0,7.0,25.6
2017-03-16,0.0,0,28.650000000000002
2013-12-28,0.0,0,32.9
2011-09-06,0.0,5.0,22.85
2015-04-12,0.0,7.0,22.85
2011-07-30,0.0,2.0,16.8
2010-10-15,34.0,8.0,17.0
2010-12-16,0.0,3.0,25.299999999999997
2013-07-03,0.0,0.0,13.8
2014-03-08,0.0,3.0,26.4
2016-06-25,0.0,0,7.550000000000001
2009-07-30,0.0,7.0,12.2
2014-11-30,0.4,0,29.1
2011-11-23,29.8,6.0,18.8
2016-01-12,0.0,6.0,36.45
2012-06-29,0.0,3.0,16.15
2013-01-19,0.0,7.0,24.8
2010-04-27,0.0,5.0,16.2
2012-06-13,0.0,3.0,15.15
2013-11-23,0.2,1.0,22.4
2009-04-04,0.2,0.0,19.950000000000003
2010-07-17,0.0,0.0,11.75
2015-03-25,0.0,1.0,18.2
2015-04-19,2.6,2.0,15.700000000000001
2010-03-07,0.6,7.0,24.85
2013-11-15,0.0,1.0,24.25
2012-02-10,9.8,6.0,25.85
2015-04-30,0.0,7.0,16.55
2015-12-01,0.0,7.0,32.7
2010-06-04,0.0,3.0,14.55
2014-08-18,1.8,6.0,10.4
2010-10-01,0.0,8.0,15.8
2014-09-28,0.0,0.0,23.6
2016-09-24,0.2,4.0,18.6
2010-07-14,27.8,2.0,12.100000000000001
2015-09-25,0.0,2.0,18.3
2009-01-27,0.0,3.0,32.7
2013-06-14,5.8,7.0,11.65
2011-10-07,0.4,8.0,18.0
2010-07-30,0.6,8.0,14.149999999999999
2010-06-22,0.0,6.0,13.75
2014-07-10,0.0,4.0,10.2
2015-10-31,4.4,2.0,22.95
2009-07-23,2.4,3.0,10.899999999999999
2014-07-28,0.0,0.0,16.35
2012-04-27,0.0,7.0,17.4
2012-05-14,0.0,1.0,12.6
2017-05-13,0.0,4.0,20.4
2014-02-03,0.0,6.0,34.15
2012-05-28,0.0,0.0,11.65
2011-08-05,0.0,7.0,18.549999999999997
2010-11-04,0.0,3.0,19.95
2010-08-23,4.8,8.0,9.35
2015-06-09,0.0,1.0,15.6
2011-03-25,0.0,3.0,18.9
2015-01-03,0.0,2.0,31.200000000000003
2009-08-24,0.0,6.0,19.85
2012-01-23,0.0,7.0,25.6
2015-03-01,0.0,1.0,31.75
2010-10-22,1.6,5.0,24.3
2015-08-15,0.0,1.0,15.05
2016-02-26,0.0,1.0,31.8
2012-11-25,0.0,3.0,35.15
2009-12-02,0.0,1.0,24.299999999999997
2012-03-07,0.0,5.0,21.3
2014-01-19,0.4,5.0,37.05
2013-07-29,0.0,7.0,17.35
2017-02-06,0.0,2.0,36.55
2015-05-27,0.0,7.0,14.7
2013-01-24,0.0,1.0,31.549999999999997
2013-01-12,0.0,3.0,39.4
2011-10-30,0.0,1.0,20.55
2014-12-10,0.0,2.0,34.4
2012-07-20,0.0,1.0,10.25
2010-05-21,0.0,1.0,16.05
2010-06-29,0.0,0.0,9.2
2014-02-27,0.8,5.0,26.75
2011-02-19,0.0,7.0,30.25
2013-03-13,0.0,1.0,27.8
2011-06-09,0.0,1.0,7.65
2010-06-02,1.8,7.0,14.65
2016-06-05,8.4,8.0,12.649999999999999
2016-08-10,0.2,0,16.15
2010-12-28,0.0,1.0,23.15
2014-08-14,0.0,4.0,15.75
2015-08-19,0.0,1.0,14.1
2009-09-27,0.0,1.0,13.45
2010-02-14,44.0,7.0,23.5
2013-10-16,0.0,3.0,24.9
2011-05-22,0.0,7.0,19.5
2011-06-25,0.0,0,13.8
2013-06-08,0.0,1.0,14.799999999999999
2015-06-27,0.0,1.0,13.049999999999999
2014-12-23,0.4,7.0,27.200000000000003
2012-10-20,0.0,1.0,27.1
2013-09-26,0.0,0.0,21.05
2010-10-21,0.0,7.0,22.65
2013-10-13,0.0,7.0,26.700000000000003
2011-07-29,0.0,1.0,15.5
2013-12-20,0.0,1.0,35.2
2010-03-26,0.0,2.0,28.15
2012-10-26,0.0,7.0,18.75
2012-06-28,0.0,7.0,14.450000000000001
2009-07-09,0.0,1.0,13.35
2016-07-21,6.4,0,18.55
2016-05-07,0.0,5.0,22.6
2009-03-22,0.0,1.0,27.349999999999998
2015-05-03,0.0,0.0,20.9
2012-06-14,0.0,6.0,15.8
2014-08-08,0.0,1.0,14.25
2010-07-19,0.0,7.0,12.100000000000001
2016-06-12,0.0,0,10.95
2009-03-17,0.0,0.0,20.15
2012-06-20,0.0,1.0,13.350000000000001
2016-07-18,0.0,0,18.9
2010-03-13,0.0,6.0,22.4
2012-07-31,0.0,0,0
2013-01-20,0.0,3.0,29.599999999999998
2013-11-17,0.0,6.0,23.95
2017-03-01,0.0,1.0,28.6
2010-05-16,0.0,8.0,16.45
2011-06-21,0.0,7.0,11.55
2016-06-04,22.8,8.0,11.5
2014-02-13,0.0,7.0,34.400000000000006
2011-06-22,1.6,4.0,9.9
2013-09-11,0.0,1.0,18.85
2009-03-28,0.0,1.0,25.200000000000003
2015-11-01,2.4,6.0,24.9
2015-06-01,3.2,0.0,10.85
2011-01-02,0.0,7.0,32.9
2013-04-06,0.0,7.0,20.65
2010-08-16,0.0,5.0,12.5
2017-04-14,0.0,0,23.85
2015-10-20,0.0,7.0,29.75
2013-06-01,0.0,8.0,16.3
2009-07-21,0.0,6.0,17.25
2014-04-25,0.0,1.0,25.15
2015-04-06,4.4,6.0,21.1
2013-01-06,0.0,5.0,38.349999999999994
2009-04-25,0.6,5.0,19.5
2014-05-30,0.0,6.0,15.5
2009-11-21,0.0,1.0,33.85
2010-01-12,0.0,1.0,36.7
2009-03-23,0.0,1.0,29.75
2014-07-19,0.0,1.0,9.15
2013-06-09,0.0,1.0,14.8
2010-10-08,0.0,2.0,16.6
2012-01-04,0.0,7.0,32.849999999999994
2014-08-06,0.0,1.0,15.5
2015-07-13,4.8,4.0,8.6
2011-10-16,0.0,1.0,18.5
2011-10-18,0.0,4.0,22.8
2017-04-08,0.0,1.0,24.1
2012-09-04,0.0,0.0,21.4
2010-03-21,0.0,4.0,29.15
2016-07-14,0.0,2.0,9.25
2017-06-25,0.0,3.0,16.9
2016-05-04,0.0,0,19.1
2009-05-12,0.0,4.0,18.950000000000003
2013-12-09,0.0,7.0,34.8
2009-10-11,0.0,1.0,21.5
2013-06-06,0.0,8.0,15.2
2015-09-24,0.0,0.0,15.75
2016-02-23,0.0,1.0,33.5
2010-06-03,0.0,6.0,14.25
2013-12-29,0.0,0,26.7
2009-05-14,0.0,3.0,16.3
2015-08-06,0.0,3.0,10.05
2010-12-18,0.0,7.0,19.95
2010-09-28,0.0,2.0,18.05
2010-07-21,0.0,6.0,9.850000000000001
2010-07-26,0.0,1.0,11.850000000000001
2016-04-10,0.0,7.0,23.85
2014-09-04,0.0,7.0,13.850000000000001
2016-09-07,0.0,7.0,19.45
2013-09-13,0.6,0,23.05
2012-03-19,0.0,1.0,21.95
2011-03-11,0.4,7.0,24.6
2016-03-11,0.0,6.0,33.599999999999994
2010-01-18,0.0,1.0,20.0
2013-12-31,0.0,1.0,30.2
2015-04-23,0.0,7.0,19.049999999999997
2012-03-31,0.0,1.0,25.15
2010-12-19,0.0,6.0,22.450000000000003
2012-09-08,0.0,1.0,14.25
2010-07-07,0.0,7.0,8.95
2014-11-26,0.0,1.0,25.35
2016-12-21,0.6,0,27.3
2014-07-23,0.0,7.0,14.3
2011-11-09,0.8,7.0,28.6
2009-04-23,0.0,4.0,21.4
2014-06-16,0.0,7.0,10.3
2015-10-04,0.0,1.0,30.85
2013-01-13,0.0,6.0,36.15
2013-07-06,0.0,0,11.7
2013-10-25,0.0,1.0,18.299999999999997
2015-01-01,0.0,1.0,33.349999999999994
2016-12-08,0.2,0,31.5
2010-05-14,0.0,1.0,15.15
2015-09-02,0.2,2.0,19.1
2014-04-09,0.0,7.0,26.05
2009-01-03,0.0,1.0,0
2016-10-31,1.8,0,15.55
2015-03-30,0.0,3.0,23.6
2014-10-01,0.0,0.0,17.1
2013-07-22,0.0,2.0,11.35
2011-12-09,0.0,7.0,23.7
2013-03-09,0.0,5.0,26.75
2017-03-18,0.0,8.0,24.05
2009-02-08,0.0,1.0,36.0
2010-11-21,0.0,7.0,20.45
2017-05-05,0.0,2.0,21.7
2010-09-22,0.0,1.0,20.3
2015-01-27,0.0,1.0,25.6
2013-03-12,0.0,1.0,27.3
2014-02-16,68.0,6.0,23.950000000000003
2010-01-10,0.0,2.0,34.2
2013-07-10,0.0,3.0,12.25
2010-03-09,0.0,5.0,21.799999999999997
2013-08-23,0.0,6.0,14.0
2010-07-12,0.0,7.0,15.4
2015-03-12,0.0,1.0,28.549999999999997
2013-08-27,0.0,2.0,20.25
2012-10-09,0.0,2.0,22.05
2014-11-01,0.0,6.0,25.45
2011-01-01,0.0,2.0,34.25
2015-04-16,0.0,7.0,28.7
2010-11-19,0.0,1.0,23.200000000000003
2015-06-21,0.2,1.0,11.25
2017-05-19,12.8,7.0,16.25
2014-05-12,0.0,1.0,17.95
2014-07-12,0.0,6.0,12.649999999999999
2011-03-29,0.0,4.0,24.45
2016-02-11,0.0,7.0,33.8
2016-04-12,0.0,0.0,22.4
2009-10-14,0.0,4.0,17.75
2012-07-12,11.6,8.0,13.45
2009-11-25,0.0,6.0,31.15
2011-03-13,4.4,3.0,27.75
2016-03-23,0.0,5.0,24.0
2013-03-05,0.0,7.0,25.4
2014-07-26,0.0,1.0,0
2014-02-28,1.0,8.0,20.15
2017-06-16,0.0,8.0,14.8
2009-01-12,0.0,1.0,33.1
2015-07-28,0.0,2.0,9.8
2009-03-31,0.0,2.0,24.75
2013-10-21,0.0,2.0,33.0
2010-07-01,0.0,7.0,12.25
2011-01-11,2.4,5.0,26.049999999999997
2010-04-19,0.0,6.0,24.05
2010-07-28,9.2,6.0,13.2
2013-10-11,0.0,0.0,18.85
2014-06-09,0.0,5.0,13.15
2013-01-03,0.0,0.0,32.3
2015-04-11,0.0,1.0,22.5
2013-03-24,0.0,1.0,24.95
2011-07-26,0.0,7.0,12.4
2013-12-12,0.0,1.0,25.95
2009-10-05,0.0,3.0,19.049999999999997
2009-05-10,0.0,0.0,18.95
2011-05-02,0.0,7.0,19.700000000000003
2012-05-25,1.6,7.0,9.7
2010-07-11,0.2,7.0,15.9
2017-05-01,0.0,4.0,20.799999999999997
