2011-03-02,1.6,5.0,28.9
2010-05-15,0.0,6.0,30.4
2013-01-26,0.0,5.0,31.5
2014-11-23,0.2,1.0,32.15
2008-08-08,0.0,0.0,26.65
2010-04-28,0.0,7.0,27.299999999999997
2010-11-27,0.0,7.0,31.049999999999997
2008-09-17,0.0,1.0,29.700000000000003
2012-08-09,0.0,1.0,26.799999999999997
2012-01-11,0.0,7.0,31.75
2009-07-04,0.0,0.0,26.95
2011-06-12,0.0,6.0,20.9
2014-08-15,0.0,3.0,25.4
2017-03-31,9.4,7.0,28.35
2012-06-22,0.0,3.0,25.65
2010-04-15,4.4,7.0,27.299999999999997
2009-01-02,0.0,7.0,31.0
2016-11-07,2.4,6.0,32.15
2016-12-12,0.0,4.0,31.2
2016-05-05,4.6,3.0,30.15
2011-08-25,0.0,5.0,27.45
2017-03-24,18.0,7.0,27.75
2008-07-01,0.0,2.0,28.849999999999998
2011-05-24,0.0,1.0,27.299999999999997
2010-04-03,2.8,7.0,30.2
2017-06-04,0.0,7.0,28.3
2016-05-09,0.0,6.0,30.45
2013-03-13,31.8,2.0,31.549999999999997
2016-09-17,7.2,6.0,30.450000000000003
2010-04-24,0.0,3.0,30.0
2015-04-08,7.4,3.0,29.5
2009-04-15,6.2,7.0,31.5
2008-10-31,0.0,5.0,31.400000000000002
2013-05-14,0.0,4.0,28.95
2012-06-03,0.0,2.0,28.1
2011-12-20,9.6,8.0,28.15
2016-12-15,6.2,7.0,30.700000000000003
2010-03-28,23.6,7.0,31.049999999999997
2010-08-24,0.0,2.0,29.200000000000003
2009-03-30,0.0,2.0,30.099999999999998
2012-01-04,0.0,7.0,30.9
2015-03-09,0.0,4.0,31.7
2015-04-27,0.0,7.0,27.65
2015-10-26,0.0,2.0,31.25
2016-01-26,21.8,7.0,31.05
2013-08-15,0.0,1.0,28.35
2009-12-11,22.0,7.0,28.75
2011-03-01,0.0,6.0,30.049999999999997
2010-10-27,0.0,7.0,31.75
2012-02-06,0.0,7.0,30.85
2015-08-25,0.0,1.0,29.15
2016-07-04,0.0,1.0,28.200000000000003
2012-05-25,0.0,4.0,26.700000000000003
2010-02-20,0.0,6.0,31.65
2011-09-04,0.0,5.0,28.5
2016-10-03,0.0,5.0,28.799999999999997
2015-07-10,0.0,1.0,27.65
2009-07-25,0.0,5.0,27.65
2015-05-23,0.0,0.0,28.5
2009-11-07,0.0,2.0,31.9
2013-09-28,0.0,5.0,30.15
2011-05-01,0.0,4.0,28.4
2014-09-05,0.0,1.0,27.85
2015-02-06,0.0,2.0,31.6
2011-07-26,0.0,3.0,25.1
2009-02-14,12.6,7.0,28.4
2015-08-23,0.0,2.0,27.450000000000003
2016-10-01,9.8,3.0,30.95
2010-03-10,5.8,3.0,30.7
2010-01-21,22.2,7.0,29.2
2011-08-22,0.0,2.0,27.2
2011-10-21,0.0,6.0,32.15
2013-05-17,0.0,8.0,29.25
2011-06-25,0.0,3.0,26.85
2016-09-08,0.0,1.0,30.5
2017-03-14,11.2,5.0,30.450000000000003
2009-10-28,0.8,1.0,31.25
2014-04-10,17.6,8.0,26.3
2011-06-16,0.0,4.0,22.05
2010-07-21,0.0,7.0,26.55
2013-03-14,12.0,4.0,29.45
2017-02-08,1.2,7.0,26.75
2011-05-14,0.0,5.0,26.2
2010-07-03,0.0,0.0,26.950000000000003
2014-02-09,0.0,6.0,30.049999999999997
2008-11-06,0.0,2.0,31.6
2013-03-11,15.2,7.0,30.0
2012-11-30,0.2,6.0,31.75
2015-02-22,2.6,8.0,29.0
2014-08-25,0.0,0.0,28.2
2016-05-19,0.0,4.0,30.900000000000002
2016-06-30,0.0,1.0,29.25
2013-11-10,9.4,7.0,31.65
2011-12-04,0.0,3.0,31.3
2016-01-15,7.2,3.0,30.450000000000003
2012-01-19,1.0,6.0,28.05
2015-07-03,0.0,2.0,28.4
2013-11-07,0.0,2.0,31.5
2016-01-30,0.2,8.0,27.9
2009-09-19,0.0,4.0,29.799999999999997
2008-09-07,0.0,1.0,28.95
2016-07-30,0.0,1.0,26.950000000000003
2010-07-18,0.0,1.0,28.3
2010-04-30,0.2,7.0,30.0
2010-04-13,1.8,7.0,29.85
2016-12-01,0.0,7.0,30.45
2009-03-18,8.6,5.0,31.200000000000003
2009-11-06,0.0,1.0,31.15
2010-08-08,0.0,6.0,27.25
2015-02-01,0.0,8.0,28.9
2013-12-23,28.0,7.0,26.7
2009-04-14,0.0,5.0,32.2
2012-03-10,0.0,7.0,29.25
2015-06-22,0.0,0.0,26.8
2010-10-04,0.0,1.0,31.549999999999997
2010-03-25,10.8,7.0,30.25
2012-01-13,0.0,7.0,32.05
2013-04-28,0.0,2.0,30.349999999999998
2014-01-29,82.2,8.0,25.25
2014-11-26,13.8,7.0,28.3
2016-02-25,40.4,6.0,28.85
2011-12-17,0.0,6.0,31.4
2015-03-10,3.6,6.0,31.150000000000002
2014-07-16,0.0,5.0,27.85
2009-08-20,0.0,1.0,28.049999999999997
2014-12-30,3.2,7.0,29.1
2008-07-16,0.0,0.0,28.7
2012-08-28,0.0,0.0,28.65
2011-10-08,0.0,3.0,30.75
2014-04-09,11.6,8.0,25.15
2011-11-25,0.6,5.0,31.95
2016-04-08,0.0,2.0,31.8
2016-06-15,0.0,3.0,29.35
2008-08-04,0.0,5.0,26.3
2011-11-06,0.0,7.0,30.9
2014-04-23,0.0,7.0,30.599999999999998
2013-01-04,1.0,7.0,31.6
2013-05-23,0.0,6.0,29.450000000000003
2014-10-25,1.0,1.0,30.55
2009-03-19,0.0,6.0,30.549999999999997
2009-11-18,0.4,1.0,32.0
2013-06-26,0.0,1.0,28.1
2015-10-22,0.0,1.0,31.5
2012-07-30,0.0,5.0,24.799999999999997
2016-12-14,8.0,7.0,30.9
2012-08-04,0.0,2.0,26.5
2015-10-24,0.0,1.0,32.1
2012-08-12,0.0,0.0,23.5
2016-01-11,20.0,2.0,31.6
2009-12-17,1.6,7.0,29.5
2015-01-01,129.4,8.0,24.8
2016-03-03,0.0,1.0,32.05
2010-06-22,0.0,7.0,27.6
2010-03-17,0.0,7.0,29.75
2009-06-03,0.0,7.0,29.4
2009-02-24,3.2,7.0,28.25
2012-01-26,16.4,8.0,26.15
2010-04-01,0.0,7.0,30.45
2013-07-12,0.0,6.0,28.75
2013-08-10,0.0,4.0,25.3
2015-01-23,4.0,8.0,26.299999999999997
2013-07-01,0.0,1.0,25.15
2014-03-25,0.2,7.0,30.549999999999997
2011-10-13,0.0,2.0,30.65
2010-12-28,33.4,8.0,27.4
2012-10-04,0.4,1.0,29.5
2012-04-28,0.0,1.0,27.05
2014-08-13,0.0,3.0,26.85
2015-06-26,0.0,0.0,25.5
2016-01-02,0.0,5.0,30.4
2013-07-17,0.0,6.0,27.75
2008-07-23,0.0,0.0,26.6
2016-04-12,0.0,6.0,32.85
2009-11-11,21.0,1.0,31.35
2017-01-13,0.0,6.0,31.15
2011-02-17,184.6,7.0,26.3
2013-01-12,0.2,7.0,29.450000000000003
2010-08-29,0.0,0.0,30.65
2016-02-01,4.6,7.0,28.950000000000003
2017-06-20,0.0,1.0,28.4
2011-06-14,0.0,6.0,20.299999999999997
2009-10-19,0.0,6.0,30.700000000000003
2012-09-27,0.0,2.0,30.55
2016-05-13,0.0,1.0,30.0
2010-08-01,0.0,7.0,30.35
2012-10-27,0.0,3.0,31.0
2012-09-23,0.0,2.0,30.15
2009-12-21,0.6,6.0,30.35
2015-09-07,0.0,2.0,29.1
2010-05-08,0.0,5.0,27.0
2014-02-16,2.0,7.0,29.1
2009-03-09,0.0,1.0,30.9
2014-06-17,0.0,1.0,24.15
2014-05-14,0.0,7.0,30.1
2015-07-18,0.0,1.0,23.35
2010-09-11,0.0,4.0,30.650000000000002
2012-09-19,0.0,4.0,29.6
2014-05-12,0.0,4.0,30.549999999999997
2012-06-18,0.0,5.0,27.2
2015-11-06,0.4,7.0,32.2
2012-05-16,0.0,6.0,25.55
2012-08-17,0.0,2.0,25.9
2011-01-21,9.0,8.0,26.85
2014-02-22,0.0,7.0,30.0
2014-01-03,0.0,1.0,32.25
2016-08-07,0.0,2.0,25.3
2008-12-10,27.2,5.0,31.25
2009-06-27,0.0,1.0,27.1
2009-09-01,0.0,7.0,30.299999999999997
2009-02-27,35.8,7.0,27.5
2009-01-10,10.4,7.0,28.55
2008-10-13,1.0,3.0,31.5
2017-04-20,1.8,6.0,30.4
2014-03-05,0.0,6.0,29.5
2011-07-23,0.0,5.0,25.299999999999997
2008-09-09,0.0,1.0,30.25
2010-06-18,0.0,0.0,28.75
2015-03-02,6.0,8.0,27.3
2015-04-23,0.0,4.0,30.15
2012-03-11,24.0,8.0,27.25
2015-08-27,0.0,2.0,27.85
2013-05-25,0.0,2.0,23.9
2009-02-22,8.0,7.0,27.4
2015-09-24,1.6,2.0,29.8
2013-03-20,20.6,2.0,30.4
2015-10-06,42.6,2.0,26.950000000000003
2017-03-09,32.6,7.0,27.6
2016-01-19,0.0,3.0,31.65
2010-02-03,9.0,3.0,30.700000000000003
2011-12-31,11.2,3.0,31.6
2008-11-13,0.0,7.0,32.0
2011-10-01,0.0,2.0,29.85
2012-07-21,0.0,0.0,24.200000000000003
2009-12-22,2.2,7.0,30.2
2015-07-07,0.0,7.0,28.15
2017-03-11,0.0,7.0,30.049999999999997
2014-12-16,0.0,4.0,33.150000000000006
2015-04-17,0.0,1.0,31.1
2009-02-09,48.8,8.0,27.3
2010-11-24,0.0,4.0,32.25
2009-08-30,0.0,1.0,29.2
2012-09-01,0.0,1.0,28.85
2016-01-28,0.2,7.0,30.450000000000003
2012-03-31,0.0,1.0,30.35
2012-03-23,3.2,7.0,29.65
2013-12-05,0.0,6.0,28.450000000000003
2017-02-22,0.0,2.0,31.200000000000003
2010-07-24,0.0,4.0,30.299999999999997
2012-05-26,0.0,7.0,23.4
2010-08-07,0.0,7.0,27.15
2015-12-02,1.8,7.0,30.5
2016-06-20,0.0,1.0,28.450000000000003
2017-06-19,0.0,1.0,28.900000000000002
2015-10-18,0.0,3.0,29.7
2016-02-16,17.2,3.0,31.25
2008-11-11,0.4,7.0,30.25
2010-03-12,0.0,5.0,32.3
2012-02-28,0.6,7.0,29.75
2014-05-25,0.0,2.0,29.7
2016-07-02,0.0,0.0,27.950000000000003
2015-11-12,5.4,1.0,32.55
2010-07-17,0.0,1.0,28.15
2011-08-16,0.0,1.0,27.35
2016-04-09,0.0,4.0,32.05
2010-11-16,3.4,6.0,30.700000000000003
2012-11-27,0.0,3.0,33.25
2013-06-30,0.0,1.0,26.9
2014-06-16,0.0,7.0,23.9
2013-09-07,0.0,2.0,28.9
2013-09-08,0.0,2.0,28.9
2012-02-13,2.8,2.0,30.65
2014-11-20,0.0,2.0,32.3
2013-05-29,0.0,7.0,27.75
2016-11-22,0.0,5.0,28.4
2016-09-01,0.0,2.0,29.4
2015-09-25,1.8,4.0,28.35
2015-09-12,0.0,1.0,30.3
2008-11-26,0.0,7.0,32.45
2015-08-08,0.0,0.0,28.85
2011-03-13,8.6,7.0,28.9
2009-10-08,0.0,0.0,30.799999999999997
2009-01-26,53.4,6.0,28.45
2012-02-17,0.0,6.0,31.2
2013-05-09,0.0,7.0,30.65
2011-07-12,0.0,7.0,27.549999999999997
2013-03-31,3.2,6.0,29.85
2015-01-31,17.6,6.0,28.05
2011-02-24,19.4,7.0,27.1
2015-01-25,7.8,7.0,29.0
2012-01-09,0.0,5.0,31.45
2012-10-02,0.0,1.0,29.4
2011-07-21,0.0,2.0,25.75
2011-02-18,40.0,8.0,25.5
2009-03-31,0.0,3.0,30.85
2010-01-15,1.4,7.0,28.3
2014-12-15,3.8,6.0,32.55
2009-10-20,0.0,6.0,31.55
2009-03-15,19.8,8.0,27.049999999999997
2010-12-11,21.4,7.0,29.15
2015-12-17,2.4,7.0,30.55
2012-08-19,0.0,1.0,27.45
2017-01-12,3.0,6.0,30.4
2014-09-06,0.0,6.0,28.450000000000003
2011-08-20,0.0,0.0,26.4
2014-07-12,0.0,0.0,26.45
2015-02-13,0.0,7.0,30.95
2016-01-07,0.0,4.0,31.35
2016-09-04,0.0,5.0,29.95
2017-03-21,33.8,7.0,28.3
2008-11-01,0.0,1.0,31.700000000000003
2016-05-15,0.0,2.0,30.55
2014-06-19,0.0,7.0,26.45
2017-01-07,0.0,8.0,30.65
2013-05-31,0.0,5.0,29.25
2009-08-21,0.0,1.0,28.9
2017-06-16,0.0,1.0,26.15
2009-01-20,1.6,7.0,30.65
2008-10-02,0.0,1.0,30.45
2009-09-27,15.0,4.0,30.799999999999997
2016-03-21,12.8,6.0,30.799999999999997
2013-08-30,0.0,3.0,28.95
2015-07-19,0.0,0.0,24.15
2010-11-04,0.0,4.0,30.7
2012-10-12,0.0,3.0,31.05
2010-04-02,0.0,7.0,28.35
2015-05-22,0.0,2.0,30.15
2014-07-07,0.0,1.0,25.9
2016-09-20,0.6,3.0,30.35
2011-01-18,25.8,8.0,26.5
2016-03-17,3.0,8.0,30.65
2013-11-18,9.8,7.0,30.049999999999997
2012-02-20,0.8,7.0,29.0
2012-04-29,0.0,1.0,26.6
2009-07-13,0.0,5.0,26.6
2015-03-16,17.0,2.0,31.200000000000003
2009-06-10,0.0,6.0,26.5
2014-04-27,0.0,7.0,30.3
2016-04-02,21.4,3.0,31.700000000000003
2016-10-22,23.6,8.0,25.2
2012-05-04,25.6,2.0,30.200000000000003
2010-09-05,3.4,7.0,27.799999999999997
2009-07-23,0.0,1.0,27.15
2016-10-13,2.0,2.0,30.9
2010-01-27,0.0,7.0,30.599999999999998
2009-07-10,0.0,0.0,25.6
2013-08-31,0.0,2.0,29.6
2010-06-01,0.0,5.0,26.35
2011-01-16,64.8,8.0,25.15
2017-06-01,0.0,4.0,27.4
2010-07-10,0.0,2.0,28.4
2010-12-12,40.6,7.0,26.85
2009-04-20,0.0,7.0,30.799999999999997
2017-01-15,0.0,7.0,30.85
2013-10-20,0.0,3.0,31.35
2016-04-26,0.0,2.0,30.5
2013-10-08,0.0,7.0,30.9
2009-08-16,0.0,1.0,28.0
2012-04-05,0.0,5.0,30.5
2012-04-19,0.0,5.0,31.15
2011-09-26,0.0,1.0,29.65
2015-11-24,0.0,1.0,32.95
2015-11-30,0.6,8.0,28.35
2009-02-03,0.4,7.0,29.799999999999997
2009-04-03,0.0,1.0,30.650000000000002
2013-10-28,0.4,4.0,30.25
2012-11-29,3.4,7.0,28.15
2014-06-13,0.0,4.0,27.2
2009-11-28,0.0,6.0,30.9
2009-05-17,0.0,1.0,29.5
2014-05-26,0.0,2.0,30.65
2016-04-14,1.6,6.0,30.4
2012-05-29,0.0,7.0,22.3
2013-06-15,0.0,6.0,27.0
2008-08-26,0.0,4.0,29.1
2008-08-05,0.0,1.0,26.75
2016-09-25,0.0,4.0,31.0
2009-03-23,0.0,7.0,30.7
2014-08-26,0.0,1.0,28.700000000000003
2016-04-21,0.0,1.0,32.3
2010-08-04,0.0,4.0,26.4
2013-06-13,0.0,4.0,29.549999999999997
2012-02-16,0.8,5.0,30.05
2015-05-01,0.0,6.0,28.950000000000003
2014-11-18,0.0,2.0,31.85
2012-11-07,0.0,8.0,27.7
2010-02-05,0.0,3.0,31.15
2013-08-29,0.0,1.0,28.549999999999997
2011-12-13,11.6,6.0,31.2
2014-12-01,0.0,7.0,32.150000000000006
2015-10-05,0.0,1.0,29.9
2013-09-17,0.0,1.0,30.049999999999997
2016-06-06,0.0,2.0,30.549999999999997
2010-06-30,0.0,7.0,28.049999999999997
2013-01-01,0.0,6.0,32.3
2016-12-25,0.6,5.0,30.95
2015-03-04,6.8,5.0,29.95
2015-10-23,0.0,1.0,31.25
2011-11-29,9.0,8.0,28.4
2012-10-16,0.0,4.0,31.0
2011-11-09,0.2,6.0,30.0
2016-06-22,0.0,1.0,27.75
2015-11-28,0.0,7.0,29.0
2011-07-24,0.0,1.0,26.4
2011-07-18,0.0,5.0,28.3
2017-04-08,0.0,5.0,31.55
2010-06-03,0.0,1.0,26.05
2009-03-14,13.4,7.0,28.25
2008-08-19,0.0,2.0,26.0
2011-10-04,0.0,1.0,30.0
2012-06-08,0.0,1.0,24.200000000000003
2017-04-25,0.0,7.0,30.7
2016-06-02,0.0,6.0,30.05
2010-02-26,136.4,8.0,23.35
2014-09-21,0.0,1.0,29.299999999999997
2015-10-15,0.0,1.0,29.45
2011-12-26,7.2,8.0,29.3
2016-08-28,0.0,1.0,28.5
2014-01-06,5.6,5.0,31.25
2011-05-30,0.0,3.0,26.0
2010-05-30,0.0,7.0,29.1
2015-08-05,0.0,2.0,25.65
2014-10-16,0.0,1.0,31.049999999999997
2015-05-03,0.0,6.0,28.35
2014-12-14,0.0,7.0,30.85
2010-09-10,0.0,7.0,29.1
2015-08-02,0.0,1.0,28.25
2012-10-20,0.0,1.0,31.4
2013-11-08,1.2,3.0,31.3
2009-11-10,7.2,6.0,30.3
2016-09-19,33.4,7.0,27.1
2013-12-30,0.0,7.0,29.95
2009-09-25,0.0,1.0,31.2
2012-01-03,31.4,7.0,31.05
2010-06-16,0.0,3.0,26.9
2013-11-17,10.2,2.0,32.0
2013-10-07,0.0,5.0,30.5
2012-08-21,0.0,7.0,25.75
2011-01-24,37.6,8.0,25.200000000000003
2014-07-26,0.0,1.0,28.35
2015-08-31,0.0,1.0,28.799999999999997
2008-08-10,0.0,7.0,26.75
2015-02-14,13.2,6.0,31.150000000000002
2009-05-18,0.0,4.0,29.4
2015-05-16,0.0,0.0,24.6
2008-08-18,0.0,1.0,25.3
2009-08-18,0.0,1.0,29.2
2015-12-18,8.6,7.0,30.15
2015-07-13,0.0,0.0,25.1
2013-09-20,0.0,2.0,31.1
2016-07-22,0.0,1.0,27.35
2016-01-05,0.0,2.0,31.25
2016-06-26,0.0,4.0,28.6
2012-10-03,0.0,2.0,29.95
2009-05-29,0.0,3.0,29.25
2011-03-28,11.2,7.0,28.799999999999997
2015-04-25,0.0,3.0,29.75
2011-11-13,12.0,7.0,30.3
2015-04-22,0.0,7.0,28.7
2017-06-03,0.0,7.0,27.45
2011-09-03,0.0,3.0,28.45
2013-12-11,0.0,5.0,30.6
2015-03-20,15.2,2.0,31.25
2015-03-24,0.0,8.0,28.450000000000003
2010-11-12,0.0,2.0,31.549999999999997
2016-12-26,0.0,7.0,30.15
2009-05-21,0.0,4.0,29.6
2012-03-02,72.2,7.0,27.450000000000003
2013-12-09,7.4,6.0,32.25
2016-02-06,7.8,6.0,28.950000000000003
2015-05-20,0.0,1.0,29.65
2015-06-05,0.0,1.0,27.55
2012-02-10,1.0,1.0,30.9
2011-01-10,13.8,8.0,27.8
2017-04-05,0.0,5.0,30.8
2016-05-27,0.0,4.0,30.3
2012-10-25,0.0,7.0,30.95
2010-12-02,16.4,6.0,29.9
2014-01-30,42.0,8.0,25.95
2010-03-15,0.4,5.0,30.15
2010-01-13,91.4,8.0,26.35
2009-09-10,9.2,2.0,29.55
2010-02-27,131.4,8.0,26.35
2016-04-11,0.0,1.0,32.3
2010-09-01,0.0,1.0,30.8
2013-10-31,0.0,1.0,32.4
2012-02-07,0.0,8.0,27.65
2011-02-15,132.6,8.0,23.799999999999997
2011-07-22,0.0,1.0,25.4
2010-11-23,6.6,6.0,31.799999999999997
2011-12-29,0.0,7.0,32.75
2010-03-20,9.0,7.0,29.299999999999997
2009-09-11,0.0,5.0,29.8
2009-02-11,8.4,7.0,28.15
2013-04-30,0.0,2.0,30.900000000000002
2009-11-29,0.6,5.0,32.3
2014-08-14,0.0,1.0,25.6
2017-05-07,0.0,2.0,30.65
2012-08-16,0.0,4.0,25.8
2009-05-20,0.4,5.0,29.25
2009-04-10,0.2,7.0,30.3
2016-08-04,0.0,1.0,24.9
2009-04-28,0.0,3.0,30.4
2010-09-30,2.8,3.0,30.15
2014-07-25,0.0,3.0,26.15
2010-03-04,0.0,7.0,30.7
2012-10-26,0.2,3.0,32.3
2013-04-06,0.0,8.0,30.3
2016-03-04,0.0,5.0,32.65
2015-11-22,0.0,2.0,31.95
2009-08-11,0.0,1.0,27.1
2009-10-17,0.0,1.0,32.3
2011-12-22,5.8,7.0,30.1
2012-11-24,0.0,7.0,29.0
2012-04-16,0.0,3.0,31.05
2017-02-11,7.2,7.0,29.049999999999997
2013-05-21,0.0,5.0,30.5
2015-12-10,0.4,6.0,31.0
2009-04-30,0.0,3.0,29.3
2008-12-29,0.0,8.0,26.9
2013-11-02,0.8,2.0,31.05
2009-04-05,0.0,3.0,29.35
2014-05-11,0.0,4.0,29.25
2011-07-25,0.0,1.0,26.049999999999997
2016-10-16,0.0,5.0,30.85
2014-02-13,30.8,7.0,29.200000000000003
2015-03-23,6.2,7.0,31.0
2015-04-14,1.6,5.0,28.85
2015-06-28,0.0,0.0,26.7
2014-06-23,0.0,0.0,27.1
2013-08-06,0.0,0.0,27.7
2011-03-22,2.2,7.0,29.9
2016-02-13,0.4,7.0,29.799999999999997
2016-09-16,0.0,7.0,30.65
2016-05-11,0.0,5.0,29.35
2017-04-11,23.4,8.0,20.05
2015-07-15,0.0,0.0,24.1
2010-11-30,57.6,6.0,31.0
2008-10-27,0.0,7.0,31.85
2011-03-31,14.8,8.0,25.200000000000003
2011-11-15,0.0,3.0,31.5
2010-03-27,0.0,7.0,30.950000000000003
2012-01-16,4.4,7.0,31.849999999999998
2014-11-14,0.0,1.0,31.8
2016-08-12,0.0,1.0,30.0
2015-03-29,0.0,7.0,30.9
2014-03-30,0.4,4.0,31.25
2013-08-26,0.0,5.0,28.75
2017-01-04,24.0,5.0,30.25
2009-04-12,0.0,4.0,31.85
2013-09-16,0.0,2.0,29.25
2013-07-29,0.0,7.0,27.0
2011-06-11,0.0,6.0,22.05
2012-01-02,0.0,6.0,31.3
2013-05-08,0.0,1.0,29.5
2013-06-21,0.0,7.0,26.6
2015-12-15,8.6,7.0,30.65
2010-06-14,0.0,3.0,25.95
2014-07-10,0.0,3.0,25.9
2011-05-28,0.0,6.0,24.8
2009-07-21,0.0,5.0,27.8
2016-05-29,0.0,7.0,28.65
2012-11-20,0.0,2.0,32.349999999999994
2012-06-06,0.0,6.0,23.5
2016-05-20,0.0,1.0,31.5
2010-09-24,5.0,7.0,30.950000000000003
2016-04-22,0.0,4.0,32.45
2014-09-08,0.0,1.0,27.9
2017-05-18,0.0,2.0,29.599999999999998
2012-03-15,96.8,8.0,25.85
2016-07-18,0.0,0.0,24.549999999999997
2015-05-08,0.0,1.0,28.950000000000003
2014-08-16,0.0,1.0,25.55
2015-11-15,44.6,7.0,29.55
2017-01-29,7.6,5.0,29.299999999999997
2013-12-28,0.4,7.0,29.15
2009-08-14,0.0,3.0,28.35
2015-07-29,0.0,0.0,27.5
2011-05-08,0.0,7.0,27.1
2015-07-02,0.0,1.0,29.0
2011-07-19,0.0,6.0,27.65
2014-04-26,0.0,7.0,30.65
2017-02-04,4.4,8.0,26.0
2013-10-09,2.0,4.0,31.599999999999998
2010-02-07,0.0,6.0,31.2
2015-08-07,0.0,2.0,26.1
2014-06-21,0.0,1.0,28.85
2009-10-11,0.0,4.0,30.5
2012-04-13,2.6,5.0,28.75
2011-02-20,5.2,8.0,28.9
2012-02-11,0.0,4.0,31.35
2016-11-17,0.0,3.0,31.75
2008-12-30,22.2,7.0,28.0
2012-09-24,0.0,1.0,30.15
2014-11-28,104.8,7.0,26.95
2010-02-21,1.4,6.0,31.85
2010-10-31,29.8,6.0,27.15
2015-09-21,0.0,1.0,30.4
2016-05-23,0.0,2.0,31.55
2010-11-29,0.0,7.0,27.7
2015-09-01,0.0,1.0,29.4
2015-01-11,25.2,8.0,29.6
2017-03-07,34.8,8.0,29.25
2012-04-23,0.0,7.0,27.450000000000003
2008-10-29,0.0,6.0,31.200000000000003
2016-08-31,0.0,1.0,30.0
2016-04-05,0.0,5.0,30.35
2014-09-17,0.0,2.0,29.200000000000003
2013-12-10,0.0,7.0,31.9
2009-08-10,0.0,0.0,27.9
2016-05-31,0.0,1.0,31.099999999999998
2011-10-19,10.2,6.0,30.7
2011-01-09,5.2,7.0,30.2
2009-07-02,0.0,2.0,28.2
2012-01-05,0.0,7.0,31.6
2012-06-26,0.0,1.0,23.65
2012-05-23,0.0,6.0,27.9
2011-01-13,13.4,6.0,29.1
2013-10-24,26.8,4.0,29.3
2013-10-04,18.2,2.0,30.5
2013-09-30,0.0,1.0,30.7
2012-06-01,0.0,4.0,29.3
2010-02-12,0.0,3.0,31.4
2011-12-18,36.2,7.0,30.2
2011-11-05,0.0,2.0,30.950000000000003
2009-02-06,2.0,7.0,29.0
2013-11-04,0.4,6.0,32.4
2008-12-24,3.6,7.0,29.65
2014-10-27,0.0,1.0,30.45
2010-03-13,0.0,7.0,30.45
2011-06-22,0.0,2.0,24.05
2014-09-09,0.0,1.0,28.95
2011-10-16,0.0,4.0,31.400000000000002
2010-09-25,0.0,7.0,31.0
2009-01-27,0.4,7.0,29.049999999999997
2013-07-22,0.0,3.0,28.950000000000003
2015-12-24,122.8,8.0,25.0
2016-08-22,0.0,1.0,27.950000000000003
2015-05-12,0.0,0.0,30.1
2014-05-18,0.0,6.0,30.2
2015-10-30,0.0,1.0,31.4
2012-07-17,0.0,5.0,28.85
2016-12-04,0.0,4.0,32.1
2008-10-15,57.6,6.0,30.45
2010-03-08,0.0,7.0,31.65
2010-09-26,0.0,1.0,30.7
2017-05-13,0.0,7.0,28.4
2016-05-21,0.0,3.0,30.75
2012-01-01,7.2,6.0,31.55
2015-03-28,2.2,6.0,28.6
2017-03-05,55.0,7.0,26.35
2017-05-02,0.0,2.0,29.0
2011-11-16,0.0,6.0,29.25
2013-08-09,0.0,0.0,26.75
2014-02-03,22.4,7.0,28.950000000000003
2014-02-01,61.8,8.0,28.1
2010-01-10,22.6,7.0,29.0
2015-01-06,4.0,7.0,30.3
2012-04-03,1.4,2.0,30.450000000000003
2012-05-20,0.0,3.0,28.9
2015-05-05,0.0,7.0,28.7
2017-04-16,0.0,3.0,30.4
2013-06-08,0.0,1.0,28.7
2014-04-01,9.0,3.0,31.049999999999997
2009-11-22,0.0,7.0,32.2
2015-07-25,0.0,1.0,28.2
2011-01-04,39.2,7.0,30.5
2009-05-03,0.0,7.0,29.95
2014-05-23,0.0,1.0,30.15
2014-06-09,0.0,1.0,26.05
2010-09-18,0.0,1.0,30.6
2013-12-01,0.0,7.0,30.7
2014-04-11,18.2,7.0,30.45
2010-12-22,0.0,6.0,27.8
2017-05-11,0.0,1.0,28.25
2012-02-15,0.0,4.0,31.15
2015-08-09,0.0,1.0,26.700000000000003
2008-12-12,0.6,7.0,29.65
2008-07-14,0.0,6.0,27.0
2014-07-19,0.0,1.0,26.65
2010-10-08,8.2,7.0,27.4
2008-08-03,0.0,3.0,28.3
2016-06-16,0.0,2.0,29.2
2014-01-28,4.4,7.0,27.45
2009-12-15,13.0,7.0,27.8
2012-10-21,0.0,1.0,30.6
2010-05-29,24.4,7.0,28.5
2010-01-08,23.8,8.0,31.4
2012-05-07,0.0,7.0,28.2
2015-06-03,0.0,2.0,29.45
2011-01-19,14.4,7.0,28.0
2009-08-27,0.0,3.0,29.35
2009-12-31,5.6,7.0,30.549999999999997
2014-01-17,14.6,8.0,27.65
2011-03-25,8.0,7.0,29.700000000000003
2016-03-11,1.6,7.0,30.5
2016-09-13,0.0,4.0,30.65
2012-06-21,0.0,0.0,25.1
2010-09-17,0.0,1.0,30.35
2011-06-24,0.0,2.0,24.45
2013-04-04,0.0,3.0,29.65
2014-10-15,9.4,6.0,28.85
2012-07-07,0.0,1.0,25.85
2013-10-23,7.8,6.0,30.65
2009-05-06,0.0,7.0,28.6
2014-10-31,0.0,1.0,31.55
2015-05-26,0.0,2.0,29.950000000000003
2013-01-14,13.2,7.0,29.95
2014-10-03,0.0,1.0,30.6
2008-07-06,0.0,0.0,26.65
2015-07-01,0.0,5.0,28.4
2011-09-18,0.0,1.0,29.6
2014-08-27,0.0,1.0,28.25
2010-06-17,0.0,1.0,27.4
2011-08-07,0.0,5.0,27.35
2016-11-10,0.0,5.0,29.85
2017-05-15,0.0,7.0,27.9
2012-03-04,0.0,7.0,29.75
2009-07-19,0.0,0.0,27.05
2010-03-29,0.0,7.0,31.25
2012-04-10,0.0,4.0,31.1
2009-12-01,0.0,7.0,32.599999999999994
2013-11-30,0.0,6.0,30.75
2016-01-12,0.0,2.0,31.6
2011-08-03,0.0,4.0,26.75
2016-07-23,0.0,2.0,28.6
2008-09-20,0.0,2.0,29.95
2008-10-06,0.0,2.0,32.35
2011-08-29,0.0,1.0,29.05
2013-04-05,0.0,6.0,30.35
2014-08-30,0.0,0.0,27.549999999999997
2015-03-12,0.0,5.0,32.45
2015-03-07,3.0,7.0,28.95
2016-07-29,0.0,1.0,28.0
2009-06-21,0.0,5.0,25.9
2011-11-19,0.8,6.0,29.25
2017-05-14,0.0,7.0,29.25
2012-04-07,0.0,2.0,29.95
2013-09-22,0.0,1.0,30.6
2017-05-26,0.0,0.0,29.200000000000003
2008-11-19,7.8,3.0,31.299999999999997
2010-10-12,0.8,7.0,28.95
2014-06-12,0.0,4.0,25.950000000000003
2014-08-04,0.0,3.0,27.8
2009-11-09,21.8,7.0,30.95
2012-03-16,17.6,8.0,29.6
2014-03-06,0.2,7.0,28.700000000000003
2012-08-02,0.0,0.0,25.6
2016-08-13,0.0,1.0,29.4
2010-05-03,0.0,7.0,30.05
2017-06-06,0.0,1.0,27.6
2015-05-29,0.0,7.0,29.45
2014-11-17,7.4,3.0,31.9
2015-06-06,0.0,4.0,28.05
2016-04-19,0.0,5.0,30.1
2014-03-07,16.2,6.0,29.0
2011-06-18,0.0,1.0,23.25
2014-06-11,0.0,0.0,25.65
2012-10-10,0.0,4.0,32.25
2014-02-11,0.0,7.0,30.4
2010-02-13,0.0,7.0,29.9
2014-05-02,3.2,4.0,30.2
2012-07-23,0.0,0.0,24.9
2013-03-15,0.0,3.0,31.5
2016-10-10,0.0,2.0,30.85
2015-01-09,5.0,8.0,28.299999999999997
2010-05-05,0.0,4.0,30.65
2009-07-26,0.0,2.0,27.5
2009-08-24,0.0,7.0,28.4
2008-12-26,0.0,7.0,31.200000000000003
2017-03-13,0.0,4.0,30.15
2015-02-10,36.6,7.0,27.45
2008-10-26,0.0,5.0,31.5
2012-05-02,0.0,6.0,29.35
2011-07-29,0.0,1.0,27.549999999999997
2012-07-16,0.0,1.0,28.75
2014-04-07,12.4,7.0,29.4
2013-01-10,0.0,6.0,31.349999999999998
2016-02-15,5.2,5.0,31.95
2016-10-30,0.8,1.0,31.799999999999997
2010-08-20,0.0,4.0,29.6
2008-09-15,0.0,7.0,28.5
2009-12-29,12.6,7.0,28.8
2009-02-02,3.4,6.0,30.049999999999997
2016-02-17,0.0,3.0,31.8
2009-10-07,0.0,1.0,30.95
2012-10-05,0.0,5.0,30.700000000000003
2008-07-08,0.0,0.0,26.25
2012-10-08,0.0,6.0,29.45
2014-10-24,0.0,1.0,31.4
2015-11-11,0.0,1.0,32.3
2009-02-20,0.2,1.0,30.299999999999997
2014-04-13,2.2,8.0,26.8
2009-01-12,0.0,5.0,31.4
2015-07-23,0.0,1.0,27.05
2013-07-04,0.0,6.0,26.0
2010-06-28,0.0,6.0,28.2
2009-10-01,0.0,1.0,30.7
2013-07-02,0.0,1.0,22.5
2009-02-21,0.0,7.0,30.7
2010-05-19,5.8,5.0,29.049999999999997
2008-08-07,0.0,0.0,27.0
2016-07-07,0.0,1.0,27.35
2010-08-16,0.0,0.0,28.450000000000003
2016-01-20,1.0,7.0,28.9
2010-04-18,3.6,7.0,28.299999999999997
2011-07-07,0.0,1.0,27.05
2014-03-24,8.4,7.0,30.65
2014-02-24,1.2,6.0,30.0
2014-12-23,0.0,3.0,31.25
2017-06-08,0.0,4.0,26.05
2015-06-30,0.0,1.0,27.8
2016-03-26,13.8,7.0,29.75
2015-08-14,0.0,0.0,28.799999999999997
2012-01-18,13.0,7.0,27.75
2015-12-12,13.2,7.0,31.25
2011-01-27,0.0,3.0,31.2
2012-03-27,0.0,6.0,30.299999999999997
2016-09-26,0.0,6.0,31.45
2017-03-04,31.2,8.0,29.65
2011-05-10,0.6,1.0,28.049999999999997
2015-09-17,0.0,3.0,29.05
2013-10-25,2.8,5.0,31.15
2014-01-15,64.2,7.0,29.0
2011-07-04,0.0,6.0,27.25
2016-11-23,80.6,7.0,26.75
2013-03-01,1.0,7.0,29.15
2014-11-15,0.0,3.0,31.849999999999998
2015-06-29,0.0,1.0,27.6
2016-04-10,0.0,3.0,32.2
2011-08-05,0.0,3.0,26.65
2014-08-22,0.0,0.0,26.1
2008-09-04,0.0,1.0,28.450000000000003
2010-09-04,6.8,8.0,26.549999999999997
2012-11-18,0.8,7.0,29.4
2012-03-14,142.2,8.0,26.4
2016-06-19,0.0,2.0,29.05
2014-11-27,4.6,7.0,31.35
2014-03-26,0.0,6.0,30.9
2015-03-17,2.0,2.0,31.0
2010-01-19,0.0,4.0,30.2
2016-05-03,0.0,8.0,26.549999999999997
2012-08-05,0.0,1.0,25.95
2017-02-05,210.6,8.0,26.65
2013-04-17,0.0,2.0,31.6
2009-10-10,0.0,6.0,31.0
2014-09-04,0.0,4.0,28.35
2014-01-11,12.2,7.0,29.6
2012-02-08,27.2,6.0,30.0
2012-05-05,0.0,3.0,28.95
2010-09-28,0.0,5.0,30.55
2014-01-20,40.6,8.0,29.4
2009-11-04,7.4,7.0,29.15
2009-10-18,0.0,1.0,33.6
2014-04-15,0.0,4.0,29.45
2011-09-17,0.0,6.0,28.6
2012-04-27,0.0,6.0,26.5
2011-03-14,19.6,4.0,29.9
2013-01-18,0.0,7.0,27.75
2009-02-04,8.6,8.0,30.2
2011-08-10,0.0,3.0,27.049999999999997
2014-10-23,0.0,1.0,31.1
2016-08-05,0.0,1.0,24.35
2009-01-03,2.0,7.0,30.25
2015-01-16,23.2,7.0,26.0
2011-02-10,0.0,7.0,26.9
2011-12-15,11.4,6.0,31.0
2008-11-20,9.2,3.0,32.45
2016-03-31,0.0,8.0,31.4
2017-03-23,20.0,7.0,28.950000000000003
2015-07-11,0.0,0.0,27.950000000000003
2015-07-14,0.0,2.0,22.35
2015-12-28,0.4,7.0,28.75
2009-07-01,0.0,1.0,28.6
2009-01-01,2.4,7.0,29.75
2017-01-21,23.0,6.0,26.9
2010-03-23,0.0,6.0,29.0
2014-01-04,0.0,5.0,31.400000000000002
2008-09-21,0.0,1.0,30.8
2015-07-22,0.0,1.0,26.4
2014-11-12,0.0,2.0,31.65
2014-03-02,0.0,2.0,30.55
2011-10-14,0.0,1.0,31.9
2017-04-06,24.6,3.0,29.25
2009-06-11,0.0,7.0,23.549999999999997
2010-06-10,0.0,1.0,26.700000000000003
2011-01-11,78.4,8.0,25.25
2011-09-24,0.0,1.0,29.200000000000003
2014-04-22,0.0,7.0,30.6
2009-10-03,0.0,2.0,30.85
2010-07-09,0.0,4.0,28.4
2010-04-17,0.0,7.0,28.5
2016-10-20,17.4,6.0,27.700000000000003
2014-07-22,0.0,5.0,27.1
2014-09-24,0.0,8.0,29.299999999999997
2011-01-17,3.4,7.0,29.549999999999997
2014-08-17,0.0,1.0,25.2
2014-10-21,0.0,2.0,31.05
2010-06-24,0.0,4.0,29.15
2013-05-12,0.0,3.0,30.849999999999998
2015-01-13,0.0,8.0,30.85
2012-03-20,0.0,6.0,30.299999999999997
2013-11-06,0.0,2.0,30.75
2009-04-19,0.4,7.0,29.7
2014-10-10,0.0,2.0,31.4
2014-03-29,0.0,3.0,30.6
2016-11-27,0.0,1.0,31.75
2009-12-08,0.0,3.0,32.650000000000006
2012-02-02,0.0,8.0,28.35
2014-08-02,0.0,6.0,29.049999999999997
2012-11-11,0.0,3.0,31.349999999999998
2015-01-29,30.2,3.0,30.1
2010-04-07,0.8,7.0,29.2
2014-10-04,0.0,2.0,29.55
2009-06-16,0.0,2.0,27.8
2008-09-06,0.0,4.0,28.1
2011-11-14,7.4,6.0,26.75
2016-10-23,0.4,6.0,29.35
2013-03-16,8.0,3.0,30.2
2014-12-07,25.4,7.0,31.25
2014-11-04,0.0,7.0,32.0
2013-03-21,0.0,2.0,31.6
2015-10-14,0.0,1.0,30.400000000000002
2012-06-04,0.0,6.0,25.75
2008-07-07,0.0,2.0,27.4
2014-11-13,2.4,1.0,31.75
2015-07-08,0.0,7.0,27.25
2016-12-16,2.4,6.0,31.9
2010-06-21,0.0,5.0,26.1
2010-11-02,14.2,7.0,25.0
2008-11-09,0.0,7.0,30.65
2011-08-30,0.0,1.0,27.799999999999997
2015-05-06,0.0,1.0,29.450000000000003
2014-02-17,2.2,7.0,27.0
2011-12-30,0.0,5.0,29.049999999999997
2016-10-05,2.4,5.0,30.3
2016-03-01,0.0,2.0,32.0
2012-02-01,145.2,7.0,27.5
2014-06-20,0.0,2.0,28.799999999999997
2014-12-26,0.8,7.0,31.95
2013-01-28,25.6,7.0,29.75
2016-01-24,20.8,5.0,28.5
2011-07-13,0.0,1.0,27.25
2012-09-22,0.0,3.0,30.85
2013-08-07,0.0,0.0,26.9
2009-01-31,48.8,7.0,29.75
2010-01-17,17.6,8.0,28.15
2011-08-02,0.0,1.0,27.1
2009-03-02,0.0,5.0,28.15
2012-05-03,25.8,6.0,28.700000000000003
2016-06-24,0.0,3.0,29.299999999999997
2017-02-18,0.0,7.0,30.0
2012-05-13,0.0,7.0,29.15
2015-12-14,0.0,7.0,28.6
2016-03-07,28.6,6.0,30.35
2013-01-05,7.2,7.0,27.950000000000003
2008-12-07,7.2,7.0,30.5
2016-08-26,0.0,1.0,29.8
2012-08-11,0.0,0.0,26.049999999999997
2008-08-24,0.0,3.0,27.6
2016-01-22,10.0,7.0,29.95
2016-06-03,0.0,2.0,30.0
2008-11-14,0.0,2.0,32.75
2016-11-05,0.0,2.0,32.65
2008-10-19,0.0,2.0,30.75
2015-12-03,0.0,2.0,32.1
2008-07-22,0.0,1.0,28.3
2009-09-30,0.0,0.0,30.849999999999998
2015-10-20,0.0,1.0,30.1
2014-12-05,0.8,7.0,30.4
2015-07-26,0.0,2.0,28.299999999999997
2009-08-17,0.0,1.0,29.25
2010-05-06,0.0,5.0,30.9
2015-08-12,0.0,1.0,27.35
2012-07-13,0.0,4.0,27.05
2013-12-31,0.0,4.0,31.6
2014-02-21,9.6,7.0,29.200000000000003
2010-02-17,0.0,5.0,31.3
2008-08-12,0.0,5.0,26.450000000000003
2009-05-09,0.0,6.0,29.1
2013-08-14,0.0,2.0,27.7
2013-10-14,0.0,7.0,30.35
2012-08-26,0.0,3.0,29.75
2017-03-26,18.2,7.0,28.85
2016-06-13,0.0,1.0,27.5
2014-10-20,4.4,2.0,30.5
2014-10-06,0.0,2.0,30.35
2016-08-10,0.0,1.0,28.4
2012-11-22,0.0,3.0,32.15
2016-06-17,0.0,2.0,29.75
2014-11-29,0.6,7.0,30.4
2011-10-12,0.0,4.0,30.2
2009-03-17,12.8,5.0,29.0
2016-12-09,0.4,6.0,32.3
2008-07-27,0.0,0.0,24.549999999999997
2014-08-11,0.0,1.0,27.7
2011-06-05,0.0,3.0,25.85
2010-02-04,0.0,4.0,31.35
2013-03-30,80.6,8.0,27.8
2010-12-09,2.4,6.0,28.15
2014-08-06,0.0,0.0,25.5
2013-08-08,0.0,0.0,25.95
2015-12-04,0.0,7.0,29.1
2014-03-16,8.2,7.0,29.0
2011-11-23,4.0,0,0
2015-09-10,0.0,0.0,30.25
2011-11-02,2.4,2.0,31.049999999999997
2013-04-21,0.0,6.0,31.35
2011-08-13,0.0,1.0,28.45
2013-05-16,0.0,7.0,30.150000000000002
2011-01-26,25.0,7.0,27.55
2016-10-14,0.0,2.0,31.15
2012-05-28,0.0,1.0,25.15
2009-11-05,0.0,3.0,30.95
2012-08-03,0.0,1.0,26.65
2013-08-02,0.0,1.0,27.799999999999997
2014-01-14,30.0,7.0,25.05
2010-08-28,0.0,1.0,29.3
2014-08-29,0.0,0.0,27.15
2016-10-25,0.0,3.0,29.85
2008-10-03,0.0,3.0,31.25
2010-11-06,0.0,7.0,29.0
2016-06-27,0.0,2.0,31.15
2011-12-12,0.0,8.0,27.45
2009-09-22,0.0,3.0,30.85
2010-10-16,18.2,8.0,26.25
2014-10-19,0.0,3.0,30.6
2015-10-25,0.0,1.0,31.85
2010-03-22,2.2,5.0,30.6
2013-08-12,0.0,7.0,26.0
2010-07-07,0.0,5.0,27.4
2014-03-27,0.0,2.0,30.900000000000002
2017-05-20,0.2,1.0,29.15
2014-02-19,49.0,6.0,26.9
2013-01-17,0.0,8.0,28.3
2013-10-11,0.0,7.0,31.05
2017-01-28,10.2,3.0,29.9
2013-08-27,0.0,6.0,29.200000000000003
2015-06-16,0.0,2.0,29.45
2010-04-10,0.2,7.0,29.65
2015-01-14,0.0,8.0,28.3
2008-12-11,6.8,7.0,30.5
2016-12-24,0.0,7.0,30.25
2017-01-20,25.6,7.0,27.3
2011-08-19,0.0,2.0,27.65
2012-02-26,0.0,7.0,28.9
2013-04-15,0.0,5.0,30.4
2016-06-04,0.0,1.0,30.55
2011-03-04,15.4,7.0,27.65
2016-10-06,0.0,6.0,32.05
2015-08-28,0.0,1.0,29.05
2014-08-19,0.0,1.0,24.65
2013-09-23,0.0,1.0,31.7
2013-05-20,0.0,3.0,29.4
2013-12-12,1.8,1.0,32.15
2008-11-16,0.0,5.0,31.0
2014-01-31,35.6,7.0,26.1
2009-05-08,0.0,7.0,26.9
2012-05-12,0.0,6.0,29.049999999999997
2010-04-19,2.0,7.0,29.2
2009-01-11,9.8,3.0,30.85
2015-12-05,0.0,7.0,31.8
2016-02-21,0.0,2.0,31.349999999999998
2013-12-25,8.2,8.0,25.2
2017-01-17,1.4,5.0,30.950000000000003
2012-05-31,0.0,2.0,26.3
2015-10-13,0.0,1.0,30.3
2014-08-20,0.0,0.0,25.200000000000003
2012-09-25,0.0,1.0,31.15
2009-05-30,0.0,2.0,30.1
2014-05-01,0.0,4.0,29.549999999999997
2012-07-11,0.0,4.0,27.7
2012-07-10,0.0,4.0,27.2
2017-02-28,21.4,5.0,30.15
2009-01-23,81.0,7.0,28.5
2011-02-21,0.0,4.0,30.2
2010-04-04,1.8,7.0,29.85
2011-12-14,0.0,7.0,31.55
2009-01-17,0.0,7.0,28.55
2013-05-26,0.0,2.0,24.85
2016-09-29,0.0,7.0,30.35
2008-11-25,0.0,7.0,31.9
2015-06-15,0.0,2.0,28.15
2009-06-22,0.0,7.0,26.85
2011-08-18,0.0,5.0,28.200000000000003
2013-03-08,4.8,6.0,29.65
2012-09-06,0.0,3.0,28.7
2013-06-03,0.0,5.0,28.1
2008-08-28,0.0,1.0,29.1
2017-02-06,59.6,8.0,26.950000000000003
2015-11-09,0.0,2.0,32.45
2012-03-06,91.0,7.0,28.6
2011-03-17,0.0,7.0,29.1
2011-12-08,0.4,7.0,29.5
2016-11-24,0.2,5.0,31.05
2015-03-31,0.0,1.0,31.3
2017-06-07,0.0,1.0,26.75
2010-10-29,3.4,7.0,30.549999999999997
2010-08-03,0.0,7.0,27.25
2015-05-30,0.0,7.0,28.05
2011-07-09,0.0,2.0,24.85
2009-11-13,8.6,7.0,30.400000000000002
2010-03-30,19.0,7.0,29.95
2008-08-15,0.0,3.0,28.65
2013-03-28,61.8,7.0,26.8
2016-08-18,0.0,3.0,28.5
2016-01-14,0.0,8.0,28.2
2014-06-18,0.0,3.0,26.700000000000003
2015-08-18,0.0,1.0,26.9
2011-08-27,0.0,3.0,27.55
2016-10-24,0.0,1.0,31.450000000000003
2015-02-16,8.6,7.0,30.0
2011-10-24,21.8,6.0,26.5
2014-01-07,0.0,1.0,32.7
2012-11-09,0.0,7.0,30.05
2009-04-07,17.8,6.0,29.200000000000003
2012-10-01,3.2,7.0,28.4
2015-02-20,49.2,8.0,24.4
2013-06-14,0.0,7.0,28.049999999999997
2017-02-10,72.8,7.0,25.6
2015-07-20,0.0,1.0,25.65
2015-07-28,0.0,0.0,27.55
2011-09-10,3.2,1.0,28.0
2010-05-18,0.0,7.0,26.7
2012-09-12,0.0,5.0,29.3
2010-10-10,7.6,7.0,28.75
2011-01-14,3.8,7.0,29.5
2013-08-24,0.0,2.0,28.75
2012-07-12,0.0,3.0,27.549999999999997
2015-09-19,0.0,1.0,30.5
2009-12-30,5.0,8.0,30.1
2014-05-15,0.0,7.0,29.1
2009-11-02,0.0,5.0,31.700000000000003
2014-08-21,0.0,0.0,26.75
2011-01-23,39.6,7.0,27.15
2014-12-04,0.2,7.0,31.9
2015-06-07,0.0,0.0,28.75
2009-11-27,8.6,4.0,30.349999999999998
2009-09-29,0.0,1.0,30.75
2009-04-27,0.0,7.0,30.799999999999997
2011-01-06,1.6,8.0,25.55
2010-02-22,46.2,8.0,27.299999999999997
2010-07-15,0.0,4.0,27.5
2009-06-08,0.0,5.0,29.8
2012-10-24,0.4,2.0,31.95
2011-07-14,0.0,3.0,26.8
2016-08-21,0.0,1.0,28.95
2009-06-04,0.0,0,29.25
2017-06-23,0.0,1.0,27.0
2009-05-02,0.0,6.0,30.15
2010-10-25,0.2,6.0,31.1
2010-03-09,0.0,3.0,30.85
2014-11-06,20.0,7.0,29.950000000000003
2010-11-17,12.2,8.0,26.8
2013-11-28,2.0,4.0,31.05
2010-05-26,0.0,3.0,29.35
2014-08-23,0.0,0.0,24.7
2013-03-23,1.4,7.0,28.7
2014-12-25,0.0,7.0,31.349999999999998
2009-01-30,41.4,7.0,28.3
2013-07-26,0.0,1.0,24.8
2011-12-10,8.8,3.0,32.45
2009-10-13,0.0,1.0,29.9
2013-01-02,13.8,7.0,28.55
2012-02-04,0.0,3.0,30.55
2013-01-24,0.0,8.0,31.05
2014-11-10,0.0,1.0,31.85
2014-03-14,0.0,7.0,26.950000000000003
2010-05-09,0.0,4.0,28.5
2012-11-26,0.0,2.0,32.849999999999994
2017-05-06,0.0,3.0,30.25
2010-09-09,0.0,7.0,31.0
2009-03-22,0.0,1.0,31.299999999999997
2009-03-01,7.0,5.0,28.299999999999997
2015-09-04,0.0,1.0,29.2
2010-10-06,0.0,6.0,28.9
2017-03-16,9.4,2.0,30.3
2011-06-07,0.0,4.0,25.55
2017-04-10,1.2,7.0,29.05
2015-10-11,0.0,3.0,29.9
2016-05-25,0.0,2.0,30.450000000000003
2009-09-02,0.0,2.0,29.0
2015-08-19,0.0,0.0,26.25
2015-04-05,0.0,6.0,30.45
2015-02-02,10.4,7.0,31.0
2010-11-09,0.0,2.0,31.85
2010-01-23,14.4,7.0,30.55
2013-11-03,0.0,6.0,29.7
2014-10-01,0.0,2.0,30.0
2009-10-22,0.0,2.0,30.65
2016-01-23,0.0,4.0,31.55
2015-03-06,0.0,7.0,30.25
2010-02-28,28.8,8.0,28.0
2015-08-13,0.0,2.0,27.35
2015-04-03,0.0,4.0,30.799999999999997
2008-12-17,28.0,8.0,25.25
2011-05-25,0.0,5.0,24.45
2011-08-23,0.0,1.0,26.7
2016-07-25,0.0,2.0,28.25
2009-09-23,0.0,1.0,30.5
2009-09-14,0.0,1.0,29.8
2016-08-19,0.0,7.0,27.0
2008-09-01,0.0,7.0,29.45
2017-02-01,10.8,7.0,29.15
2013-11-19,26.4,7.0,26.25
2017-03-28,0.2,3.0,31.3
2014-10-30,0.0,1.0,31.15
2013-03-06,0.4,6.0,30.85
2015-05-02,0.0,4.0,29.25
2014-08-18,0.0,0.0,25.6
2011-02-22,0.4,7.0,27.6
2014-10-26,0.0,1.0,30.9
2013-05-05,0.0,4.0,30.9
2008-10-12,0.0,2.0,31.200000000000003
2016-09-24,8.6,2.0,30.65
2016-07-20,0.0,0.0,26.05
2013-09-18,0.0,6.0,29.95
2009-12-28,0.0,7.0,29.8
2013-05-04,0.0,7.0,30.65
2013-12-17,32.2,7.0,30.85
2013-01-23,0.0,7.0,31.05
2016-10-12,12.2,2.0,31.85
2011-12-05,1.2,7.0,31.05
2016-04-07,13.8,3.0,30.5
2013-11-20,3.2,7.0,30.2
2014-11-09,0.0,1.0,32.1
2015-03-26,1.6,7.0,29.25
2009-01-18,0.4,7.0,29.75
2013-07-08,0.0,6.0,29.8
2008-11-21,0.0,8.0,29.299999999999997
2016-05-26,0.0,2.0,30.450000000000003
2010-05-14,0.0,4.0,29.85
2015-08-04,0.0,1.0,27.9
2013-05-30,0.0,6.0,28.05
2011-10-17,19.8,3.0,29.6
2016-04-04,4.2,6.0,31.299999999999997
2015-09-16,0.0,1.0,29.65
2008-07-12,0.0,1.0,25.6
2008-12-13,2.8,7.0,30.5
2014-01-19,74.6,8.0,27.1
2011-05-09,0.0,6.0,28.700000000000003
2016-03-20,8.0,6.0,28.9
2016-03-08,1.2,7.0,32.15
2010-10-07,4.2,7.0,27.799999999999997
2012-02-19,2.0,6.0,28.650000000000002
2016-01-10,0.0,6.0,31.25
2017-04-09,0.0,7.0,29.9
2008-07-20,0.0,3.0,26.75
2013-05-15,0.6,7.0,29.4
2012-01-21,0.4,7.0,30.9
2015-11-26,0.0,7.0,32.95
2014-08-24,0.0,7.0,27.35
2015-08-10,0.0,1.0,27.15
2009-09-21,0.0,4.0,30.55
2009-12-19,0.4,7.0,29.05
2016-03-30,0.0,7.0,31.4
2013-04-03,1.2,7.0,29.900000000000002
2014-06-27,0.0,0.0,26.05
2011-05-21,0.0,4.0,28.35
2011-03-07,4.4,7.0,28.65
2016-07-17,0.0,0.0,23.299999999999997
2014-02-12,0.0,8.0,29.15
2011-02-07,21.8,7.0,28.7
2014-06-22,0.0,1.0,28.0
2010-02-09,1.0,6.0,31.4
2017-03-19,33.0,6.0,29.6
2016-02-05,0.2,7.0,28.25
2010-04-26,6.4,6.0,27.6
2017-05-04,0.0,5.0,29.4
2016-07-11,0.0,2.0,27.35
2016-04-24,0.0,5.0,32.1
2008-09-08,0.0,3.0,29.5
2009-06-09,0.0,5.0,28.5
2017-02-20,11.8,5.0,29.5
2015-01-08,6.0,7.0,29.05
2013-12-13,0.0,6.0,30.45
2014-12-29,0.0,8.0,29.65
2014-10-05,0.0,3.0,30.15
2011-10-30,0.0,5.0,30.75
2011-11-17,0.4,7.0,28.25
2015-03-30,0.0,1.0,30.95
2014-09-10,0.0,1.0,29.4
2013-01-21,22.8,7.0,30.75
2011-07-30,0.0,1.0,27.0
2011-09-15,0.0,0.0,28.05
2011-02-04,0.6,7.0,30.950000000000003
2013-11-11,0.0,3.0,31.25
2013-06-11,0.0,2.0,29.75
2013-07-11,0.0,2.0,28.4
2016-07-21,0.0,1.0,26.25
2016-10-08,0.0,1.0,33.45
2013-12-16,9.0,7.0,31.15
2010-10-18,0.0,7.0,30.1
2009-12-26,1.4,5.0,30.85
2010-07-27,0.0,3.0,29.65
2016-11-26,2.8,7.0,27.7
2016-05-17,0.0,3.0,31.75
2010-07-29,0.0,2.0,29.1
2010-09-22,0.0,3.0,31.0
2009-08-09,0.0,0.0,27.299999999999997
2017-04-03,0.0,7.0,30.85
2014-09-25,0.0,1.0,30.7
2013-11-09,0.0,3.0,31.15
2015-03-13,22.2,3.0,32.099999999999994
2011-08-11,0.0,3.0,27.3
2017-01-18,0.2,7.0,29.9
2014-03-31,0.2,3.0,31.599999999999998
2010-11-08,0.0,1.0,31.75
2014-07-21,0.0,5.0,26.7
2015-04-16,0.2,3.0,30.8
2017-06-22,0.0,0.0,28.450000000000003
2008-08-17,0.0,1.0,25.75
2010-05-23,3.6,6.0,29.049999999999997
2014-08-07,0.0,4.0,28.049999999999997
2009-07-07,0.0,1.0,26.0
2009-08-29,0.0,2.0,29.2
2015-10-17,0.0,1.0,30.35
2008-11-29,1.8,7.0,32.45
2011-07-08,0.0,1.0,26.75
2014-05-21,0.0,1.0,29.25
2012-06-15,0.0,1.0,25.65
2015-05-10,0.0,5.0,28.95
2015-12-30,15.6,4.0,30.85
2014-06-06,0.0,3.0,29.6
2013-01-09,3.2,6.0,31.25
2015-06-09,0.0,3.0,28.299999999999997
2015-01-28,11.4,7.0,29.9
2017-01-09,0.0,7.0,30.85
2008-07-03,0.0,1.0,27.75
2014-07-06,0.0,2.0,26.25
2015-09-18,0.0,3.0,29.299999999999997
2015-09-08,0.0,1.0,28.4
2010-05-12,0.0,7.0,28.85
2009-09-05,0.0,1.0,29.6
2009-12-02,17.0,7.0,27.95
2015-08-06,0.0,7.0,25.05
2011-01-20,7.2,7.0,28.95
2011-08-14,0.0,1.0,28.7
2009-08-03,0.0,4.0,26.85
2013-07-16,0.0,1.0,28.200000000000003
2013-11-27,0.0,7.0,30.3
2010-10-24,0.0,3.0,31.6
2013-01-20,32.8,7.0,28.6
2014-01-18,41.8,8.0,25.35
2016-10-15,0.0,1.0,31.6
2014-07-09,0.0,6.0,25.950000000000003
2012-06-16,0.0,1.0,26.9
2008-11-23,0.0,7.0,33.35
2014-06-03,0.0,1.0,29.65
2015-09-30,0.0,1.0,30.450000000000003
2014-04-03,0.0,2.0,31.15
2010-07-26,0.0,2.0,30.25
2014-09-01,0.0,3.0,27.549999999999997
2013-09-06,0.0,1.0,28.05
2008-11-05,0.2,3.0,31.25
2008-11-27,0.0,6.0,32.15
2016-10-09,5.4,2.0,31.45
2011-07-16,0.0,4.0,27.950000000000003
2016-03-13,0.0,7.0,31.55
2008-10-01,0.0,3.0,30.55
2011-03-24,0.2,7.0,28.9
2009-03-04,0.6,5.0,29.0
2016-08-08,0.0,7.0,26.9
2013-09-25,0.0,5.0,31.25
2014-11-02,0.0,1.0,30.950000000000003
2017-05-25,0.0,2.0,30.0
2009-05-24,0.0,2.0,27.85
2012-11-21,0.0,2.0,32.1
2015-04-30,0.0,6.0,28.349999999999998
2009-12-09,0.8,7.0,32.650000000000006
2015-12-08,0.0,7.0,30.6
2016-03-25,9.8,4.0,31.599999999999998
2017-04-27,0.2,8.0,25.7
2010-12-07,11.8,6.0,31.5
2017-01-02,109.8,7.0,26.6
2017-06-14,0.0,0.0,25.25
2013-07-07,0.0,7.0,29.4
2010-12-23,6.2,8.0,28.15
2008-08-31,0.0,2.0,28.95
2010-10-03,0.0,5.0,31.950000000000003
2014-08-05,0.0,0.0,25.75
2013-07-05,0.0,2.0,27.049999999999997
2014-12-28,0.0,7.0,31.1
2008-10-25,0.0,4.0,31.4
2011-02-11,49.4,7.0,26.15
2011-08-21,0.0,0.0,26.65
2010-07-23,0.0,7.0,28.65
2009-11-17,9.0,6.0,30.200000000000003
2011-01-05,0.2,2.0,31.049999999999997
2014-05-04,0.2,7.0,26.85
2016-09-27,0.0,6.0,31.4
2012-06-27,0.0,0.0,24.4
2013-01-25,0.0,7.0,31.299999999999997
2010-12-08,10.6,7.0,31.2
2009-10-14,0.8,2.0,31.0
2010-05-02,0.0,3.0,30.65
2008-11-12,0.0,6.0,31.05
2013-09-15,0.0,1.0,29.5
2014-06-29,0.0,4.0,26.35
2013-06-12,0.0,6.0,28.45
2013-06-02,0.0,6.0,29.5
2016-07-28,0.0,1.0,27.200000000000003
2015-04-04,0.0,7.0,31.15
2017-04-26,0.0,7.0,27.85
2011-11-10,8.0,6.0,27.05
2015-12-31,0.0,2.0,30.5
2013-03-19,0.0,5.0,31.5
2016-07-09,0.0,1.0,27.5
2015-05-21,0.0,3.0,29.3
2010-08-26,0.0,1.0,29.2
2014-09-19,0.0,6.0,30.15
2016-05-01,4.8,6.0,31.05
2011-09-25,0.0,4.0,29.05
2017-04-29,0.0,2.0,28.200000000000003
2011-02-16,367.6,8.0,23.9
2009-06-18,0.0,1.0,24.9
2013-10-21,0.0,4.0,30.95
2016-05-18,0.0,2.0,31.65
2009-03-03,19.0,7.0,29.75
2008-09-18,0.0,6.0,30.95
2011-01-08,40.2,8.0,27.049999999999997
2013-07-25,0.0,1.0,25.0
2012-07-14,0.0,7.0,27.450000000000003
2015-11-18,0.0,2.0,32.400000000000006
2015-06-13,0.0,5.0,27.65
2014-05-13,0.0,2.0,29.95
2016-08-30,0.0,3.0,30.299999999999997
2015-04-21,0.0,6.0,29.1
2017-03-22,6.8,7.0,27.5
2010-12-03,0.4,3.0,32.3
2011-05-20,0.0,4.0,28.6
2017-02-19,0.2,6.0,30.1
2012-09-08,0.0,2.0,29.5
2009-12-07,0.0,6.0,32.7
2013-07-03,0.0,1.0,25.0
2012-03-26,0.0,5.0,29.25
2016-09-15,0.0,3.0,30.5
2009-07-16,0.0,1.0,25.15
2011-03-29,50.0,7.0,27.45
2009-07-18,0.0,1.0,25.0
2016-01-13,0.0,1.0,31.0
2017-01-08,0.0,7.0,31.05
2013-06-28,0.0,3.0,27.75
2015-08-29,0.0,1.0,28.25
2009-02-18,53.2,5.0,27.95
2012-02-25,0.2,7.0,30.05
2012-10-18,0.6,8.0,29.65
2011-08-26,0.0,3.0,28.0
2009-02-07,95.8,8.0,25.700000000000003
2012-05-01,0.0,5.0,27.65
2015-02-07,0.0,4.0,29.65
2011-05-19,0.0,6.0,28.450000000000003
2015-03-21,0.0,2.0,31.35
2014-12-17,0.0,7.0,31.55
2015-06-18,0.0,1.0,29.549999999999997
2009-12-23,10.2,7.0,29.55
2016-08-27,0.0,0.0,30.4
2013-01-07,0.0,7.0,30.75
2016-12-07,7.4,7.0,31.8
2010-10-01,7.0,3.0,30.900000000000002
2011-11-18,30.6,2.0,30.4
2015-01-07,9.2,7.0,28.35
2014-11-03,0.0,6.0,31.9
2009-01-14,7.4,7.0,28.299999999999997
2010-05-17,1.4,7.0,28.25
2014-10-14,0.0,1.0,31.0
2016-10-11,4.6,5.0,31.200000000000003
2011-03-26,7.8,7.0,28.95
2009-09-17,0.0,2.0,29.6
2016-07-03,0.0,0.0,27.5
2015-02-15,30.2,7.0,28.9
2011-12-03,0.0,6.0,30.5
2015-02-08,0.2,7.0,30.55
2014-11-30,0.2,7.0,31.75
2011-06-29,0.0,1.0,26.05
2011-05-13,0.0,5.0,23.75
2011-08-09,0.0,1.0,27.6
2011-03-18,0.0,7.0,28.6
2017-05-19,0.0,1.0,30.35
2009-02-15,18.4,6.0,29.4
2017-04-02,0.0,7.0,29.85
2015-12-21,39.6,7.0,26.45
2012-10-06,0.0,6.0,28.700000000000003
2012-02-27,16.8,7.0,29.0
2016-07-06,0.0,0.0,28.299999999999997
2015-10-29,0.0,1.0,31.9
2015-02-28,68.6,6.0,28.9
2013-12-24,5.8,8.0,26.950000000000003
2012-06-14,0.0,2.0,25.45
2008-10-04,0.0,4.0,30.549999999999997
2010-02-24,1.4,7.0,29.85
2011-11-27,0.4,6.0,32.6
2008-07-21,0.0,1.0,27.45
2010-12-17,5.2,7.0,27.7
2010-03-01,25.0,7.0,29.5
2010-12-15,39.6,7.0,29.4
2011-06-13,0.0,4.0,20.4
2016-01-04,0.0,3.0,31.15
2011-11-28,1.8,4.0,31.65
2016-04-29,0.0,2.0,30.95
2013-06-29,0.0,7.0,27.450000000000003
2014-05-29,0.0,6.0,29.3
2012-10-09,0.0,5.0,31.1
2012-05-11,0.0,6.0,28.7
2010-07-01,0.0,5.0,28.95
2014-07-04,0.0,1.0,26.05
2008-08-22,0.0,3.0,28.950000000000003
2008-10-21,0.0,5.0,31.900000000000002
2012-09-14,0.0,2.0,29.450000000000003
2015-09-11,0.0,0.0,30.049999999999997
2014-01-21,13.6,7.0,28.55
2009-03-26,7.4,7.0,29.4
2016-01-17,4.8,3.0,31.700000000000003
2015-10-03,0.0,1.0,30.4
2015-05-11,0.0,0.0,29.65
2014-03-17,8.6,7.0,31.25
2010-08-11,0.0,0.0,28.450000000000003
2014-09-12,0.0,3.0,28.55
2014-04-18,33.2,7.0,29.55
2014-12-11,4.2,8.0,29.85
2009-04-29,0.0,1.0,29.5
2008-11-04,0.0,1.0,31.45
2011-08-24,0.0,5.0,26.4
2011-02-12,36.8,7.0,27.2
2015-07-09,0.0,1.0,27.5
2016-06-08,0.0,2.0,29.55
2014-07-31,0.0,2.0,28.25
2011-12-16,0.0,7.0,31.5
2011-09-20,0.0,3.0,28.950000000000003
2009-05-14,0.0,1.0,27.5
2015-06-17,0.0,1.0,28.1
2009-05-25,0.0,7.0,28.0
2011-08-06,0.0,1.0,26.950000000000003
2015-09-09,0.0,0.0,30.45
2012-08-15,0.0,2.0,25.1
2010-09-12,0.0,6.0,29.9
2013-01-06,20.6,5.0,30.849999999999998
2010-05-20,1.6,7.0,28.5
2008-11-08,0.0,3.0,32.35
2015-02-18,0.0,7.0,31.75
2014-11-05,5.6,6.0,28.950000000000003
2012-03-28,0.0,7.0,30.049999999999997
2016-06-09,0.0,2.0,30.4
2009-07-24,0.0,1.0,29.200000000000003
2010-06-11,0.0,1.0,26.15
2015-01-26,31.6,7.0,27.8
2017-02-07,6.4,7.0,29.700000000000003
2014-11-19,0.0,2.0,31.6
2016-11-28,0.0,7.0,28.85
2010-10-28,2.0,7.0,29.700000000000003
2015-04-20,0.0,6.0,30.2
2011-11-11,1.2,4.0,30.5
2013-05-27,0.0,7.0,25.85
2016-11-03,0.0,6.0,32.35
2011-06-28,0.0,1.0,25.7
2009-05-13,0.0,6.0,26.35
2013-04-10,0.0,6.0,31.8
2017-01-24,145.6,8.0,25.0
2008-07-02,0.0,1.0,28.1
2014-02-04,8.0,8.0,28.8
2016-03-16,20.8,8.0,29.299999999999997
2015-01-20,0.6,7.0,30.0
2013-05-07,0.0,5.0,31.099999999999998
2009-01-22,8.8,8.0,28.8
2009-11-14,0.0,1.0,31.15
2014-11-24,0.0,3.0,31.400000000000002
2009-03-28,0.0,4.0,30.45
2013-12-07,0.0,3.0,32.2
2009-01-29,17.0,8.0,27.2
2012-11-04,0.0,4.0,31.1
2016-06-10,0.0,1.0,30.55
2010-01-02,62.2,7.0,28.15
2014-01-08,0.0,5.0,32.3
2010-03-02,14.4,7.0,26.7
2012-08-25,0.0,7.0,28.75
2012-10-22,0.6,2.0,31.05
2012-10-30,0.0,1.0,31.65
2015-04-07,0.0,8.0,27.7
2009-09-04,0.0,1.0,30.6
2013-11-16,0.0,3.0,31.55
2012-04-15,2.6,2.0,30.85
2012-01-06,0.0,7.0,31.55
2009-08-12,0.0,6.0,26.4
2012-07-31,0.0,0.0,25.1
2015-01-19,0.0,7.0,30.9
2009-03-06,2.6,7.0,31.75
2013-07-20,0.0,2.0,27.5
2013-01-03,15.2,7.0,28.25
2016-08-23,0.0,6.0,28.55
2017-03-25,17.0,8.0,27.2
2016-05-14,0.0,1.0,31.299999999999997
2012-04-17,0.0,7.0,31.150000000000002
2014-05-06,0.0,2.0,27.6
2016-11-12,0.0,6.0,32.9
2010-06-26,0.0,2.0,28.85
2008-10-16,13.8,2.0,29.95
2016-06-23,0.0,7.0,28.349999999999998
2008-10-05,0.0,3.0,30.6
2015-02-03,24.2,5.0,29.75
2016-09-30,3.6,6.0,29.5
2016-11-15,0.6,7.0,31.200000000000003
2011-03-03,0.4,7.0,28.6
2016-08-15,0.0,0.0,29.9
2015-01-21,0.0,8.0,30.55
2008-10-17,0.4,7.0,28.25
2015-11-03,0.2,2.0,32.15
2014-11-22,0.0,2.0,32.349999999999994
2011-03-21,1.4,7.0,30.3
2016-06-28,0.0,2.0,29.45
2010-03-07,0.2,6.0,31.35
2013-03-10,13.0,0,0
2014-09-14,0.0,3.0,28.950000000000003
2014-04-24,0.0,7.0,30.900000000000002
2012-08-18,0.0,1.0,26.700000000000003
2012-07-04,0.0,1.0,23.85
2012-11-05,0.0,2.0,31.35
2013-12-20,2.4,4.0,30.200000000000003
2010-09-07,0.0,7.0,30.35
2014-12-24,15.6,4.0,29.85
2015-06-12,0.0,2.0,28.549999999999997
2008-10-20,0.0,1.0,31.3
2010-03-19,0.0,7.0,29.6
2016-12-06,1.2,3.0,32.15
2009-08-07,0.0,1.0,27.75
2011-09-30,0.0,1.0,29.95
2008-11-03,0.0,5.0,30.75
2016-04-13,0.0,4.0,32.05
2015-10-28,0.0,1.0,31.7
2017-04-23,0.0,2.0,30.4
2016-03-19,1.8,7.0,28.0
2013-08-22,0.0,2.0,28.65
2009-08-28,0.0,3.0,30.1
2012-06-10,0.0,0.0,24.549999999999997
2016-07-26,0.0,1.0,29.950000000000003
2011-01-12,44.6,7.0,28.65
2015-09-15,0.0,2.0,30.2
2011-02-25,7.8,7.0,27.8
2010-12-18,0.2,8.0,27.9
2012-07-18,0.0,6.0,28.0
2011-08-28,0.0,1.0,27.950000000000003
2016-04-01,4.8,6.0,28.75
2015-03-22,0.6,8.0,28.1
2008-09-27,0.0,4.0,30.1
2010-09-16,0.0,6.0,30.549999999999997
2008-12-31,14.6,7.0,26.85
2014-10-17,0.0,1.0,31.45
2009-01-28,2.2,8.0,28.45
2016-04-20,0.0,3.0,30.200000000000003
2012-10-31,0.0,2.0,31.700000000000003
2012-05-18,0.0,1.0,27.3
2012-04-06,0.0,4.0,30.75
2016-07-08,0.0,7.0,28.1
2009-12-20,21.8,7.0,30.849999999999998
2014-01-25,33.0,6.0,30.15
2013-10-12,0.0,3.0,31.1
2012-06-17,0.0,2.0,27.25
2011-12-28,0.0,7.0,31.5
2012-08-20,0.0,7.0,25.4
2014-08-09,0.0,0.0,28.799999999999997
2010-01-24,0.0,7.0,30.2
2012-08-07,0.0,0.0,26.5
2015-08-11,0.0,1.0,27.200000000000003
2008-11-18,0.0,7.0,28.1
2010-06-08,0.0,3.0,26.3
2012-05-24,0.0,7.0,28.75
2017-04-22,0.0,4.0,31.15
2015-08-16,0.0,2.0,28.6
2013-05-22,0.0,6.0,30.5
2011-07-20,0.0,6.0,27.35
2016-02-08,0.8,7.0,29.8
2012-03-22,0.0,7.0,30.049999999999997
2011-03-08,7.2,8.0,26.450000000000003
2015-11-01,0.0,2.0,31.0
2011-06-04,0.0,1.0,25.55
2013-03-17,1.0,7.0,30.8
2015-10-27,0.0,2.0,31.85
2009-11-03,14.8,6.0,29.05
2010-06-13,0.0,5.0,25.55
2015-11-05,0.0,6.0,29.0
2011-02-01,0.0,2.0,30.700000000000003
2016-09-21,0.0,3.0,30.85
2016-08-09,0.0,3.0,28.1
2011-11-04,0.0,2.0,31.150000000000002
2014-02-25,0.0,3.0,29.9
2015-04-19,3.2,3.0,31.150000000000002
2016-11-04,0.0,1.0,32.5
2012-05-15,0.0,7.0,27.7
2013-03-25,26.2,6.0,29.200000000000003
2013-03-22,0.0,5.0,31.1
2015-06-08,0.0,0.0,28.6
2015-05-17,0.0,1.0,27.5
2011-07-11,0.0,2.0,28.0
2013-03-02,0.8,7.0,28.85
2017-05-17,0.0,3.0,28.65
2009-02-26,1.6,7.0,29.65
2015-02-12,3.8,6.0,30.35
2009-07-28,0.0,1.0,27.8
2015-03-08,0.0,7.0,31.0
2016-11-19,11.4,5.0,31.400000000000002
2016-07-24,0.0,2.0,28.799999999999997
2014-08-28,0.0,0.0,27.05
2011-09-16,0.0,1.0,28.8
2012-01-10,0.0,5.0,32.3
2012-11-23,0.0,7.0,30.299999999999997
2014-10-22,0.0,1.0,30.75
2012-10-07,0.6,4.0,29.6
2014-02-20,0.2,4.0,29.75
2015-09-02,0.0,1.0,29.35
2008-09-12,0.0,1.0,28.8
2015-08-01,0.0,1.0,27.3
2009-11-16,0.0,5.0,30.9
2014-05-05,0.0,5.0,28.4
2011-11-08,13.2,7.0,27.95
2017-01-14,0.0,7.0,31.05
2015-01-12,5.6,7.0,30.799999999999997
2014-01-13,15.8,8.0,27.4
2011-06-10,0.0,3.0,26.9
2016-07-15,0.0,1.0,22.2
2014-02-05,14.4,7.0,28.35
2015-07-06,0.0,1.0,28.1
2013-03-12,6.0,8.0,29.4
2010-03-21,0.0,7.0,29.65
2013-10-22,0.0,5.0,31.35
2015-08-15,0.0,0.0,28.400000000000002
2014-04-08,0.0,7.0,26.9
2011-05-02,0.0,7.0,27.55
2012-03-03,22.6,7.0,28.4
2010-01-26,0.0,7.0,31.1
2012-05-27,0.0,4.0,24.9
2010-09-08,0.0,6.0,30.4
2014-06-08,0.0,5.0,27.55
2009-05-19,0.0,5.0,28.5
2009-05-15,0.0,2.0,28.9
2012-04-24,40.0,7.0,28.85
2010-11-25,0.0,7.0,29.8
2015-07-21,0.0,1.0,27.8
2015-12-19,33.8,8.0,25.7
2013-04-11,0.0,2.0,30.75
2015-05-15,0.0,0.0,24.049999999999997
2009-09-15,0.0,1.0,30.3
2017-05-23,0.0,3.0,31.35
2008-08-29,0.0,1.0,29.4
2012-08-30,0.0,3.0,27.700000000000003
2014-03-21,0.0,6.0,31.25
2012-11-16,0.0,5.0,31.5
2009-02-01,2.4,6.0,26.55
2010-11-07,0.0,3.0,30.85
2009-11-24,0.2,7.0,26.6
2010-04-05,0.0,6.0,30.6
2011-03-10,7.8,7.0,28.95
2009-10-24,0.0,3.0,31.200000000000003
2010-01-12,11.6,8.0,27.200000000000003
2014-07-27,0.0,4.0,28.45
2010-12-20,11.2,7.0,29.85
2014-02-18,106.4,7.0,25.9
2011-03-23,4.0,7.0,29.45
2015-12-26,4.6,8.0,29.15
2017-01-10,0.4,5.0,31.049999999999997
2015-02-09,34.0,7.0,30.25
2016-05-16,0.0,1.0,31.25
2013-04-16,0.0,7.0,30.45
2009-02-08,9.8,7.0,28.75
2014-01-24,1.4,8.0,27.35
2016-08-20,0.0,1.0,30.25
2017-02-25,0.0,6.0,29.15
2015-02-23,4.0,7.0,27.35
2009-06-05,0.0,3.0,28.85
2012-07-05,0.0,1.0,23.799999999999997
2010-10-11,34.6,6.0,28.65
2010-07-11,0.0,1.0,29.0
2012-01-20,7.6,7.0,28.75
2011-05-23,0.0,7.0,27.700000000000003
2014-03-12,11.0,6.0,28.25
2013-07-18,0.0,7.0,27.05
2013-09-14,0.0,1.0,29.7
2016-03-24,0.0,4.0,32.0
2017-01-06,15.2,7.0,30.35
2015-09-29,0.0,2.0,29.5
2011-11-22,1.8,7.0,30.9
2009-01-16,53.0,7.0,28.85
2012-09-02,0.0,6.0,29.05
2009-12-05,1.0,2.0,32.3
2012-08-29,0.0,2.0,26.65
2015-10-12,0.0,2.0,30.1
2014-05-10,0.0,2.0,28.3
2012-11-13,2.8,5.0,30.2
2011-10-07,0.4,1.0,30.15
2012-03-21,0.0,5.0,30.700000000000003
2014-07-23,0.0,1.0,26.4
2012-04-11,1.8,4.0,29.7
2010-08-06,0.0,7.0,27.5
2016-04-03,0.0,7.0,32.05
2015-12-29,0.0,7.0,26.950000000000003
2008-07-05,0.0,1.0,25.9
2013-08-25,0.0,1.0,27.299999999999997
2012-07-28,0.0,0.0,26.15
2011-07-01,0.0,3.0,27.35
2011-10-18,0.0,1.0,30.25
2009-04-17,2.6,7.0,29.700000000000003
2008-07-28,0.0,1.0,25.9
2012-09-21,0.0,3.0,29.7
2009-04-01,0.0,2.0,30.8
2010-05-13,0.0,3.0,29.799999999999997
2009-12-25,0.0,7.0,31.5
2016-12-29,25.2,7.0,28.75
2013-04-08,0.0,6.0,31.15
2011-06-21,0.0,1.0,24.75
2009-12-24,0.0,5.0,31.450000000000003
2015-01-15,25.2,8.0,26.200000000000003
2013-03-04,7.4,8.0,26.35
2014-01-05,0.0,7.0,31.55
2012-07-01,0.0,1.0,26.9
2016-09-10,2.0,2.0,29.549999999999997
2008-09-19,0.0,1.0,30.15
2017-06-10,0.0,7.0,24.7
2009-03-16,16.2,7.0,28.45
2009-05-27,0.0,2.0,28.45
2014-06-25,0.0,0.0,24.75
2010-12-26,37.0,7.0,28.15
2009-07-06,0.0,0.0,25.9
2008-12-03,2.6,5.0,32.5
2012-09-15,0.0,1.0,29.95
2011-09-02,0.0,2.0,29.450000000000003
2011-06-01,0.0,2.0,24.55
2014-09-16,0.0,1.0,30.25
2012-02-29,23.2,7.0,29.049999999999997
2010-05-16,0.0,7.0,30.15
2013-09-19,0.0,4.0,31.049999999999997
2012-02-14,0.0,7.0,31.0
2009-05-23,0.0,2.0,27.2
2010-04-22,0.0,6.0,30.799999999999997
2008-10-24,0.0,1.0,31.8
2015-11-14,0.0,2.0,30.55
2009-07-30,0.0,3.0,25.75
2013-06-19,0.0,6.0,27.3
2009-10-26,0.0,1.0,31.25
2009-02-23,4.8,7.0,28.75
2013-11-25,14.8,7.0,28.35
2013-11-13,2.8,4.0,31.45
2013-10-01,0.0,1.0,30.75
2013-01-13,30.4,8.0,26.5
2011-10-29,0.0,7.0,30.0
2015-02-11,5.6,4.0,29.849999999999998
2016-07-31,0.0,1.0,27.35
2013-07-31,0.0,6.0,27.4
2010-02-06,38.0,2.0,31.2
2012-08-31,0.0,1.0,28.0
2010-04-12,3.2,7.0,28.15
2012-01-28,5.8,7.0,28.35
2016-04-17,0.4,7.0,31.25
2011-02-19,88.6,8.0,24.9
2010-04-14,0.2,7.0,28.6
2012-11-06,3.0,7.0,31.5
2008-10-22,0.0,1.0,33.2
2015-01-17,2.2,7.0,27.950000000000003
2014-10-07,0.0,1.0,30.299999999999997
2008-12-06,0.0,7.0,31.6
2014-05-08,0.0,1.0,28.95
2010-02-19,3.4,3.0,31.55
2010-02-16,0.0,7.0,30.9
2013-10-02,0.0,2.0,30.35
2016-11-20,41.0,1.0,28.15
2010-10-22,0.6,4.0,31.049999999999997
2012-07-03,0.0,0.0,23.200000000000003
2008-11-30,24.6,6.0,28.95
2016-05-30,0.0,2.0,30.2
2016-06-05,0.0,2.0,30.55
2011-10-28,29.2,5.0,29.0
2012-07-22,0.0,2.0,24.0
2016-09-03,1.8,2.0,30.0
2012-03-13,21.4,8.0,27.65
2013-09-24,0.0,3.0,32.65
2012-03-24,0.0,5.0,29.299999999999997
2009-03-08,0.0,6.0,30.849999999999998
2010-12-27,55.2,7.0,26.15
2016-01-08,0.0,6.0,30.049999999999997
2015-02-05,0.0,6.0,30.7
2013-10-05,0.0,2.0,31.549999999999997
2013-10-13,0.0,3.0,32.05
2013-06-23,0.0,6.0,27.8
2013-07-09,0.0,3.0,29.25
2014-09-20,0.0,2.0,29.7
2010-05-28,0.6,6.0,28.1
2012-02-24,11.2,7.0,28.45
2015-10-04,0.0,1.0,30.4
2012-06-05,0.0,7.0,24.1
2012-06-29,0.0,1.0,26.15
2011-08-12,0.0,1.0,26.7
2016-12-05,0.0,6.0,30.35
2015-08-03,0.0,1.0,27.6
2009-06-14,0.0,1.0,27.700000000000003
2011-05-03,0.0,5.0,29.5
2016-09-05,0.0,4.0,30.799999999999997
2016-08-03,0.0,0.0,27.5
2014-05-22,0.2,1.0,29.65
2016-06-29,0.0,1.0,28.900000000000002
2010-03-06,0.0,7.0,31.1
2011-05-15,0.0,4.0,26.75
2009-08-08,0.0,1.0,27.55
2015-09-03,0.0,1.0,29.75
2017-05-09,0.0,1.0,29.299999999999997
2010-08-18,0.0,2.0,27.75
2009-10-09,0.0,2.0,31.0
2017-02-16,0.0,4.0,30.0
2013-06-20,0.2,7.0,27.799999999999997
2009-11-30,0.0,7.0,31.0
2011-05-07,0.0,5.0,27.7
2009-11-12,23.4,8.0,26.799999999999997
2017-05-01,0.0,2.0,29.049999999999997
2016-04-27,0.0,3.0,31.25
2014-11-07,0.0,3.0,30.9
2013-10-15,14.4,7.0,30.9
2009-01-19,0.0,7.0,29.950000000000003
2009-08-22,0.0,2.0,29.45
2011-09-13,0.0,0.0,27.15
2015-06-24,0.0,2.0,28.549999999999997
2011-05-04,0.0,6.0,28.95
2011-09-28,0.0,3.0,29.549999999999997
2010-08-12,0.0,1.0,27.4
2017-06-13,0.0,2.0,25.65
2010-11-19,21.8,7.0,29.299999999999997
2014-04-29,0.0,5.0,30.35
2010-03-14,7.6,7.0,28.5
2015-12-20,38.2,8.0,27.5
2015-12-01,1.2,7.0,32.55
2015-06-02,0.0,1.0,30.4
2010-01-18,20.8,6.0,30.05
2017-06-11,0.0,1.0,25.200000000000003
2014-12-08,0.6,7.0,31.7
2017-05-05,0.0,1.0,30.0
2013-05-19,1.6,7.0,29.1
2012-08-23,0.0,3.0,26.15
2017-04-04,0.0,5.0,30.200000000000003
2010-09-27,0.0,7.0,30.25
2011-02-02,2.8,6.0,31.15
2012-07-06,0.0,0.0,24.1
2008-11-02,4.4,2.0,31.45
2017-02-24,0.0,6.0,30.0
2017-01-16,0.0,7.0,30.3
2008-07-15,0.0,1.0,28.35
2012-10-17,0.0,2.0,31.9
2012-09-28,0.0,1.0,30.799999999999997
2014-12-31,13.6,7.0,30.0
2014-07-05,0.0,4.0,27.200000000000003
2010-08-14,0.0,1.0,26.5
2009-08-04,0.0,1.0,27.3
2013-07-10,0.0,1.0,28.6
2016-09-11,0.0,3.0,31.049999999999997
2012-10-13,0.0,1.0,31.7
2010-12-13,18.2,7.0,28.9
2016-01-01,0.0,3.0,30.700000000000003
2015-04-09,0.0,1.0,29.700000000000003
2015-07-16,0.0,0.0,24.55
2017-02-26,15.4,6.0,30.0
2011-09-06,0.0,1.0,29.1
2013-12-21,0.0,7.0,28.700000000000003
2014-10-18,0.0,2.0,30.849999999999998
2016-11-29,0.8,6.0,32.55
2014-03-13,0.0,4.0,30.2
2009-08-25,0.0,3.0,27.9
2015-07-05,0.0,2.0,25.55
2015-04-01,0.0,3.0,31.3
2009-02-19,0.0,2.0,30.400000000000002
2016-02-10,0.0,6.0,32.3
2013-11-24,58.2,7.0,24.450000000000003
2017-05-21,0.0,2.0,29.299999999999997
2013-12-02,11.0,6.0,29.65
2012-09-09,0.0,5.0,30.75
2008-12-14,8.8,8.0,28.0
2016-10-29,0.8,2.0,31.4
2014-09-03,0.0,7.0,26.2
2012-06-24,0.0,2.0,21.35
2012-03-25,2.8,2.0,29.3
2012-09-07,0.0,7.0,28.8
2010-05-27,21.0,6.0,27.3
2011-01-25,22.8,7.0,27.6
2008-09-02,0.0,5.0,28.5
2011-11-21,10.4,6.0,30.9
2017-03-01,0.0,2.0,30.25
2013-12-26,23.0,8.0,27.1
2014-02-26,1.0,7.0,30.25
2008-12-19,36.6,8.0,25.85
2016-11-09,0.0,1.0,31.95
2009-07-05,0.0,0.0,25.700000000000003
2016-09-18,7.2,7.0,25.799999999999997
2008-12-20,50.0,8.0,27.049999999999997
2011-07-17,0.0,3.0,28.45
2009-05-26,0.0,1.0,27.799999999999997
2014-03-28,0.0,2.0,30.3
2011-09-14,0.0,0.0,29.45
2012-01-12,0.0,6.0,30.85
2009-06-19,0.0,1.0,23.450000000000003
2015-09-22,0.0,6.0,31.700000000000003
2013-05-01,0.0,2.0,30.7
2010-05-31,0.0,2.0,26.950000000000003
2009-11-01,0.0,1.0,32.05
2013-09-09,0.0,3.0,29.2
2015-11-29,0.0,6.0,32.8
2014-01-22,9.0,7.0,29.549999999999997
2012-07-09,0.0,4.0,27.6
2012-01-17,0.0,7.0,31.9
2016-07-16,0.0,0.0,22.4
2014-11-21,0.0,2.0,32.6
2012-01-29,33.4,8.0,26.15
2013-04-19,0.0,1.0,31.5
2009-12-18,1.4,7.0,29.6
2010-09-19,0.0,6.0,29.9
2014-04-20,8.6,6.0,29.450000000000003
2012-11-25,0.2,6.0,32.3
2011-09-23,0.0,1.0,29.450000000000003
2013-03-03,18.8,8.0,27.05
2008-07-25,0.0,0.0,23.95
2009-07-20,0.0,2.0,27.450000000000003
2009-04-08,22.6,7.0,29.7
2010-10-26,0.0,7.0,31.35
2013-04-18,0.6,1.0,30.8
2012-02-23,2.6,7.0,26.85
2013-04-27,0.0,2.0,30.45
2017-01-11,0.2,7.0,30.0
2012-04-01,0.0,3.0,30.200000000000003
2016-09-14,0.0,3.0,30.35
2015-01-27,6.0,8.0,27.25
2016-02-27,17.8,6.0,30.5
2016-08-14,0.0,1.0,30.200000000000003
2012-04-30,0.0,5.0,26.450000000000003
2013-11-23,2.6,8.0,27.25
2010-02-23,4.0,7.0,29.2
2011-10-23,0.0,7.0,29.65
2015-11-19,0.0,1.0,32.6
2014-07-30,0.0,2.0,28.65
2013-07-13,0.0,7.0,28.15
2014-03-08,15.2,6.0,29.45
2016-01-09,20.0,7.0,30.25
2012-06-25,0.0,0.0,22.5
2014-11-01,0.0,1.0,31.75
2010-11-21,0.0,7.0,31.3
2010-11-22,0.0,7.0,28.9
2015-05-25,0.0,1.0,28.900000000000002
2016-01-25,16.4,7.0,30.200000000000003
2011-10-31,7.8,2.0,30.4
2009-04-13,0.0,6.0,31.1
2011-03-30,4.8,8.0,27.85
2008-10-09,0.0,4.0,31.1
2011-06-23,0.0,3.0,23.0
2013-07-27,0.0,1.0,26.0
2012-09-17,0.0,1.0,29.6
2017-06-21,0.0,0.0,28.4
2009-04-23,0.0,6.0,30.950000000000003
2016-10-19,0.0,3.0,30.1
2011-03-11,4.2,7.0,28.0
2011-06-27,0.0,2.0,25.85
2009-01-06,6.0,7.0,30.75
2014-09-30,0.0,2.0,29.7
2015-06-25,0.0,2.0,27.45
2011-02-13,8.6,6.0,29.2
2015-10-31,0.0,7.0,30.65
2014-01-10,22.8,7.0,30.15
2017-05-29,0.0,7.0,29.9
2009-05-01,0.0,6.0,30.0
2012-03-18,6.2,7.0,29.7
2011-03-05,0.4,7.0,27.0
2010-07-04,0.0,4.0,28.2
2008-08-09,0.0,6.0,25.95
2010-04-11,1.8,6.0,29.75
2009-09-06,0.0,1.0,29.85
2014-06-04,0.0,2.0,29.0
2011-09-11,0.0,2.0,26.95
2014-07-13,0.0,4.0,26.1
2016-03-06,0.4,7.0,31.4
2012-01-25,182.2,8.0,27.6
2016-02-18,0.0,5.0,31.7
2013-06-05,0.0,3.0,28.0
2009-01-21,14.4,7.0,30.049999999999997
2013-06-07,0.0,5.0,29.450000000000003
2016-10-21,5.2,3.0,32.05
2014-07-28,0.0,3.0,29.05
2008-08-30,0.0,3.0,29.15
2010-11-11,8.4,4.0,30.7
2010-09-14,0.0,8.0,29.75
2012-08-14,0.0,2.0,25.4
2016-08-02,0.0,2.0,27.950000000000003
2010-10-09,4.8,8.0,29.4
2015-11-17,0.6,2.0,32.05
2016-07-14,0.0,1.0,24.6
2012-06-19,0.0,0.0,26.299999999999997
2012-01-23,21.8,7.0,30.25
2011-10-25,3.8,4.0,30.049999999999997
2009-07-08,0.0,5.0,25.6
2014-09-11,0.0,1.0,29.900000000000002
2013-04-22,0.0,1.0,31.0
2009-01-07,0.0,7.0,31.15
2015-08-30,0.0,3.0,28.4
2014-05-17,0.0,6.0,30.1
2015-10-01,0.0,4.0,29.7
2016-08-06,0.0,1.0,24.45
2014-01-27,3.6,7.0,28.5
2011-09-29,0.0,1.0,30.35
2011-03-12,14.6,7.0,28.15
2008-10-10,0.0,2.0,30.7
2011-05-17,0.0,4.0,26.85
2008-12-16,44.8,6.0,26.2
2009-02-13,9.8,8.0,27.4
2015-11-21,0.0,2.0,32.1
2012-08-22,0.0,7.0,26.950000000000003
2016-04-28,0.2,2.0,31.450000000000003
2009-09-28,0.0,1.0,30.4
2016-10-07,0.0,2.0,32.4
2009-11-21,0.0,8.0,31.25
2008-09-28,0.0,2.0,30.200000000000003
2010-08-10,0.0,1.0,29.0
2014-07-02,0.0,7.0,23.75
2010-10-19,0.0,1.0,31.0
2009-02-12,1.0,7.0,29.15
2009-01-09,0.0,7.0,29.9
2014-10-02,0.0,1.0,29.8
2014-02-06,14.8,8.0,27.65
2013-11-05,105.0,5.0,28.799999999999997
2012-01-07,0.0,6.0,31.5
2011-06-06,0.0,2.0,25.65
2012-07-26,0.0,1.0,26.9
2016-01-27,0.0,6.0,31.5
2011-06-09,0.0,6.0,26.05
2013-01-19,20.8,8.0,25.25
2015-12-22,16.8,7.0,28.1
2016-06-14,0.0,2.0,28.85
2013-05-03,0.0,4.0,31.849999999999998
2013-09-13,0.0,2.0,30.85
2010-08-27,0.0,6.0,28.45
2012-03-19,0.0,7.0,30.5
2011-05-31,0.0,4.0,25.5
2013-11-01,0.0,3.0,32.1
2010-08-15,0.0,1.0,27.45
2010-12-16,6.6,6.0,30.6
2015-03-11,0.0,6.0,31.6
2016-10-17,0.0,1.0,32.400000000000006
2016-12-21,85.0,8.0,27.6
2014-09-27,0.0,3.0,29.95
2010-02-08,0.0,5.0,30.799999999999997
2016-02-12,9.8,7.0,29.799999999999997
2008-09-29,0.0,1.0,29.799999999999997
2008-07-10,0.0,1.0,24.15
2012-01-30,30.0,8.0,26.75
2014-04-19,3.8,2.0,29.75
2010-07-06,0.2,7.0,27.700000000000003
2011-11-24,0.4,7.0,30.349999999999998
2016-03-15,2.4,7.0,28.25
2011-08-08,0.0,6.0,28.1
2008-10-11,0.0,5.0,30.7
2016-02-03,5.4,6.0,30.05
2011-06-17,0.0,5.0,22.299999999999997
2013-12-15,6.0,2.0,30.8
2009-07-11,0.0,3.0,25.35
2012-04-04,0.0,6.0,30.5
2009-09-26,0.0,1.0,30.9
2016-07-19,0.0,1.0,26.5
2015-04-06,0.4,6.0,31.8
2008-08-02,0.0,5.0,27.85
2014-08-31,0.0,2.0,27.25
2010-02-11,0.0,4.0,31.25
2008-09-24,5.2,6.0,29.15
2013-09-12,0.0,6.0,29.4
2017-02-15,0.0,6.0,30.2
2013-11-26,0.0,4.0,30.55
2011-06-02,0.0,0.0,24.0
2014-02-15,0.6,7.0,30.0
2010-01-11,5.4,7.0,28.1
2016-05-10,0.8,6.0,29.900000000000002
2012-03-29,6.6,7.0,28.799999999999997
2014-06-28,0.0,6.0,26.15
2010-12-24,18.4,7.0,28.75
2013-11-22,0.0,7.0,29.2
2016-06-07,0.0,2.0,30.549999999999997
2010-01-06,38.8,7.0,29.4
2012-07-19,0.0,1.0,26.4
2008-07-31,0.0,6.0,25.0
2014-07-24,0.0,1.0,25.299999999999997
2010-12-01,0.0,7.0,29.35
2008-12-28,12.4,7.0,30.85
2014-11-16,4.8,6.0,30.85
2013-07-30,0.0,7.0,28.05
2011-12-06,0.0,7.0,31.5
2012-11-28,0.0,7.0,31.8
2009-10-30,0.0,5.0,30.9
2014-06-24,0.0,7.0,26.1
2014-09-29,0.0,1.0,31.3
2009-05-10,0.0,3.0,29.95
2012-02-12,0.0,5.0,31.299999999999997
2016-07-01,0.0,2.0,28.950000000000003
2008-10-14,0.0,5.0,31.55
2012-06-28,0.0,1.0,25.1
2011-07-03,0.0,5.0,26.15
2009-04-25,0.0,7.0,30.700000000000003
2011-05-11,0.0,7.0,25.1
2013-07-06,0.0,3.0,28.85
2009-10-23,0.0,1.0,31.3
2014-05-31,0.0,7.0,29.9
2015-05-18,0.0,1.0,30.200000000000003
2013-10-16,2.8,4.0,30.8
2009-05-05,0.0,7.0,31.0
2015-07-04,0.0,0.0,26.85
2012-04-21,6.2,7.0,27.549999999999997
2010-03-11,0.0,5.0,30.8
2012-07-25,0.0,2.0,26.3
2013-09-21,0.0,5.0,30.5
2014-06-30,0.0,1.0,24.299999999999997
2016-12-20,10.4,7.0,27.6
2014-04-25,0.0,7.0,29.4
2014-03-10,3.4,7.0,30.05
2011-09-12,0.0,0.0,26.7
2016-03-18,0.0,8.0,30.35
2013-10-17,0.0,7.0,30.6
2008-12-25,0.4,7.0,30.299999999999997
2009-02-10,36.8,7.0,28.9
2010-05-11,0.0,4.0,29.3
2010-09-23,10.4,7.0,29.0
2014-05-27,0.0,3.0,30.05
2009-01-15,7.0,6.0,28.450000000000003
2016-01-31,39.4,7.0,26.7
2009-10-27,0.0,3.0,31.549999999999997
2015-11-16,0.0,2.0,32.099999999999994
2009-09-24,0.0,3.0,30.45
2010-06-27,0.0,3.0,28.25
2015-06-10,0.0,3.0,27.549999999999997
2015-08-21,0.0,3.0,26.9
2015-09-06,0.0,2.0,28.9
2010-02-25,1.2,8.0,29.75
2015-09-28,0.0,1.0,29.65
2016-03-23,0.0,6.0,30.6
2016-12-28,58.4,7.0,26.25
2014-08-03,0.0,7.0,28.5
2014-07-29,0.0,1.0,29.3
2009-09-08,10.2,1.0,29.95
2016-05-28,0.0,2.0,30.95
2015-03-05,5.8,5.0,30.55
2009-11-20,0.0,8.0,31.6
2016-09-12,0.0,1.0,30.4
2009-03-10,0.0,3.0,31.299999999999997
2013-06-06,0.0,7.0,28.75
2009-02-16,24.2,8.0,24.75
2017-03-03,0.0,6.0,31.349999999999998
2009-01-05,24.2,7.0,28.4
2017-05-03,0.0,7.0,29.700000000000003
2013-12-29,7.0,6.0,28.65
2013-07-19,0.0,6.0,26.95
2008-12-18,10.4,8.0,25.35
2014-08-08,0.0,1.0,29.85
2016-08-25,0.0,2.0,29.95
2012-11-17,0.0,3.0,31.45
2013-11-12,14.4,2.0,31.0
2009-01-25,4.4,7.0,29.0
2009-05-22,0.0,1.0,28.3
2008-07-04,0.0,6.0,25.55
2014-07-01,0.0,5.0,22.9
2010-07-16,0.0,2.0,27.65
2012-06-11,0.0,0.0,24.2
2012-08-24,0.0,2.0,29.799999999999997
2016-01-21,4.2,7.0,28.15
2012-10-23,0.6,1.0,31.1
2013-09-05,0.0,2.0,28.900000000000002
2010-07-02,0.0,3.0,27.05
2010-09-02,0.0,1.0,30.5
2016-09-23,0.0,7.0,29.25
2017-04-18,0.0,6.0,29.9
2015-11-25,0.0,1.0,32.6
2015-10-21,0.0,1.0,31.25
2010-04-08,23.4,7.0,29.049999999999997
2011-03-15,12.6,7.0,28.45
2011-12-19,17.8,7.0,28.2
2009-04-11,0.0,3.0,30.549999999999997
2017-04-24,0.0,3.0,31.1
2012-04-20,1.0,8.0,28.5
2010-12-31,0.0,7.0,29.95
2009-10-16,0.0,5.0,31.35
2016-02-04,2.4,7.0,29.299999999999997
2016-08-11,0.0,1.0,28.05
2015-04-15,0.0,7.0,30.1
2016-04-15,0.0,6.0,29.7
2010-06-02,0.0,0.0,27.75
2010-06-23,0.0,5.0,27.85
2017-04-01,26.2,8.0,30.5
2012-04-14,8.2,5.0,30.5
2016-10-28,6.0,7.0,30.25
2011-05-12,0.0,3.0,25.0
2009-07-12,0.0,7.0,26.85
2015-11-23,0.0,2.0,33.0
2009-03-12,5.4,6.0,30.4
2010-11-05,0.0,7.0,29.1
2010-10-23,0.0,3.0,31.85
2017-01-03,20.8,8.0,27.05
2015-01-03,5.8,8.0,27.549999999999997
2015-06-20,0.0,2.0,26.75
2009-09-03,0.0,2.0,29.299999999999997
2016-02-11,2.2,7.0,31.1
2017-06-17,0.0,3.0,27.549999999999997
2012-06-20,0.0,0.0,25.4
2016-12-02,0.0,6.0,31.35
2017-02-14,5.8,4.0,29.75
2009-12-12,141.2,8.0,24.85
2014-12-22,0.0,7.0,30.950000000000003
2015-12-16,11.8,7.0,29.299999999999997
2016-10-04,13.8,6.0,29.8
2016-09-06,0.0,5.0,30.549999999999997
2013-10-29,0.0,7.0,30.05
2014-09-02,0.0,7.0,28.049999999999997
2014-08-01,0.0,2.0,28.35
2015-06-04,0.0,1.0,28.85
2016-05-22,1.8,3.0,29.65
2010-08-02,0.0,6.0,27.85
2009-03-05,0.0,3.0,31.1
2014-09-26,0.0,1.0,30.2
2008-11-28,0.0,7.0,31.299999999999997
2013-10-19,0.0,3.0,31.2
2009-08-31,0.0,2.0,29.950000000000003
2012-08-10,0.0,0.0,28.05
2016-02-19,0.0,6.0,31.75
2009-12-03,0.8,6.0,31.8
2014-01-01,1.0,6.0,30.849999999999998
2011-01-30,0.0,6.0,30.4
2008-08-11,0.0,3.0,26.7
2016-01-16,0.0,8.0,29.85
2009-06-12,0.0,0.0,24.700000000000003
2016-01-06,0.0,2.0,31.549999999999997
2010-10-15,0.6,6.0,30.25
2014-04-30,0.2,4.0,31.25
2009-06-06,0.0,1.0,28.450000000000003
2014-07-03,0.0,4.0,24.5
2012-02-21,2.2,7.0,28.75
2010-09-21,0.0,1.0,29.65
2013-09-01,0.0,1.0,29.75
2015-02-24,10.0,8.0,28.15
2015-07-30,0.0,1.0,28.35
2010-02-01,5.2,7.0,30.5
2017-01-22,4.0,8.0,30.8
2010-07-28,0.0,1.0,30.5
2014-12-02,0.0,2.0,32.25
2013-03-26,13.8,7.0,27.2
2009-03-27,0.0,7.0,29.4
2016-09-07,0.0,2.0,29.95
2008-07-29,0.0,0.0,27.2
2014-11-25,0.0,7.0,31.900000000000002
2012-08-27,0.0,6.0,30.049999999999997
2008-11-24,0.0,6.0,33.1
2013-10-10,0.0,6.0,33.15
2017-04-28,3.4,7.0,25.85
2015-05-14,0.0,1.0,26.3
2009-01-04,15.0,7.0,29.9
2014-06-10,0.0,1.0,25.8
2014-03-03,0.0,6.0,30.4
2014-08-10,0.0,1.0,27.549999999999997
2011-10-11,0.0,2.0,30.799999999999997
2016-10-27,18.2,5.0,30.45
2010-10-30,4.0,7.0,28.2
2011-03-09,24.2,8.0,26.3
2016-01-03,0.0,2.0,31.0
2013-01-31,2.0,3.0,31.3
2012-05-17,0.0,1.0,26.75
2012-07-24,0.0,1.0,26.2
2017-06-15,0.0,0.0,26.549999999999997
2009-04-04,0.0,2.0,30.7
2015-07-12,0.0,0.0,28.7
2011-03-19,0.8,8.0,26.6
2009-04-24,0.0,5.0,30.900000000000002
2010-12-06,0.0,5.0,31.700000000000003
2015-05-13,0.0,1.0,28.25
2014-02-28,13.2,5.0,29.700000000000003
2013-06-09,0.0,5.0,28.0
2011-03-20,1.6,5.0,29.75
2016-12-13,0.4,4.0,32.25
2011-11-26,4.0,5.0,30.8
2008-08-16,0.0,2.0,27.200000000000003
2014-02-07,6.8,7.0,29.6
2010-12-04,0.0,3.0,32.3
2014-02-08,2.8,5.0,29.5
2013-04-26,0.0,7.0,29.9
2014-12-12,0.0,7.0,30.950000000000003
2014-12-03,0.4,7.0,30.5
2013-12-14,17.6,4.0,31.7
2016-08-24,0.0,6.0,29.9
2009-06-23,0.0,5.0,28.25
2016-12-31,9.8,7.0,30.299999999999997
2013-09-10,0.2,2.0,29.05
2016-02-20,8.2,6.0,31.200000000000003
2009-01-13,0.0,7.0,31.35
2008-12-15,14.8,7.0,27.1
2015-09-13,0.0,1.0,29.700000000000003
2014-01-26,0.0,7.0,28.95
2012-05-14,0.0,2.0,29.549999999999997
2014-07-20,0.0,0.0,26.25
2017-05-30,0.0,1.0,28.5
2016-05-12,0.0,2.0,27.7
2013-05-28,0.0,7.0,28.1
2011-08-17,0.0,1.0,26.549999999999997
2015-11-20,5.0,2.0,31.8
2016-06-01,0.0,1.0,30.799999999999997
2016-05-02,0.0,7.0,29.25
2012-09-13,0.0,2.0,29.4
2010-01-20,0.0,7.0,30.5
2011-07-02,0.0,2.0,26.9
2010-04-16,0.0,6.0,30.1
2013-07-14,0.0,2.0,28.1
2009-10-06,0.0,0.0,30.849999999999998
2016-10-02,0.0,6.0,31.6
2013-12-06,3.6,5.0,30.85
2016-10-31,0.0,3.0,31.8
2013-10-06,0.0,2.0,30.4
2011-12-27,0.4,7.0,30.25
2013-12-22,14.2,8.0,25.45
2015-08-20,0.0,2.0,27.35
2014-03-23,0.0,5.0,31.6
2012-01-31,44.6,8.0,25.799999999999997
2008-10-08,18.8,2.0,31.1
2017-02-17,0.0,7.0,30.6
2017-03-15,3.8,5.0,29.85
2013-05-13,0.0,7.0,29.950000000000003
2008-12-02,1.8,7.0,30.7
2014-12-13,0.0,3.0,32.2
2011-09-22,0.0,4.0,29.45
2012-02-03,3.6,7.0,28.4
2017-03-18,13.6,5.0,29.6
2013-08-20,0.0,1.0,28.85
2017-03-29,0.0,7.0,31.35
2013-12-08,0.0,6.0,31.45
2015-02-25,2.2,7.0,29.4
2008-08-21,0.0,4.0,27.3
2013-12-04,0.0,7.0,30.3
2015-06-23,0.0,4.0,27.3
2013-11-15,17.2,7.0,28.299999999999997
2013-01-22,1.4,6.0,31.35
2012-09-10,0.0,6.0,29.95
2015-07-17,0.0,0.0,24.05
2013-12-03,0.0,4.0,31.200000000000003
2010-06-29,0.0,6.0,29.1
2008-10-28,0.0,7.0,30.65
2012-09-04,0.0,6.0,28.15
2015-01-04,30.6,8.0,27.1
2015-01-22,0.0,5.0,30.95
2016-12-08,3.8,2.0,31.7
2011-02-26,29.6,7.0,28.65
2008-09-03,0.0,3.0,29.799999999999997
2010-06-05,0.0,1.0,24.15
2011-05-22,0.0,5.0,28.4
2011-05-18,0.0,5.0,27.799999999999997
2015-04-11,0.0,3.0,30.2
2008-12-21,13.4,7.0,29.25
2008-08-13,0.0,1.0,27.299999999999997
2011-09-01,0.0,0.0,28.45
2014-09-28,0.0,1.0,30.6
2014-12-09,0.8,7.0,28.45
2010-07-08,0.0,7.0,27.95
2009-06-13,0.0,1.0,26.35
2008-11-10,0.6,7.0,29.65
2013-03-09,1.6,7.0,29.6
2015-05-04,0.0,6.0,28.2
2010-08-23,0.0,1.0,29.75
2011-02-27,60.4,7.0,29.1
2014-06-01,0.0,3.0,29.799999999999997
2015-04-26,0.0,7.0,28.4
2016-08-16,0.0,2.0,28.15
2013-09-11,0.0,6.0,29.75
2014-09-18,0.0,5.0,29.7
2014-01-02,0.0,2.0,31.599999999999998
2014-01-09,0.0,5.0,32.45
2009-04-22,0.0,7.0,31.049999999999997
2014-01-16,38.6,8.0,27.450000000000003
2009-01-08,0.0,8.0,30.55
2010-11-28,7.6,7.0,29.45
2012-11-14,0.0,7.0,31.1
2014-03-19,0.0,1.0,31.05
2010-09-15,0.0,3.0,30.85
2016-02-29,0.0,4.0,31.6
2015-05-28,0.0,7.0,29.75
2012-10-11,0.0,2.0,31.25
2010-10-02,0.0,4.0,31.75
2010-12-30,18.0,7.0,28.3
2016-12-03,8.6,7.0,30.049999999999997
2009-11-19,0.0,7.0,32.1
2012-04-26,0.0,1.0,26.4
2011-07-15,0.0,7.0,27.5
2014-08-12,0.0,4.0,27.799999999999997
2010-04-27,0.0,5.0,29.9
2014-03-11,3.8,7.0,25.950000000000003
2013-05-18,8.2,7.0,30.15
2009-05-11,0.0,7.0,30.0
2008-09-10,0.0,8.0,30.05
2010-01-28,27.6,8.0,26.200000000000003
2009-10-15,0.4,2.0,31.8
2017-04-12,65.8,7.0,23.85
2010-05-21,2.4,7.0,26.15
2013-08-05,0.0,0.0,26.950000000000003
2011-01-29,0.0,3.0,30.45
2013-08-11,0.0,7.0,26.25
2017-01-27,0.0,7.0,28.15
2013-08-21,0.0,1.0,28.95
2015-11-27,27.4,2.0,32.55
2010-12-10,5.4,7.0,28.4
2011-08-15,0.0,4.0,27.3
2010-12-19,7.2,7.0,27.85
2016-03-14,1.6,8.0,31.2
2009-07-15,0.0,3.0,26.7
2016-06-11,0.0,3.0,30.0
2016-09-09,0.0,5.0,30.299999999999997
2016-02-24,3.2,7.0,30.9
2017-05-27,0.0,2.0,29.8
2009-04-26,0.0,6.0,31.85
2014-10-28,0.0,1.0,30.8
2012-09-30,21.2,6.0,25.75
2015-10-16,0.0,1.0,30.65
2016-02-14,9.6,1.0,32.2
2009-06-20,0.0,3.0,25.05
2013-04-24,0.0,2.0,31.15
2011-06-19,0.0,3.0,24.2
2015-10-09,0.0,1.0,30.7
2010-08-17,0.0,2.0,29.1
2010-04-20,0.0,7.0,30.0
2009-10-12,0.0,4.0,30.799999999999997
2016-02-23,0.0,1.0,31.950000000000003
2010-01-04,56.8,8.0,26.65
2011-11-03,0.0,6.0,28.8
2011-09-09,0.0,2.0,28.2
2010-01-22,16.0,7.0,29.0
2015-11-04,0.0,5.0,31.15
2013-07-15,0.0,1.0,28.049999999999997
2013-09-03,0.0,1.0,29.2
2010-07-22,0.0,2.0,26.8
2008-11-22,5.6,7.0,31.75
2010-04-29,4.0,7.0,29.1
2010-06-25,0.0,3.0,28.35
2016-02-09,0.0,3.0,31.849999999999998
2010-03-18,3.8,7.0,31.8
2016-11-14,0.4,7.0,30.0
2012-09-05,0.0,6.0,28.65
2010-01-09,2.4,7.0,30.8
2016-03-29,0.0,2.0,31.1
2012-05-06,0.0,7.0,28.0
2011-10-27,6.0,1.0,30.85
2010-07-14,0.0,1.0,28.9
2011-11-12,0.0,6.0,30.05
2014-07-18,0.0,1.0,28.1
2009-07-22,0.0,1.0,27.5
2010-10-21,11.8,7.0,28.200000000000003
2008-07-09,0.0,0.0,24.450000000000003
2010-12-25,2.8,7.0,29.3
2011-09-21,0.0,2.0,29.700000000000003
2012-05-19,0.0,3.0,27.55
2011-12-21,5.0,7.0,30.7
2015-09-23,0.0,2.0,29.55
2011-05-06,0.0,5.0,28.1
2012-03-08,4.6,5.0,29.0
2017-01-31,1.4,7.0,30.1
2012-11-03,31.6,2.0,29.15
2016-02-07,0.0,6.0,31.0
2010-03-05,0.0,5.0,31.150000000000002
2013-01-30,0.0,5.0,30.8
2016-09-28,0.0,3.0,31.65
