2014-05-26,0.0,0,22.55
2015-01-31,0.0,0,28.0
2011-05-14,0.0,0,19.950000000000003
2017-04-29,0.0,0,22.25
2012-05-31,10.6,0,18.65
2010-12-21,0.0,0,26.3
2010-05-29,9.2,0,19.45
2013-03-28,2.8,0,24.65
2015-08-29,0.2,0,20.0
2015-01-27,0.0,0,28.55
2008-12-15,0.0,0,26.3
2013-03-07,12.8,0,23.1
2017-05-17,0.2,0,21.6
2013-01-10,0.0,0,27.65
2010-02-06,1.6,0,28.65
2013-10-12,0.0,0,23.299999999999997
2011-05-19,0.8,0,18.799999999999997
2014-03-18,0.0,0,27.35
2014-09-02,0.0,0,21.0
2016-12-22,0.0,0,25.85
2009-09-15,0.0,0,22.700000000000003
2016-08-09,0.0,0,18.55
2010-05-02,0.0,0,24.799999999999997
2010-01-31,14.0,0,26.15
2016-07-10,0.0,0,18.549999999999997
2013-01-09,0.0,0,28.0
2016-08-29,0.0,0,20.549999999999997
2010-06-01,0.0,0,19.15
2012-01-02,0.0,0,25.85
2013-05-21,0.0,0,18.549999999999997
2016-01-16,0.2,0,23.1
2015-06-15,5.8,0,20.799999999999997
2010-03-24,0.2,0,26.45
2009-12-24,2.2,0,27.3
2015-11-12,0.8,0,22.8
2010-10-15,0.0,0,22.0
2012-04-12,0.0,0,21.45
2013-09-09,0.0,0,22.05
2009-03-25,0.0,0,26.5
2014-05-22,0.6,0,20.9
2009-10-20,0.0,0,23.4
2008-12-24,0.0,0,28.15
2009-09-16,0.0,0,22.8
2010-01-03,0.0,0,26.9
2011-05-04,4.6,0,21.8
2014-07-15,0.0,0,18.4
2015-01-16,0.0,0,29.15
2011-01-30,0.0,0,27.0
2011-05-11,3.6,0,19.35
2009-02-20,4.2,0,27.549999999999997
2017-05-16,0.0,0,21.549999999999997
2016-08-22,0.0,0,20.45
2014-11-02,0.0,0,23.5
2015-12-26,0.8,0,27.4
2017-01-13,0.8,0,27.15
2015-05-12,0.0,0,22.25
2009-07-30,0.0,0,17.85
2011-03-17,0.0,0,27.200000000000003
2014-02-08,0.2,0,27.3
2014-07-12,0.0,0,18.05
2010-10-02,2.2,0,18.15
2010-09-30,4.2,0,19.75
2011-07-06,0.0,0,18.25
2012-07-20,0.0,0,18.25
2013-09-24,0.0,0,24.2
2009-10-08,2.0,0,20.799999999999997
2010-06-10,0.0,0,17.25
2015-10-28,4.4,0,19.3
2010-09-04,0.0,0,23.15
2013-10-27,0.0,0,24.45
2013-04-03,0.0,0,25.2
2014-12-20,0.2,0,27.299999999999997
2010-11-02,0.0,0,26.05
2009-11-21,0.0,0,27.4
2009-12-03,0.4,0,24.8
2012-06-22,0.0,0,20.8
2014-11-26,0.0,0,25.7
2009-01-03,4.0,0,23.95
2017-03-27,5.2,0,26.15
2010-04-10,0.0,0,26.4
2014-08-08,0.0,0,18.85
2016-10-31,0.0,0,24.3
2012-08-06,0.0,0,20.3
2009-09-10,0.0,0,20.7
2009-07-17,0.0,0,16.950000000000003
2015-10-29,6.6,0,20.25
2012-07-02,0.0,0,17.15
2013-06-25,0.0,0,15.6
2009-09-11,0.0,0,21.65
2014-08-26,0.0,0,20.4
2009-10-02,0.0,0,23.4
2016-06-19,3.2,0,20.85
2011-09-20,0.0,0,21.65
2011-11-06,0.0,0,24.75
2011-06-14,0.0,0,17.700000000000003
2011-08-24,2.2,0,19.15
2014-04-12,0.0,0,29.05
2011-11-07,0.0,0,24.35
2015-05-02,83.6,0,22.549999999999997
2012-01-22,0.0,0,26.9
2016-08-01,0.0,0,19.450000000000003
2012-11-08,7.0,0,24.5
2017-06-15,15.6,0,20.25
2013-03-09,1.4,0,24.1
2014-09-15,0.2,0,21.3
2016-06-01,0.0,0,20.15
2010-01-11,0.0,0,28.299999999999997
2017-01-16,5.4,0,26.65
2013-07-28,0.2,0,19.85
2012-01-21,0.0,0,27.25
2015-07-11,1.0,0,17.45
2017-01-07,5.0,0,26.95
2009-02-11,0.0,0,28.1
2013-06-28,56.0,0,17.85
2017-04-10,0.2,0,26.65
2010-05-23,0.2,0,20.0
2014-12-12,17.0,0,22.3
2016-02-25,0.0,0,27.8
2017-06-14,17.8,0,19.05
2011-03-12,0.0,0,26.95
2017-05-15,3.2,0,20.25
2012-09-04,0.0,0,20.85
2012-08-10,0.0,0,16.9
2011-09-28,0.0,0,20.4
2009-09-26,0.0,0,23.2
2012-07-11,10.2,0,18.35
2016-01-04,18.4,0,25.55
2010-03-07,1.8,0,26.55
2010-04-03,0.0,0,24.9
2010-10-11,79.2,0,20.5
2010-11-29,0.2,0,26.200000000000003
2013-05-31,19.0,0,19.700000000000003
2011-01-19,0.8,0,28.5
2014-10-25,0.0,0,24.2
2011-11-19,0.0,0,26.35
2015-05-22,0,0,19.2
2011-08-19,0.0,0,18.05
2012-03-19,0.2,0,23.9
2011-11-30,0.0,0,25.9
2015-09-30,0.0,0,23.25
2012-02-26,23.2,0,25.55
2014-12-24,0.0,0,28.05
2017-01-01,0.0,0,29.1
2009-12-08,0.0,0,25.85
2010-02-16,19.4,0,25.5
2011-08-26,0.0,0,20.95
2011-08-27,4.2,0,18.3
2016-05-28,0.0,0,20.0
2017-01-17,0.0,0,26.549999999999997
2016-01-22,0.0,0,27.85
2015-05-08,0.0,0,21.0
2011-06-13,2.8,0,19.3
2012-01-13,0.0,0,25.55
2014-05-30,0.0,0,22.65
2012-04-02,0.0,0,26.35
2009-07-18,0.0,0,17.9
2013-10-30,10.6,0,22.75
2016-01-11,0.0,0,27.7
2009-04-24,0.0,0,23.7
2010-12-02,5.4,0,24.75
2016-11-12,0.0,0,25.15
2017-05-04,0.0,0,20.6
2010-08-16,0.0,0,21.05
2014-10-14,1.0,0,24.8
2013-03-05,3.8,0,24.549999999999997
2011-08-14,0.0,0,19.5
2009-08-03,0.0,0,20.15
2017-03-02,2.8,0,28.2
2015-04-07,0.0,0,26.45
2009-02-10,0.0,0,28.6
2012-03-06,6.0,0,23.2
2015-02-08,0.2,0,27.35
2014-11-19,1.6,0,24.6
2013-03-12,0.0,0,24.549999999999997
2015-09-05,0.0,0,20.75
2013-01-01,0.0,0,27.3
2013-06-30,14.0,0,14.95
2009-04-17,0.0,0,24.75
2016-03-27,0.0,0,23.9
2015-02-15,0.8,0,27.5
2011-02-25,0.2,0,26.85
2015-02-03,1.2,0,26.799999999999997
2010-01-30,0.0,0,26.75
2015-01-30,0.0,0,27.15
2014-04-06,0.0,0,24.200000000000003
2010-03-03,13.4,0,25.6
2011-01-17,0.0,0,28.45
2012-04-15,21.0,0,21.6
2015-09-15,0,0,21.05
2009-10-28,0.0,0,23.1
2013-12-08,0.0,0,25.25
2010-01-19,0.0,0,26.5
2013-05-14,8.2,0,20.75
2010-05-03,0.0,0,24.65
2009-07-02,0.0,0,21.15
2013-11-13,0.4,0,25.450000000000003
2010-09-12,0.0,0,22.05
2009-12-06,0.0,0,28.1
2015-12-03,1.8,0,23.75
2016-06-12,0.0,0,17.65
2015-12-01,0.0,0,28.15
2009-08-26,0.0,0,25.5
2012-09-16,0.0,0,20.6
2016-08-05,0.8,0,17.6
2010-04-25,0.2,0,25.5
2014-10-26,0.0,0,24.85
2009-12-20,0.0,0,23.6
2010-12-29,0.4,0,24.8
2014-12-11,0.0,0,25.3
2009-12-29,6.2,0,24.3
2013-12-11,0.0,0,24.0
2016-02-14,2.2,0,27.95
2011-08-10,0.0,0,18.6
2016-04-11,0.0,0,26.25
2015-03-06,0.0,0,26.9
2013-01-29,73.2,0,26.75
2013-04-15,0.0,0,24.5
2012-02-01,0.0,0,27.9
2016-12-25,10.2,0,22.55
2010-01-21,0.0,0,28.45
2013-09-17,25.0,0,23.549999999999997
2012-06-08,0.0,0,17.9
2015-01-25,0,0,29.5
2016-08-30,0.0,0,20.6
2010-03-13,0.6,0,25.450000000000003
2017-03-04,20.0,0,26.799999999999997
2015-07-14,0.0,0,16.1
2017-02-03,0.0,0,28.65
2009-05-28,0.0,0,20.65
2010-03-16,1.6,0,26.1
2015-07-18,0.0,0,15.6
2017-03-15,33.8,0,25.049999999999997
2009-06-11,0.0,0,14.4
2011-07-05,0.0,0,20.799999999999997
2010-05-14,0.0,0,20.65
2010-11-16,0.0,0,25.9
2009-12-07,0.0,0,26.95
2011-02-17,7.2,0,27.15
2015-03-24,0.2,0,27.3
2011-12-27,0.0,0,23.549999999999997
2014-07-27,0.8,0,19.15
2009-01-22,0.0,0,30.2
2014-06-10,0.0,0,20.049999999999997
2015-04-22,0.0,0,21.05
2016-07-09,0.0,0,18.85
2011-08-15,0.2,0,18.049999999999997
2016-06-22,0.0,0,18.5
2010-03-15,5.4,0,24.9
2017-05-21,0.0,0,21.6
2011-03-23,0.0,0,30.75
2011-05-18,0.0,0,20.55
2011-11-16,0.0,0,27.0
2013-03-23,0.0,0,26.85
2016-08-06,0.0,0,18.85
2014-07-28,0.0,0,19.799999999999997
2012-11-23,0.2,0,25.35
2011-06-07,0.0,0,18.95
2013-09-06,0.0,0,21.6
2009-12-14,0.0,0,26.85
2015-05-11,0.0,0,21.9
2014-06-22,0.4,0,21.1
2013-11-17,7.6,0,22.200000000000003
2015-06-07,1.0,0,20.15
2011-01-11,14.6,0,24.950000000000003
2016-09-18,1.2,0,21.049999999999997
2010-08-08,0.0,0,18.05
2015-12-05,0.0,0,25.35
2015-12-14,0.2,0,25.9
2011-11-10,0.0,0,24.95
2011-12-23,0.4,0,24.65
2013-12-22,0.0,0,27.05
2016-01-19,0.0,0,25.95
2009-01-05,0.0,0,27.0
2012-10-19,0.0,0,23.9
2012-09-08,0.0,0,21.55
2016-06-11,0.0,0,18.799999999999997
2015-10-05,0.0,0,25.25
2014-08-16,1.8,0,16.75
2016-10-30,0.0,0,25.25
2011-11-22,0.0,0,26.6
2012-08-09,0.0,0,19.85
2016-08-18,0.0,0,19.7
2011-05-02,0.0,0,22.75
2016-12-16,0.0,0,25.8
2009-09-19,0.0,0,22.95
2011-08-18,0.4,0,20.15
2009-07-20,0.0,0,18.7
2013-04-04,0.0,0,22.65
2017-03-10,0.0,0,25.95
2013-11-14,5.2,0,25.65
2011-03-19,8.4,0,21.85
2009-02-13,39.4,0,21.7
2015-03-29,0.0,0,26.75
2015-09-04,9.4,0,20.0
2017-03-21,10.4,0,26.4
2009-01-26,7.8,0,27.2
2009-09-30,0.0,0,23.05
2010-07-18,0.0,0,18.65
2009-03-08,0.0,0,27.9
2013-03-26,0.0,0,26.7
2009-02-27,8.6,0,25.65
2011-12-06,0.0,0,21.299999999999997
2009-10-13,0.4,0,27.15
2015-01-13,2.0,0,25.950000000000003
2016-12-15,0.0,0,27.25
2011-09-16,0.0,0,23.0
2012-02-04,0.0,0,26.9
2013-06-23,0.0,0,18.65
2011-09-07,1.0,0,21.65
2013-08-23,0.0,0,18.85
2015-12-31,0.0,0,26.549999999999997
2012-07-18,1.2,0,18.05
2013-12-07,0.0,0,23.950000000000003
2014-06-28,0.0,0,20.2
2012-03-12,0.6,0,24.6
2010-04-12,0.0,0,25.75
2017-01-03,33.8,0,22.85
2017-04-07,0.4,0,23.25
2015-07-15,0.0,0,14.95
2014-05-28,0.0,0,23.65
2015-12-22,0.0,0,26.25
2011-11-29,0.8,0,27.05
2010-05-13,0.0,0,21.65
2014-08-27,0.0,0,19.35
2013-10-15,0.0,0,22.35
2010-09-24,0.0,0,23.3
2014-06-04,0.0,0,21.55
2009-06-17,0.2,0,19.25
2013-01-06,0.0,0,26.65
2013-05-19,0.0,0,18.3
2013-05-05,0.0,0,22.4
2015-01-09,2.0,0,27.35
2014-04-03,0.0,0,26.35
2013-04-07,1.8,0,22.549999999999997
2014-08-14,0.0,0,18.6
2014-12-30,0.0,0,29.45
2015-05-27,0.0,0,20.65
2009-04-07,16.0,0,22.950000000000003
2017-01-27,17.2,0,27.25
2014-01-14,1.6,0,26.799999999999997
2011-12-11,0.2,0,25.450000000000003
2011-07-26,0.0,0,18.5
2012-01-14,0.0,0,25.299999999999997
2017-01-04,14.6,0,26.6
2009-04-01,0.0,0,26.049999999999997
2016-06-16,0.0,0,20.0
2009-06-22,35.8,0,18.15
2012-05-30,0.8,0,19.5
2015-05-17,4.8,0,21.4
2016-07-21,0,0,21.05
2015-12-10,0.0,0,28.5
2012-07-23,0.0,0,17.55
2017-04-11,0.0,0,22.65
2011-05-24,5.4,0,20.549999999999997
2009-10-21,0.0,0,24.5
2015-01-08,3.8,0,23.8
2009-12-13,1.0,0,27.25
2015-08-02,0.0,0,20.6
2013-08-27,0.0,0,21.35
2008-12-25,14.2,0,25.3
2015-02-12,24.6,0,26.7
2010-10-27,0.0,0,23.45
2010-10-13,0.6,0,21.85
2014-04-13,0.0,0,23.5
2012-08-25,0.0,0,20.5
2014-07-21,0,0,18.6
2009-09-13,0.0,0,22.05
2010-07-20,15.8,0,17.3
2016-08-15,0.0,0,20.55
2016-06-29,0.0,0,18.9
2014-04-08,0.0,0,24.3
2016-09-01,0.0,0,21.85
2010-11-11,0.2,0,24.9
2013-10-20,0.0,0,24.049999999999997
2013-03-04,6.8,0,24.3
2013-05-15,0.4,0,20.25
2015-11-20,0.0,0,27.85
2017-02-10,8.4,0,28.4
2012-06-18,0.0,0,17.3
2009-02-04,0.6,0,28.8
2009-06-24,0.0,0,17.75
2014-03-04,9.0,0,25.1
2011-03-07,2.2,0,24.950000000000003
2009-07-14,0.0,0,17.8
2015-07-26,0.2,0,20.6
2011-01-24,0.0,0,26.65
2015-07-10,0.0,0,17.700000000000003
2016-07-19,0.2,0,21.6
2013-04-19,0.0,0,24.95
2009-11-01,31.4,0,21.700000000000003
2011-10-19,1.0,0,20.85
2016-03-18,0,0,27.5
2013-08-25,0.0,0,20.95
2016-08-11,0.0,0,20.65
2015-03-04,0,0,27.85
2011-02-27,0.0,0,27.950000000000003
2016-07-05,6.4,0,18.05
2009-11-30,0.0,0,27.3
2011-06-02,0.6,0,21.15
2010-08-04,0.0,0,18.4
2016-11-07,0.0,0,26.15
2014-01-01,0.0,0,27.65
2013-11-12,1.2,0,24.299999999999997
2017-03-23,2.8,0,26.05
2014-05-13,0.0,0,22.75
2011-01-25,0.0,0,27.200000000000003
2011-12-01,0.6,0,24.05
2014-05-16,2.4,0,20.35
2017-01-19,0.0,0,27.2
2013-11-10,0.0,0,24.65
2015-08-24,0.0,0,22.1
2009-11-13,0.0,0,25.6
2016-07-22,0.0,0,22.85
2016-10-21,0.0,0,25.299999999999997
2010-05-17,0.0,0,19.45
2009-03-01,0.0,0,29.15
2014-09-01,0.0,0,21.3
2013-07-12,0.2,0,17.799999999999997
2014-07-24,0.2,0,19.45
2011-01-04,0.0,0,27.450000000000003
2012-01-31,0.0,0,28.4
2011-12-31,12.4,0,22.65
2010-11-10,1.2,0,24.6
2012-08-04,0.2,0,18.35
2011-02-22,34.2,0,25.55
2010-01-02,0.8,0,27.0
2012-01-04,0.0,0,26.65
2010-03-12,19.6,0,24.3
2015-12-27,2.8,0,26.700000000000003
2015-03-08,0.0,0,28.299999999999997
2012-06-05,0.2,0,15.35
2009-11-04,0.0,0,25.950000000000003
2014-06-07,0.0,0,20.8
2015-12-17,3.2,0,26.799999999999997
2012-08-21,0.0,0,19.7
2013-08-07,0.0,0,20.65
2017-06-12,52.0,0,18.65
2013-07-09,0.0,0,18.25
2016-02-12,1.4,0,27.65
2009-07-22,0.0,0,19.75
2012-02-05,0.0,0,27.1
2009-11-10,3.6,0,23.75
2013-01-14,0.0,0,25.5
2017-03-25,6.6,0,24.950000000000003
2013-08-05,0.0,0,19.35
2011-03-26,0.0,0,26.4
2009-06-10,0.0,0,17.15
2014-12-04,0.0,0,26.65
2014-05-24,0.0,0,22.95
2012-01-24,47.2,0,23.15
2010-10-04,118.6,0,23.75
2013-07-13,0.0,0,18.049999999999997
2010-04-30,0.0,0,23.7
2016-06-30,0.0,0,18.1
2015-09-28,4.6,0,21.1
2010-01-23,0.0,0,29.1
2017-01-28,6.0,0,27.8
2011-09-04,0.0,0,19.9
2014-10-07,0.0,0,23.450000000000003
2010-05-26,0.0,0,22.0
2017-05-02,0.0,0,23.05
2017-03-24,0.0,0,24.75
2015-03-27,0,0,27.2
2010-03-31,0.2,0,25.6
2017-05-24,0.2,0,23.049999999999997
2013-08-08,0.0,0,20.0
2017-05-30,0.0,0,20.799999999999997
2012-11-12,0.0,0,22.85
2017-02-20,4.2,0,26.9
2013-09-14,0.0,0,22.799999999999997
2012-05-25,4.6,0,18.2
2010-11-15,0.0,0,26.0
2017-05-09,9.2,0,20.65
2011-12-29,0.0,0,26.75
2016-07-07,0.0,0,19.2
2012-10-20,0.0,0,24.450000000000003
2014-11-11,0.0,0,26.25
2009-09-17,0.0,0,22.85
2015-06-14,11.8,0,20.2
2010-10-01,0.6,0,20.299999999999997
2009-11-09,6.2,0,23.45
2015-10-14,1.6,0,22.75
2009-09-14,0.0,0,22.25
2010-04-22,4.0,0,24.55
2013-12-06,0.0,0,23.9
2011-07-12,0.0,0,17.35
2012-10-16,0.0,0,22.95
2016-12-01,1.8,0,24.95
2012-05-13,0.0,0,24.0
2016-09-03,7.6,0,21.05
2012-11-03,0.0,0,23.3
2012-02-09,1.6,0,25.1
2017-06-10,0.0,0,19.75
2014-01-20,0.0,0,28.05
2009-03-20,0.0,0,26.5
2009-03-09,0.0,0,25.9
2016-05-11,0.0,0,21.799999999999997
2009-12-11,0.0,0,26.05
2011-07-30,0.0,0,18.6
2013-03-11,1.8,0,25.95
2010-06-08,0.0,0,19.3
2016-10-18,3.4,0,21.5
2011-06-30,3.2,0,18.25
2014-06-11,0.0,0,19.75
2012-10-14,0.0,0,22.25
2011-05-25,0.2,0,17.5
2009-03-27,0.0,0,26.3
2010-10-10,24.2,0,17.15
2015-05-30,0.0,0,22.4
2014-08-25,0.2,0,20.35
2013-06-02,0.0,0,20.15
2010-12-06,22.8,0,22.4
2009-05-30,7.4,0,20.35
2013-10-08,0.0,0,23.85
2011-12-15,0.0,0,23.15
2016-11-16,0.0,0,24.75
2015-12-30,0.4,0,25.75
2014-07-09,0.0,0,16.85
2014-09-24,0.8,0,20.9
2011-03-16,0.0,0,27.55
2011-08-20,0.0,0,17.7
2013-03-27,1.0,0,25.75
2013-05-17,0.0,0,20.549999999999997
2012-06-09,0.4,0,17.65
2014-04-15,1.0,0,22.95
2010-11-23,1.4,0,23.9
2014-12-25,0.0,0,27.0
2016-03-02,6.8,0,27.1
2010-06-21,0.0,0,19.2
2016-05-09,1.6,0,24.45
2012-05-08,0.0,0,21.7
2013-12-21,0.0,0,26.9
2016-07-13,0.0,0,18.200000000000003
2015-10-07,0.0,0,24.799999999999997
2017-04-13,0.0,0,23.950000000000003
2009-06-07,0.0,0,20.9
2013-03-24,0.0,0,27.3
2010-09-28,2.0,0,22.049999999999997
2011-01-06,29.6,0,21.7
2014-03-16,0.2,0,27.1
2012-01-28,12.4,0,23.25
2015-06-03,0.0,0,17.1
2013-08-03,0.0,0,20.35
2009-05-06,0.0,0,20.35
2010-11-22,3.6,0,22.65
2015-08-23,0.0,0,21.549999999999997
2014-01-29,0.0,0,24.35
2010-01-26,0.0,0,29.5
2016-01-24,0,0,27.299999999999997
2012-09-29,0.0,0,23.15
2012-07-07,1.0,0,18.25
2014-06-26,0.0,0,18.35
2014-04-23,0.0,0,25.049999999999997
2009-02-06,0.0,0,28.65
2011-01-26,0.0,0,28.45
2012-08-16,0.0,0,20.8
2015-07-16,0.0,0,15.799999999999999
2013-01-26,6.4,0,25.15
2012-02-15,0.0,0,26.9
2015-08-28,4.2,0,19.45
2014-01-21,0.0,0,28.75
2014-11-12,0.4,0,23.55
2014-07-18,0.0,0,17.6
2012-03-08,0.0,0,25.5
2010-02-28,32.8,0,26.35
2014-11-22,0.2,0,25.0
2010-06-11,0.0,0,16.9
2014-03-22,1.2,0,25.9
2009-07-23,0.0,0,21.4
2015-04-10,0.0,0,23.75
2015-12-12,5.8,0,21.95
2015-01-03,0.0,0,27.799999999999997
2010-12-16,0.0,0,25.8
2016-09-22,7.6,0,21.5
2016-11-21,0.0,0,25.25
2012-10-09,0.0,0,23.75
2014-12-15,0.0,0,26.299999999999997
2015-05-09,0.0,0,21.549999999999997
2016-12-27,2.0,0,27.15
2013-11-19,11.6,0,23.1
2013-12-17,1.4,0,25.2
2011-08-03,0.0,0,19.05
2015-01-15,0.4,0,30.55
2013-04-24,0.0,0,24.7
2012-09-13,0.0,0,23.15
2011-03-20,31.8,0,23.450000000000003
2012-11-05,0.0,0,24.35
2009-03-29,1.2,0,25.65
2014-06-29,4.4,0,17.05
2013-08-10,0.0,0,19.9
2016-04-22,0.0,0,25.45
2013-01-18,0.0,0,27.1
2014-12-02,0.0,0,26.6
2009-11-27,0.0,0,27.2
2011-05-15,0.0,0,20.05
2015-01-12,42.4,0,25.549999999999997
2015-07-02,0.0,0,18.35
2009-06-14,0.0,0,18.85
2011-03-06,13.6,0,24.45
2011-09-19,0.0,0,22.65
2014-02-07,0.6,0,24.55
2014-11-13,0.0,0,22.700000000000003
2010-12-13,0.4,0,25.95
2009-08-31,3.0,0,17.3
2010-08-18,0.0,0,20.5
2009-08-30,0.0,0,27.6
2013-08-28,0.0,0,22.700000000000003
2008-12-21,0.0,0,24.0
2012-10-03,0.2,0,21.95
2012-09-07,0.0,0,22.35
2012-11-06,0.0,0,24.450000000000003
2016-11-22,0.0,0,25.75
2009-11-29,0.0,0,27.7
2010-04-26,0.0,0,23.049999999999997
2015-11-04,15.6,0,24.65
2015-01-19,0.0,0,27.0
2015-08-21,0.0,0,19.85
2016-07-08,0.0,0,19.700000000000003
2009-01-24,10.8,0,28.25
2010-01-24,0.0,0,28.700000000000003
2017-04-02,0.0,0,23.35
2015-04-28,0.0,0,23.1
2011-11-02,0.0,0,23.45
2011-07-11,0.0,0,17.7
2012-06-04,1.0,0,20.299999999999997
2013-11-16,12.4,0,23.25
2016-05-24,0.0,0,23.35
2016-11-23,0.0,0,25.7
2014-01-04,0.0,0,29.55
2013-01-02,0.0,0,28.75
2011-10-17,4.8,0,19.5
2015-05-18,13.0,0,20.5
2009-02-24,0.0,0,28.35
2013-01-15,0.0,0,24.9
2011-02-12,0.4,0,27.8
2016-08-25,28.0,0,18.8
2009-09-28,0.0,0,22.95
2011-02-24,7.0,0,24.9
2008-12-11,0.0,0,26.1
2014-03-29,1.4,0,27.5
2013-11-06,0.0,0,23.55
2009-01-25,0.0,0,26.85
2014-01-03,2.0,0,29.25
2010-02-12,0.0,0,28.2
2011-09-10,10.8,0,16.95
2016-12-10,0.0,0,25.5
2013-11-08,0.0,0,24.9
2012-05-22,0.0,0,22.4
2016-09-19,1.4,0,20.3
2015-09-08,0.8,0,22.65
2014-05-05,0.0,0,19.950000000000003
2015-12-02,1.2,0,24.0
2014-04-27,0.0,0,24.75
2015-05-20,0.0,0,22.85
2015-07-08,0.0,0,16.9
2012-06-27,11.2,0,15.4
2016-04-23,0.0,0,25.4
2012-06-21,0.0,0,18.1
2009-03-21,5.2,0,25.0
2009-11-23,0.0,0,26.55
2009-04-25,0.0,0,24.799999999999997
2016-12-20,0.0,0,26.55
2009-07-06,0.0,0,18.0
2012-11-25,0.0,0,26.200000000000003
2011-10-03,0.0,0,19.75
2013-03-20,0.0,0,24.1
2009-04-21,0.0,0,23.95
2012-11-10,5.8,0,21.45
2015-02-25,0,0,27.0
2012-07-08,0.0,0,19.0
2014-06-23,0.8,0,19.700000000000003
2012-08-01,0.0,0,16.4
2009-05-02,0.2,0,22.55
2016-07-18,0.0,0,20.2
2016-12-18,4.8,0,23.25
2015-09-03,6.6,0,21.75
2016-01-14,0.0,0,28.6
2013-09-13,0.2,0,22.3
2015-03-09,0.0,0,28.6
2013-06-12,0.6,0,19.6
2012-06-26,0.0,0,16.7
2015-02-16,6.6,0,27.2
2016-03-28,0.4,0,26.45
2011-12-05,0.0,0,22.65
2015-02-07,1.2,0,25.950000000000003
2010-11-21,1.0,0,22.799999999999997
2016-05-13,0.0,0,22.299999999999997
2014-10-17,0.0,0,23.95
2013-07-07,0.0,0,18.95
2013-07-30,4.6,0,19.0
2011-12-04,0.0,0,25.0
2014-08-23,47.4,0,16.4
2012-07-12,5.6,0,19.35
2013-12-25,0.0,0,26.799999999999997
2012-09-06,0.0,0,22.9
2016-08-14,0.0,0,20.05
2015-11-11,0.0,0,24.8
2010-02-19,0.8,0,26.75
2009-05-05,0.0,0,22.4
2009-10-31,0.0,0,24.8
2010-09-01,0.0,0,21.65
2010-01-13,0.0,0,28.4
2014-04-30,0.2,0,23.45
2015-04-18,0.0,0,25.65
2014-08-18,0.0,0,17.85
2017-04-16,0.0,0,23.65
2014-09-30,0.0,0,22.45
2016-02-20,2.8,0,28.4
2009-06-18,0.0,0,19.0
2010-08-03,0.0,0,19.0
2010-11-14,0.0,0,25.6
2012-07-29,0.0,0,17.049999999999997
2014-06-13,4.4,0,18.0
2014-12-01,0.0,0,26.55
2011-02-21,0.0,0,28.25
2014-02-16,0.0,0,28.6
2011-10-21,0.0,0,22.95
2011-07-01,2.6,0,17.95
2014-02-27,0.2,0,27.700000000000003
2010-12-25,71.0,0,23.8
2014-12-14,0.0,0,23.8
2016-12-21,0.0,0,27.0
2015-05-19,1.2,0,21.25
2010-10-17,0.0,0,18.45
2015-10-01,0.0,0,23.35
2017-05-31,0.0,0,18.4
2014-08-02,0.0,0,16.95
2015-09-01,0.0,0,21.6
2010-08-20,6.2,0,17.450000000000003
2010-07-27,0.4,0,18.35
2011-08-07,0.0,0,21.4
2011-07-02,0.0,0,18.65
2016-02-02,4.0,0,28.45
2012-09-11,0.0,0,22.2
2016-08-27,1.8,0,18.25
2016-04-09,0.0,0,26.95
2013-07-03,0.6,0,20.6
2010-05-21,0.8,0,18.0
2010-05-25,5.6,0,19.3
2011-07-20,0.0,0,16.2
2014-03-23,0.0,0,26.75
2009-11-08,1.4,0,24.9
2016-02-06,13.6,0,25.450000000000003
2013-11-02,0.0,0,24.9
2016-02-24,0.2,0,27.5
2012-06-14,0.0,0,19.8
2013-11-30,13.2,0,19.799999999999997
2017-03-03,0.0,0,28.4
2014-07-08,0.0,0,17.25
2013-11-07,0.0,0,24.049999999999997
2013-07-29,0.6,0,17.85
2015-04-06,0.2,0,26.35
2017-03-13,0.0,0,25.4
2015-09-10,0.0,0,19.95
2016-10-11,0,0,22.85
2014-06-02,0.2,0,21.75
2010-12-08,2.4,0,26.15
2015-10-30,0.2,0,22.3
2011-01-07,37.0,0,24.65
2015-12-21,0.0,0,28.25
2015-04-21,2.8,0,20.15
2009-04-09,1.8,0,23.3
2014-01-22,0.0,0,27.35
2011-06-04,0.0,0,20.4
2010-07-28,29.8,0,19.45
2016-02-11,0.4,0,28.15
2015-05-24,0.0,0,20.85
2012-08-07,0.0,0,18.55
2016-03-26,0.0,0,27.200000000000003
2010-03-26,4.0,0,26.55
2010-11-25,1.2,0,24.5
2012-01-12,0.0,0,25.3
2010-09-20,11.4,0,18.5
2013-04-25,0.0,0,24.4
2009-11-11,0.0,0,25.1
2015-02-14,0.4,0,27.5
2014-02-12,0.0,0,27.6
2014-09-14,0.6,0,21.55
2010-11-03,0.0,0,24.1
2015-06-09,0.0,0,20.9
2011-05-08,0.0,0,20.75
2016-12-04,1.6,0,26.700000000000003
2017-04-25,0.0,0,23.25
2010-02-01,6.2,0,25.7
2010-10-28,0.0,0,23.0
2009-11-12,0.0,0,24.65
2015-03-21,0.0,0,25.55
2015-03-22,46.4,0,24.9
2008-12-06,3.6,0,30.65
2016-10-06,0.0,0,22.1
2009-08-24,0.0,0,23.05
2012-11-29,7.2,0,26.25
2013-07-04,0.0,0,20.5
2014-12-26,0.2,0,27.55
2010-07-10,0.0,0,19.55
2012-03-04,5.8,0,26.15
2012-03-26,0.0,0,24.25
2014-02-05,0.0,0,25.1
2012-06-03,75.2,0,19.65
2015-07-30,0.0,0,18.95
2014-01-07,14.0,0,26.0
2009-12-17,0.0,0,27.450000000000003
2016-04-27,0.6,0,22.85
2012-05-09,0.0,0,22.1
2016-08-08,0.0,0,18.65
2016-06-27,0.0,0,17.1
2009-10-17,0,0,22.799999999999997
2009-05-22,8.4,0,20.4
2015-02-23,5.2,0,26.7
2012-01-10,0.0,0,28.35
2010-10-20,3.4,0,21.1
2015-11-02,0.0,0,25.35
2013-04-30,0.0,0,24.75
2014-05-19,0.2,0,22.1
2017-04-05,0.4,0,21.7
2011-09-15,0.0,0,22.049999999999997
2009-12-19,0.0,0,26.25
2014-01-28,0.0,0,24.8
2008-12-20,0.0,0,25.0
2016-12-23,0.0,0,26.4
2009-03-30,21.0,0,21.65
2013-06-19,0.0,0,16.85
2011-09-05,5.0,0,19.25
2014-06-05,0.0,0,21.200000000000003
2016-11-05,0.0,0,26.0
2016-10-20,0.0,0,24.450000000000003
2014-04-28,37.6,0,20.549999999999997
2016-12-05,0.0,0,25.950000000000003
2010-03-18,0.2,0,25.700000000000003
2013-03-01,0.0,0,24.1
2014-04-17,0.0,0,24.35
2009-07-31,0.0,0,18.549999999999997
2017-02-14,0.6,0,26.8
2010-01-20,0.0,0,28.05
2015-11-13,0.0,0,25.75
2012-06-11,16.6,0,15.649999999999999
2009-10-03,0.0,0,30.0
2012-02-24,11.2,0,22.05
2014-06-30,0.0,0,16.55
2008-12-18,0.0,0,26.75
2017-03-12,0.0,0,26.9
2014-11-01,0,0,24.8
2017-03-22,0.0,0,25.450000000000003
2014-04-02,0.0,0,26.6
2011-03-10,2.4,0,26.55
2011-01-20,13.8,0,26.6
2016-12-08,7.0,0,23.299999999999997
2012-04-13,14.4,0,21.95
2016-12-07,2.6,0,23.75
2013-06-17,0.0,0,17.15
2014-04-22,0.0,0,25.35
2010-06-27,0.0,0,18.65
2013-05-11,0.2,0,19.45
2009-01-07,0.0,0,28.8
2016-03-05,0.6,0,24.3
2014-10-24,0.0,0,24.5
2012-10-18,0.0,0,23.05
2009-03-07,0.0,0,27.85
2012-10-06,0.0,0,25.85
2011-11-27,9.0,0,26.75
2011-09-17,0.0,0,23.7
2010-11-09,3.2,0,23.8
2013-01-04,0.0,0,27.3
2012-10-04,0.0,0,22.45
2011-09-25,0.0,0,21.9
2012-01-01,0.4,0,25.6
2017-02-01,0.0,0,28.5
2012-07-17,0.6,0,17.0
2014-10-19,0.0,0,23.15
2010-03-17,1.0,0,25.25
2010-07-05,0.0,0,18.75
2015-08-31,0.0,0,19.200000000000003
2017-03-05,1.6,0,26.8
2009-08-19,0.0,0,20.2
2010-07-08,1.4,0,18.200000000000003
2014-10-10,0.0,0,22.7
2016-01-03,0.0,0,23.1
2017-02-05,0.0,0,29.299999999999997
2009-02-12,3.8,0,25.700000000000003
2013-09-07,0.0,0,21.65
2013-04-14,36.0,0,24.35
2009-03-05,4.0,0,26.5
2016-06-13,0.8,0,18.700000000000003
2011-10-08,5.0,0,19.0
2013-07-26,0.2,0,19.1
2017-03-14,2.2,0,25.700000000000003
2014-03-12,0.2,0,26.15
2014-12-09,36.0,0,25.9
2016-02-03,0.4,0,27.55
2016-09-16,2.8,0,23.95
2012-09-09,0.0,0,21.7
2011-10-16,12.0,0,23.6
2011-08-04,0.0,0,19.35
2016-03-19,3.0,0,26.75
2014-08-28,9.8,0,19.05
2009-06-01,2.6,0,20.0
2013-10-02,1.2,0,23.6
2009-05-12,0.0,0,20.2
2012-09-14,0.0,0,18.6
2010-10-16,18.8,0,19.9
2010-12-09,0.0,0,26.9
2010-04-21,17.2,0,21.65
2010-12-14,0.6,0,25.75
2010-11-18,0.4,0,22.15
2013-12-13,0.0,0,25.15
2011-09-06,0.2,0,20.4
2010-07-07,0.2,0,16.1
2008-12-19,11.0,0,27.15
2015-04-01,128.4,0,21.65
2011-01-09,1.2,0,25.95
2013-04-23,0.0,0,24.6
2010-08-02,0.0,0,19.6
2013-01-12,0.0,0,29.200000000000003
2017-04-17,0.0,0,24.1
2016-10-19,0.0,0,22.9
2014-01-06,0.0,0,26.9
2012-08-08,0.0,0,18.8
2015-01-05,7.2,0,24.9
2011-08-25,0.0,0,20.35
2017-03-29,0.0,0,26.1
2017-06-19,0.0,0,19.85
2016-09-28,0.0,0,23.15
2013-08-01,0.0,0,20.15
2014-10-22,0.0,0,22.6
2016-06-15,0,0,20.15
2014-03-13,0.0,0,26.45
2015-02-04,7.2,0,25.7
2014-12-07,9.6,0,25.45
2014-10-06,0.0,0,23.65
2011-07-19,0.0,0,18.25
2009-05-21,59.8,0,19.950000000000003
2011-06-15,0.0,0,17.25
2014-10-02,0.0,0,20.9
2010-02-26,3.6,0,24.75
2015-01-06,7.0,0,26.8
2014-06-14,2.0,0,19.5
2011-09-13,0.0,0,19.799999999999997
2011-06-23,0.0,0,16.1
2015-02-17,0.2,0,26.85
2015-05-13,0.0,0,21.15
2015-03-28,0.0,0,26.4
2013-09-21,0.0,0,22.2
2011-03-18,0.0,0,25.55
2013-06-16,0.0,0,17.85
2017-02-18,0.0,0,27.6
2011-05-27,0.0,0,19.1
2015-10-22,0.0,0,24.6
2014-10-04,0.0,0,22.55
2014-05-03,0,0,17.75
2010-02-14,0.0,0,27.75
2016-09-04,0.0,0,20.25
2012-08-31,0.6,0,19.35
2015-07-20,0.2,0,17.9
2012-10-07,0.0,0,25.75
2010-09-03,0.0,0,22.65
2013-10-06,0.0,0,24.45
2013-01-19,0.0,0,28.15
2011-12-07,0.6,0,18.9
2015-05-26,0.0,0,20.700000000000003
2014-05-15,8.8,0,21.950000000000003
2016-03-21,2.0,0,26.450000000000003
2014-05-21,0.0,0,21.35
2010-04-05,0.0,0,24.7
2013-12-02,0.0,0,24.2
2012-05-21,0.0,0,21.2
2011-06-27,0.0,0,19.35
2015-11-29,3.0,0,27.15
2015-09-17,3.6,0,18.5
2015-01-22,0.4,0,26.65
2017-01-30,1.6,0,28.5
2014-07-19,0.0,0,15.850000000000001
2011-05-26,0.0,0,19.3
2015-08-08,0.0,0,17.8
2009-12-26,10.4,0,26.450000000000003
2013-08-17,0.0,0,19.9
2016-05-21,0,0,23.4
2010-07-25,0.0,0,19.4
2014-01-05,0.0,0,27.3
2010-02-04,3.2,0,27.8
2015-03-25,0.0,0,28.15
2014-01-08,0.2,0,24.700000000000003
2014-03-02,0.0,0,26.4
2015-08-30,5.6,0,19.8
2013-03-19,0.0,0,23.75
2011-08-13,0.0,0,19.25
2013-07-25,0.0,0,18.25
2014-09-04,0.0,0,18.8
2009-02-26,0.0,0,28.049999999999997
2011-12-19,0.0,0,25.6
2010-10-26,0.0,0,22.25
2014-03-05,15.0,0,25.0
2015-02-22,49.2,0,24.05
2013-06-05,0.0,0,20.5
2016-05-18,0.0,0,23.05
2009-08-22,0.0,0,22.95
2012-05-16,0.0,0,21.049999999999997
2013-01-07,0.0,0,27.2
2012-09-02,0.0,0,18.0
2016-09-26,0.0,0,23.35
2011-11-20,0.0,0,26.3
2009-01-28,0.4,0,28.6
2017-02-23,0.0,0,27.299999999999997
2016-06-02,4.2,0,18.3
2009-01-10,0.0,0,26.35
2011-01-21,16.4,0,24.0
2011-06-25,0.0,0,20.15
2016-03-30,0.0,0,26.8
2013-04-22,0.0,0,23.75
2017-01-06,0.0,0,28.049999999999997
2010-06-07,0.0,0,19.299999999999997
2015-02-28,23.2,0,27.25
2009-08-17,0.0,0,22.1
2009-04-06,2.0,0,23.65
2011-12-24,9.0,0,24.9
2015-11-08,0.2,0,22.35
2016-03-04,0.0,0,27.65
2012-11-02,0.0,0,24.8
2017-04-19,0.2,0,23.35
2013-07-01,14.8,0,15.75
2010-06-13,0.0,0,18.2
2017-02-28,0.0,0,25.65
2010-09-29,34.8,0,22.0
2015-04-13,0.0,0,24.1
2017-01-26,0.0,0,27.950000000000003
2010-06-22,0.0,0,19.799999999999997
2015-06-18,0,0,19.85
2017-06-06,0.0,0,18.700000000000003
2010-01-28,0.0,0,27.9
2014-10-15,0.0,0,20.45
2013-08-26,0.0,0,21.049999999999997
2012-09-19,3.8,0,20.35
2011-08-11,0.0,0,18.700000000000003
2009-09-24,0.0,0,22.450000000000003
2009-11-18,2.0,0,24.1
2014-01-26,1.6,0,24.8
2015-11-30,1.2,0,28.15
2009-03-22,1.0,0,26.25
2016-06-20,62.6,0,18.35
2009-03-19,0.0,0,25.6
2010-07-21,0.2,0,17.2
2011-11-15,0.2,0,27.299999999999997
2014-06-03,0.0,0,22.6
2010-09-25,0.0,0,21.5
2012-06-20,0.0,0,18.9
2009-05-31,0.0,0,19.950000000000003
2017-05-03,0.0,0,22.75
2012-08-24,0.0,0,23.15
2016-04-25,0.0,0,22.5
2017-06-16,0.0,0,20.1
2013-11-24,16.6,0,25.0
2009-08-16,0.0,0,20.95
2012-08-20,0.0,0,19.8
2013-11-27,0.0,0,24.5
2013-08-14,0.0,0,21.5
2017-05-26,0.0,0,20.799999999999997
2014-09-27,0.4,0,20.7
2010-10-30,0.0,0,24.6
2011-08-22,26.4,0,17.1
2015-02-11,0,0,25.75
2010-11-19,12.0,0,21.65
2014-11-04,0.0,0,24.25
2010-03-30,0.0,0,25.200000000000003
2015-06-22,0.0,0,18.9
2017-04-08,0.2,0,24.15
2012-02-03,2.8,0,25.299999999999997
2011-07-28,0.0,0,18.25
2011-06-10,0.0,0,15.9
2013-05-22,0.0,0,16.1
2010-05-22,68.6,0,20.25
2011-02-04,0.0,0,28.85
2012-08-02,0.0,0,17.5
2014-08-05,0,0,18.25
2010-04-24,0.0,0,23.55
2013-01-28,108.2,0,24.25
2016-02-27,0.0,0,28.85
2017-01-15,26.8,0,26.0
2012-06-25,0.0,0,18.3
2017-05-06,0.0,0,21.0
2009-08-02,0.0,0,18.700000000000003
2011-06-19,0.0,0,16.75
2012-11-26,0.0,0,26.85
2010-01-16,0.0,0,27.85
2012-04-08,0.0,0,25.75
2011-08-05,0.0,0,19.65
2013-05-13,23.2,0,19.95
2017-04-03,0.0,0,22.85
2016-03-29,0.2,0,26.85
2013-07-17,4.6,0,19.3
2014-11-08,0.0,0,25.549999999999997
2014-01-30,1.0,0,25.65
2015-09-12,0.0,0,21.1
2016-10-14,0.0,0,20.799999999999997
2012-08-18,0.0,0,19.65
2010-02-05,0.4,0,27.4
2014-02-13,0.0,0,26.3
2009-06-28,0.2,0,18.15
2011-07-22,0.2,0,20.2
2013-04-09,0.0,0,23.75
2011-01-12,6.2,0,27.8
2012-03-09,0.0,0,26.9
2014-07-17,0.2,0,18.6
2010-08-23,0.0,0,17.75
2011-07-04,0.0,0,19.6
2012-10-13,0.0,0,21.2
2010-10-03,34.6,0,18.6
2009-03-02,0.0,0,28.0
2015-08-04,0.0,0,19.25
2016-10-04,23.2,0,20.5
2012-08-03,0.0,0,17.6
2012-09-24,0.0,0,20.25
2016-04-02,0.0,0,27.200000000000003
2015-01-21,1.8,0,27.75
2011-07-18,0.2,0,18.3
2010-06-28,0.0,0,17.15
2012-06-06,0.0,0,18.3
2011-09-22,0.0,0,21.85
2014-10-11,0.0,0,22.35
2014-11-05,0.0,0,24.35
2012-10-31,0.0,0,23.7
2010-09-07,0.0,0,20.35
2016-08-31,0.0,0,20.55
2011-02-26,0.0,0,27.35
2013-03-15,0.0,0,26.45
2012-08-15,0.0,0,20.049999999999997
2012-11-01,0.0,0,24.85
2013-06-24,0.0,0,17.5
2011-09-27,0.0,0,21.1
2017-03-11,0.0,0,26.75
2012-10-22,0.0,0,25.3
2014-10-08,0.0,0,23.95
2014-07-29,0.0,0,18.75
2011-05-22,7.8,0,19.0
2013-06-21,2.6,0,13.600000000000001
2011-03-01,0.0,0,29.0
2009-06-29,0.0,0,17.75
2014-03-26,6.0,0,24.75
2014-01-10,3.8,0,26.0
2014-02-22,0.0,0,24.6
2016-05-17,0.0,0,23.75
2013-10-11,0.0,0,24.85
2012-07-21,0.0,0,18.65
2015-11-22,1.2,0,24.9
2009-08-07,0.0,0,20.25
2016-10-23,3.2,0,18.799999999999997
2016-06-10,0.0,0,21.6
2012-07-25,0.0,0,18.299999999999997
2014-08-06,0.2,0,18.2
2011-03-08,6.8,0,25.0
2016-03-08,5.6,0,26.65
2016-07-04,0.0,0,18.6
2011-06-17,0.0,0,19.2
2014-05-12,0.0,0,22.65
2009-09-23,0.0,0,25.5
2011-12-03,0.0,0,24.4
2012-02-28,0.0,0,28.200000000000003
2009-05-08,0.0,0,22.7
2015-11-10,0,0,24.950000000000003
2013-10-19,1.0,0,23.5
2011-12-18,0.0,0,23.85
2014-08-13,0.0,0,18.8
2015-07-23,23.2,0,18.0
2013-09-30,0.0,0,24.450000000000003
2011-05-09,2.2,0,18.1
2011-03-21,3.6,0,27.25
2016-05-19,0.0,0,22.4
2010-12-01,1.4,0,24.5
2015-12-18,4.6,0,26.15
2013-08-24,0.0,0,21.15
2011-10-25,0.0,0,24.5
2014-06-17,0.0,0,18.7
2012-04-28,31.0,0,19.6
2012-01-05,0.0,0,25.4
2014-08-22,2.6,0,15.65
2016-03-31,0.0,0,26.75
2013-12-04,0.0,0,25.3
2010-02-15,0.0,0,28.700000000000003
2010-06-02,2.0,0,19.45
2017-06-13,15.2,0,17.65
2014-09-06,0.0,0,19.85
2014-12-31,0.2,0,29.75
2010-09-21,17.0,0,20.35
2008-12-26,6.8,0,25.3
2010-11-24,4.4,0,21.2
2012-06-15,0.0,0,19.25
2009-04-29,0.0,0,23.45
2014-01-24,23.0,0,24.4
2013-04-12,2.0,0,21.799999999999997
2012-04-10,0.0,0,24.15
2009-05-10,0.0,0,22.55
2011-06-09,0.0,0,13.649999999999999
2014-08-30,0.0,0,20.15
2015-05-29,0.0,0,22.05
2015-11-06,8.0,0,24.6
2014-03-14,0.0,0,25.950000000000003
2013-09-29,0.0,0,23.950000000000003
2009-02-16,1.4,0,26.5
2016-05-02,8.0,0,24.45
2012-02-17,0.0,0,27.75
2016-09-30,0,0,22.85
2013-12-24,0.0,0,26.799999999999997
2010-07-23,0.0,0,18.299999999999997
2008-12-07,15.4,0,24.8
2015-07-29,0.0,0,18.700000000000003
2012-05-12,0.0,0,23.5
2015-11-15,15.2,0,24.45
2010-01-29,35.0,0,26.55
2016-03-01,6.2,0,24.35
2017-06-05,0.0,0,19.3
2011-08-02,0.0,0,18.700000000000003
2016-09-10,4.0,0,19.75
2013-09-10,0.8,0,21.799999999999997
2016-08-03,3.4,0,17.9
2009-02-28,0.0,0,27.799999999999997
2016-12-03,0.0,0,24.5
2009-10-27,4.4,0,24.549999999999997
2014-08-19,0.0,0,20.0
2017-01-10,0.0,0,29.05
2016-05-04,0.0,0,23.85
2010-10-29,0.2,0,24.049999999999997
2009-04-05,4.6,0,25.1
2015-12-24,0.2,0,24.9
2010-01-04,15.4,0,25.549999999999997
2013-10-31,0.0,0,23.55
2012-03-24,0.0,0,25.55
2015-12-23,0.0,0,26.549999999999997
2009-12-22,0.0,0,27.05
2010-10-24,0.0,0,24.35
2009-08-13,1.0,0,21.5
2009-11-15,0.0,0,26.450000000000003
2017-04-22,16.8,0,22.299999999999997
2013-07-11,2.2,0,17.6
2010-12-30,0.0,0,27.15
2008-12-31,0.0,0,28.549999999999997
2011-06-05,0.0,0,18.9
2012-09-05,0.0,0,21.5
2015-07-07,0.0,0,18.9
2016-02-29,1.0,0,27.6
2015-02-06,5.2,0,25.950000000000003
2013-07-21,5.0,0,18.35
2014-11-23,0.0,0,24.9
2017-05-28,0.0,0,20.799999999999997
2011-05-03,0.0,0,22.5
2013-08-22,0.0,0,17.45
2016-04-06,0.0,0,27.0
2013-03-14,8.6,0,24.65
2012-09-30,5.0,0,20.5
2015-04-08,0.0,0,24.05
2016-09-09,0.0,0,21.6
2011-01-23,0.0,0,26.55
2014-11-29,1.4,0,25.4
2016-05-30,0.0,0,20.049999999999997
2015-10-31,0.0,0,22.65
2010-10-18,0.0,0,21.15
2012-04-06,0.0,0,25.4
2012-11-16,0.0,0,25.799999999999997
2010-03-19,0.2,0,26.200000000000003
2015-07-25,8.8,0,20.35
2010-04-13,0.4,0,23.8
2012-04-24,0.0,0,23.35
2013-05-18,0.0,0,20.45
2009-05-20,28.8,0,18.85
2010-02-24,0.0,0,25.85
2014-06-20,0,0,19.6
2010-04-02,0.2,0,24.6
2015-11-27,0.0,0,25.2
2015-12-13,20.8,0,23.2
2009-03-06,0.0,0,27.45
2012-07-22,0.0,0,17.9
2014-11-25,0.0,0,26.7
2016-09-07,0.0,0,21.75
2015-05-04,0.4,0,23.200000000000003
2017-05-01,0.0,0,22.6
2015-03-15,0.0,0,26.2
2009-01-11,0.8,0,26.25
2012-09-17,0.0,0,21.6
2015-06-10,0.0,0,20.049999999999997
2016-11-25,0.0,0,24.15
2012-04-07,0.0,0,24.85
2009-10-25,0.0,0,25.0
2014-05-11,0.0,0,21.4
2010-03-29,0.0,0,27.4
2015-07-24,26.6,0,19.85
2013-03-06,0.6,0,24.2
2016-04-08,0.0,0,26.799999999999997
2016-07-29,0,0,19.85
2014-10-01,0.0,0,23.6
2009-09-20,0.0,0,23.799999999999997
2010-02-10,6.6,0,27.6
2015-03-11,0.8,0,26.549999999999997
2008-12-08,0.2,0,25.3
2013-05-08,2.2,0,22.25
2017-05-27,0.0,0,20.6
2012-04-11,0.0,0,21.299999999999997
2016-12-28,0.0,0,27.4
2010-12-24,4.2,0,24.6
2012-11-28,0.2,0,24.95
2009-04-10,14.4,0,22.55
2009-10-18,0.0,0,22.8
2010-02-21,4.4,0,26.75
2012-05-10,0.0,0,22.45
2015-02-02,14.2,0,23.200000000000003
2016-07-11,0.0,0,19.4
2016-10-27,0.0,0,23.75
2014-02-24,9.2,0,25.2
2012-04-27,2.2,0,18.85
2014-07-10,0.0,0,16.95
2012-01-07,0.0,0,25.9
2016-03-03,0.8,0,27.549999999999997
2010-11-26,0.0,0,25.85
2010-11-05,8.2,0,22.3
2012-04-14,9.2,0,23.25
2014-03-10,2.4,0,25.65
2009-08-27,0.0,0,21.299999999999997
2015-12-06,0.0,0,26.55
2015-04-05,6.8,0,26.05
2009-01-09,0.2,0,26.5
2016-08-07,0.0,0,18.45
2014-02-26,0.2,0,25.9
2016-11-01,0.4,0,24.25
2016-10-12,0.0,0,22.3
2015-05-25,0.0,0,20.8
2011-10-06,2.6,0,17.75
2011-10-30,0.0,0,24.35
2010-12-23,18.6,0,25.2
2015-02-18,0.6,0,25.299999999999997
2013-10-05,0.0,0,22.8
2017-01-18,0.0,0,28.25
2011-09-14,0.2,0,21.05
2014-08-03,0.0,0,17.5
2010-02-27,4.8,0,24.200000000000003
2014-02-06,6.0,0,23.7
2010-02-23,0.0,0,29.7
2010-01-18,0.0,0,28.7
2016-04-21,0.2,0,24.95
2013-01-13,0.0,0,28.200000000000003
2015-11-21,0.0,0,27.65
2009-07-24,0.0,0,18.049999999999997
2010-08-15,0.0,0,19.85
2009-12-25,1.2,0,27.85
2015-08-01,0.0,0,20.3
2012-05-15,0.0,0,20.049999999999997
2010-07-31,0.0,0,23.25
2010-01-05,0.2,0,26.3
2016-06-18,0.2,0,20.2
2015-04-04,5.0,0,25.4
2015-06-02,0.0,0,16.7
2011-05-17,0.0,0,21.15
2014-09-21,0.2,0,21.15
2011-03-25,0.0,0,28.15
2009-04-15,0.0,0,25.700000000000003
2013-10-29,0.0,0,24.05
2010-10-23,0.0,0,24.0
2013-05-06,0.0,0,21.75
2012-03-20,9.0,0,25.8
2013-12-12,5.2,0,22.299999999999997
2009-04-03,118.2,0,25.8
2011-09-01,0.0,0,20.6
2012-05-02,2.0,0,22.4
2015-08-27,0.2,0,18.700000000000003
2015-03-13,0.0,0,26.95
2014-05-10,4.2,0,20.15
2017-04-23,0.2,0,23.549999999999997
2011-10-18,1.6,0,21.3
2012-11-15,0.0,0,25.1
2012-02-10,5.8,0,26.05
2009-07-10,1.2,0,17.85
2015-03-02,0.0,0,28.2
2010-10-06,0.0,0,24.0
2011-07-10,0.0,0,15.95
2013-09-01,0.0,0,22.9
2015-10-03,0.0,0,24.049999999999997
2017-03-09,0.0,0,27.0
2015-01-18,0.0,0,30.6
2010-06-15,0.0,0,19.45
2015-06-24,0,0,15.8
2012-02-07,0.0,0,28.25
2011-10-28,0.2,0,22.25
2011-10-29,0.0,0,23.700000000000003
2013-03-21,5.4,0,24.95
2012-07-10,2.6,0,19.75
2016-04-14,20.8,0,24.1
2017-05-12,0.0,0,20.45
2014-08-31,0.0,0,20.75
2014-10-03,0.0,0,22.0
2013-04-17,32.4,0,23.200000000000003
2014-05-18,1.2,0,20.9
2010-08-06,0.0,0,18.75
2013-09-23,0.0,0,22.4
2011-06-29,2.2,0,17.5
2010-07-13,0.2,0,20.5
2017-06-04,0.0,0,20.0
2012-10-21,0.0,0,24.0
2017-02-26,0.0,0,26.9
2015-12-09,0.0,0,27.15
2013-05-01,0.0,0,24.65
2017-05-14,4.2,0,18.9
2009-12-04,0.2,0,27.15
2015-04-17,0.0,0,25.799999999999997
2017-05-23,0.0,0,22.0
2013-09-11,0.0,0,25.450000000000003
2015-02-21,38.6,0,23.85
2016-06-03,7.6,0,19.45
2011-02-16,16.6,0,27.25
2011-06-18,0.0,0,18.15
2016-01-15,0.0,0,28.700000000000003
2015-10-27,0.8,0,24.6
2016-05-22,0.0,0,22.7
2010-05-18,0.0,0,19.5
2010-08-05,0.0,0,18.200000000000003
2012-11-20,0.0,0,24.4
2012-07-27,0.0,0,19.3
2015-07-05,0.0,0,19.45
2016-02-09,0.0,0,27.25
2011-10-07,1.8,0,21.25
2015-06-25,3.6,0,17.45
2010-05-27,0.0,0,19.0
2010-11-13,0.0,0,25.200000000000003
2012-09-28,0.0,0,22.4
2015-04-15,0.0,0,25.0
2015-07-31,0.0,0,20.299999999999997
2012-03-29,0.4,0,24.549999999999997
2014-08-29,0.0,0,18.65
2017-05-25,0.0,0,21.8
2015-08-26,0.0,0,24.5
2011-10-26,0.0,0,23.5
2015-09-23,0.0,0,19.299999999999997
2015-01-04,0.2,0,27.6
2011-06-03,0.0,0,20.1
2010-12-18,1.4,0,24.700000000000003
2015-07-21,6.4,0,17.4
2011-02-02,1.4,0,28.95
2010-11-28,0.6,0,24.05
2016-11-20,0.0,0,24.95
2010-10-08,20.6,0,20.7
2013-10-10,0.0,0,23.65
2010-08-25,0.0,0,15.6
2013-09-27,0.0,0,23.6
2016-09-02,0.2,0,21.9
2016-09-25,0.0,0,22.5
2014-04-14,2.8,0,23.35
2010-01-10,0.0,0,28.6
2012-06-23,0.0,0,17.5
2009-06-08,2.2,0,18.9
2009-09-07,0.0,0,21.15
2012-10-10,0.0,0,23.8
2014-05-09,0.6,0,21.0
2013-10-17,0.0,0,22.950000000000003
2010-01-17,0.2,0,27.8
2012-07-13,24.4,0,20.700000000000003
2010-11-27,0.0,0,25.95
2010-01-06,1.2,0,26.4
2017-01-02,0.0,0,27.55
2017-01-05,0.0,0,26.950000000000003
2013-11-11,5.6,0,25.1
2014-08-17,85.6,0,19.299999999999997
2009-07-12,0.0,0,18.25
2013-11-26,0.0,0,24.1
2011-06-26,0.0,0,19.7
2015-08-13,0.6,0,19.049999999999997
2009-07-19,0.0,0,19.35
2012-07-30,0.0,0,18.1
2011-01-27,0.0,0,27.95
2017-02-19,0.0,0,26.95
2010-03-09,0.2,0,28.55
2010-05-11,0.0,0,24.15
2016-12-02,8.6,0,25.45
2013-04-16,0.0,0,24.5
2012-06-12,3.8,0,19.75
2010-12-03,4.4,0,22.3
2017-03-30,105.0,0,24.25
2015-06-13,2.0,0,17.2
2012-01-16,23.0,0,23.5
2010-06-20,0.0,0,18.5
2011-03-15,0.0,0,26.4
2010-02-07,93.6,0,23.05
2015-12-19,0.0,0,27.2
2012-02-16,0.0,0,26.549999999999997
2013-11-23,6.4,0,25.55
2010-08-21,2.0,0,17.85
2009-09-18,0.0,0,22.35
2013-05-02,0.0,0,22.3
2009-06-19,0.0,0,19.5
2016-10-08,0.0,0,23.049999999999997
2012-01-29,5.6,0,25.15
2014-03-24,0.0,0,26.049999999999997
2011-08-08,0.0,0,20.450000000000003
2014-05-23,0.0,0,22.55
2016-07-02,0.0,0,17.1
2015-12-08,0.0,0,26.65
2009-06-30,0.0,0,17.7
2008-12-03,0.0,0,26.200000000000003
2011-10-13,0.0,0,22.85
2016-07-25,0.0,0,19.65
2010-05-16,0.0,0,20.25
2013-08-04,0.0,0,19.3
2014-05-07,0.0,0,21.45
2009-01-31,0.6,0,28.1
2009-03-31,3.0,0,27.1
2013-01-05,0.0,0,26.049999999999997
2015-09-24,0.0,0,18.75
2015-03-07,0.0,0,27.6
2012-04-04,0.0,0,25.700000000000003
2016-06-06,0.0,0,17.6
2017-01-22,0,0,26.1
2009-10-29,5.0,0,22.35
2014-04-21,0.0,0,25.35
2016-12-09,0.2,0,25.7
2015-06-08,0.0,0,20.15
2009-03-16,0.0,0,28.3
2014-01-15,0.0,0,27.55
2012-04-18,4.8,0,21.65
2014-01-11,0.0,0,26.4
2011-12-13,0.2,0,26.1
2015-08-18,0.0,0,19.5
2010-12-22,0.0,0,21.75
2010-02-09,8.2,0,25.35
2010-08-30,0.0,0,19.25
2010-06-18,2.2,0,18.5
2013-10-16,0.0,0,23.65
2016-10-24,0.0,0,22.200000000000003
2017-03-16,8.4,0,25.85
2015-09-02,0.0,0,19.35
2015-10-10,0.0,0,23.35
2017-04-21,1.6,0,22.95
2013-01-03,0.0,0,27.75
2016-06-04,73.0,0,20.35
2016-03-07,0,0,27.45
2011-07-27,0.0,0,17.75
2016-07-27,0.0,0,17.7
2013-08-18,0.8,0,21.05
2013-07-02,58.4,0,18.75
2014-04-25,0.0,0,24.5
2011-03-31,5.2,0,25.799999999999997
2012-04-26,0.0,0,20.0
2013-11-04,0.0,0,24.2
2014-05-01,5.0,0,22.1
2015-03-31,5.2,0,23.15
2015-11-01,0.0,0,25.1
2016-05-14,0.0,0,22.450000000000003
2010-03-21,3.2,0,26.549999999999997
2009-07-26,0.2,0,17.7
2010-09-23,3.4,0,21.450000000000003
2015-08-25,5.0,0,22.25
2014-03-27,4.4,0,24.049999999999997
2015-11-17,1.2,0,24.35
2014-02-19,0,0,28.9
2012-08-05,0.0,0,18.85
2009-06-16,0.0,0,18.5
2012-07-01,0.0,0,19.05
2016-02-19,0.0,0,28.9
2009-08-25,0.0,0,26.5
2014-03-31,1.0,0,26.2
2014-12-16,0.0,0,26.8
2013-01-31,11.2,0,25.200000000000003
2012-01-18,15.6,0,26.5
2011-12-09,6.8,0,24.05
2017-04-04,0.2,0,23.1
2016-07-23,0.0,0,25.75
2010-06-24,2.6,0,18.799999999999997
2010-09-22,1.2,0,20.5
2015-06-06,0.0,0,19.2
2013-11-21,0.0,0,25.2
2011-05-30,3.4,0,17.75
2009-12-01,0.0,0,24.1
2010-04-09,0.0,0,26.5
2014-06-18,0.0,0,20.4
2016-05-12,0.0,0,21.200000000000003
2009-03-26,0.0,0,26.7
2014-10-23,0.0,0,23.35
2016-10-03,0.0,0,22.15
2013-05-24,0.0,0,17.35
2014-09-19,0.0,0,21.5
2009-05-29,0.0,0,21.75
2009-08-09,0.0,0,18.799999999999997
2015-04-19,0.0,0,25.55
2015-07-06,0.0,0,19.549999999999997
2012-02-06,0.0,0,27.700000000000003
2008-12-28,20.0,0,25.35
2015-02-20,111.2,0,21.65
2010-09-11,0.4,0,21.25
2013-07-06,0.0,0,19.15
2014-03-30,0.0,0,24.45
2009-07-28,0.0,0,18.45
2014-10-27,0.0,0,26.35
2014-04-26,0.0,0,25.1
2016-11-11,0.0,0,24.6
2009-08-29,0.0,0,21.9
2010-01-27,0.0,0,28.6
2009-11-22,0.0,0,27.65
2015-05-14,0.0,0,18.3
2009-10-30,0.6,0,23.75
2010-12-27,112.2,0,22.45
2013-11-22,0.0,0,25.65
2011-07-09,0.0,0,16.450000000000003
2014-03-28,102.0,0,24.5
2015-04-29,3.8,0,20.75
2015-06-26,1.2,0,18.65
2015-02-13,2.0,0,26.2
2009-11-20,0.0,0,27.7
2009-09-21,0.0,0,24.0
2016-04-30,7.2,0,24.25
2015-09-18,3.2,0,18.75
2014-03-08,0.0,0,24.700000000000003
2013-08-11,0.0,0,19.8
2012-08-28,0.0,0,20.05
2011-08-21,22.4,0,16.35
2017-06-08,0.0,0,18.3
2013-06-14,0.0,0,18.450000000000003
2013-10-22,0.0,0,25.45
2010-05-01,0.0,0,24.299999999999997
2009-09-27,0.0,0,23.05
2011-12-14,14.6,0,24.05
2012-11-11,16.4,0,22.450000000000003
2014-10-12,0.0,0,23.6
2014-02-21,0.0,0,27.65
2015-09-19,3.4,0,21.1
2010-08-01,0.2,0,21.9
2010-11-01,0.0,0,21.9
2013-04-29,0.0,0,24.3
2013-06-06,0.0,0,21.2
2013-06-18,0.0,0,16.85
2009-06-21,8.8,0,19.15
2015-06-05,0.0,0,17.2
2010-09-09,0.0,0,22.4
2009-11-07,5.6,0,25.5
2009-04-14,42.6,0,25.200000000000003
2014-04-16,0.0,0,24.5
2011-05-05,0.0,0,22.1
2012-03-11,0.0,0,25.950000000000003
2011-11-08,0.0,0,24.9
2016-04-05,0.0,0,26.9
2012-10-08,0.0,0,21.55
2009-08-15,0.0,0,20.049999999999997
2014-09-07,0.2,0,18.15
2013-06-20,0.0,0,17.75
2015-10-06,0.0,0,25.95
2015-08-12,0.0,0,20.75
2010-02-22,0.0,0,29.0
2012-03-30,3.8,0,25.200000000000003
2013-07-22,0.2,0,15.5
2011-09-26,0.2,0,20.75
2011-11-05,0.0,0,24.299999999999997
2011-06-08,0.0,0,17.3
2009-06-15,0.0,0,17.6
2011-12-21,0.0,0,25.95
2015-09-20,0.0,0,20.7
2010-03-08,3.4,0,24.65
2016-03-24,0.0,0,26.9
2009-11-05,0.0,0,25.7
2010-05-04,115.2,0,19.05
2012-07-24,0.0,0,18.25
2016-04-19,0.0,0,23.8
2012-08-14,0.0,0,19.55
2010-05-24,0.0,0,21.2
2010-04-16,1.2,0,23.25
2012-05-11,0.0,0,22.7
2010-09-27,0.4,0,23.6
2012-09-21,0.0,0,22.1
2009-09-06,0.0,0,21.4
2009-11-28,0.0,0,25.3
2014-03-20,0.0,0,26.0
2012-08-19,0.0,0,16.9
2010-07-16,0.0,0,17.4
2015-04-02,6.4,0,24.450000000000003
2009-06-23,55.2,0,19.8
2013-03-03,86.8,0,23.4
2014-11-21,0.2,0,26.6
2012-03-02,0.0,0,28.0
2016-03-22,0.4,0,25.299999999999997
2009-07-01,0.0,0,18.799999999999997
2009-03-03,0.0,0,27.4
2015-02-01,18.2,0,28.4
2010-06-03,0.0,0,20.55
2015-02-27,0.0,0,26.799999999999997
2015-05-31,0.0,0,22.700000000000003
2011-09-29,0.0,0,19.55
2010-12-31,0.0,0,26.85
2016-05-15,0.0,0,23.3
2009-03-24,0.0,0,26.3
2014-08-01,0.0,0,21.6
2009-10-15,0.0,0,25.0
2014-08-10,0.0,0,20.9
2014-02-04,0.4,0,26.65
2017-06-22,0.0,0,19.85
2011-05-06,0.0,0,22.1
2015-01-20,36.4,0,24.4
2012-08-23,0.0,0,22.549999999999997
2012-01-15,0.2,0,22.4
2017-06-17,1.8,0,19.55
2010-01-08,0.2,0,27.0
2015-04-24,0.0,0,23.85
2010-07-26,1.6,0,19.0
2012-08-17,0.0,0,21.05
2016-04-04,0.0,0,27.05
2011-08-16,0.0,0,18.9
2009-08-04,0.0,0,19.2
2012-05-04,40.8,0,20.8
2009-12-31,0.0,0,27.799999999999997
2014-11-20,2.4,0,25.9
2012-09-15,0.0,0,20.65
2014-08-11,0.0,0,20.6
2014-03-17,0.0,0,27.45
2008-12-27,0.0,0,27.6
2012-05-03,1.0,0,22.700000000000003
2012-10-01,0.4,0,18.75
2010-09-19,0.0,0,19.75
2015-05-15,0.0,0,20.3
2015-10-25,0.0,0,23.950000000000003
2011-11-03,0.0,0,24.85
2014-09-22,1.8,0,20.35
2011-07-13,0.0,0,16.75
2016-07-26,0.0,0,17.1
2012-08-29,0.0,0,20.15
2013-01-23,0.2,0,28.5
2013-09-25,0.0,0,26.15
2014-04-18,0.0,0,23.85
2016-05-27,0.0,0,23.5
2012-08-22,0.0,0,20.95
2013-01-08,0.4,0,27.45
2011-05-28,0.0,0,19.65
2009-10-07,0.0,0,21.950000000000003
2009-05-23,19.0,0,19.65
2015-05-10,0.0,0,21.0
2017-06-18,0.4,0,20.4
2010-04-06,0.0,0,23.700000000000003
2010-03-28,0.0,0,26.1
2012-09-22,0.6,0,23.55
2013-05-12,6.8,0,21.0
2010-10-07,0.0,0,23.4
2016-06-05,129.0,0,18.15
2013-06-09,14.8,0,19.85
2009-08-21,0.0,0,21.15
2015-05-06,0.0,0,24.8
2009-10-26,0.0,0,24.6
2015-07-28,0.0,0,17.8
2014-07-04,0.0,0,19.049999999999997
2010-06-05,0.0,0,21.75
2016-11-27,0.0,0,25.55
2011-03-11,1.6,0,27.45
2010-03-02,106.8,0,22.950000000000003
2012-05-17,0.0,0,20.8
2011-09-18,0.0,0,25.200000000000003
2013-01-30,0.0,0,26.9
2013-01-25,2.6,0,25.8
2011-02-28,0.0,0,28.45
2012-11-17,0.0,0,24.4
2014-01-17,0.0,0,27.5
2011-06-28,0.0,0,19.25
2012-10-26,0.0,0,24.4
2016-05-01,1.0,0,21.9
2013-12-01,10.6,0,23.6
2009-04-18,0.0,0,24.65
2015-04-16,0.0,0,25.3
2009-02-14,39.8,0,22.95
2011-10-05,0.0,0,19.85
2010-02-13,0.0,0,28.950000000000003
2017-01-29,0.0,0,28.2
2016-01-09,0,0,26.75
2013-03-10,2.8,0,24.0
2015-06-04,0.0,0,18.35
2010-06-30,0.4,0,16.4
2010-03-25,0.0,0,26.7
2015-06-20,0.0,0,18.05
2011-03-22,0.2,0,28.75
2010-03-11,0.0,0,26.950000000000003
2016-11-13,8.6,0,26.85
2010-09-26,0.0,0,22.9
2014-12-08,5.6,0,23.2
2008-12-23,0.0,0,27.1
2010-05-19,0.0,0,21.299999999999997
2016-02-28,0.6,0,26.45
2013-09-05,0.0,0,21.65
2011-11-23,0.0,0,25.8
2016-05-03,6.2,0,24.3
2016-01-30,16.6,0,27.3
2016-04-16,0.2,0,23.2
2012-03-23,23.2,0,25.1
2015-11-28,0.0,0,25.9
2017-01-20,0.6,0,26.85
2009-04-30,0.0,0,24.75
2016-12-11,0.0,0,25.6
2012-04-22,0.0,0,23.5
2009-05-04,0.0,0,22.1
2010-12-26,17.4,0,22.15
2013-04-05,32.6,0,22.5
2011-12-26,0.0,0,26.95
2013-07-08,0.0,0,18.4
2013-09-26,0.0,0,23.35
2015-04-23,0.0,0,22.4
2011-08-29,0.0,0,21.450000000000003
2009-05-25,4.4,0,20.75
2009-08-23,0.0,0,22.700000000000003
2013-09-03,0.4,0,21.0
2013-01-11,0.0,0,28.549999999999997
2013-05-09,2.6,0,20.8
2016-10-22,0.0,0,23.25
2014-09-25,0.2,0,22.450000000000003
2009-09-09,0.0,0,23.65
2015-10-09,9.6,0,20.8
2010-12-11,0.0,0,26.0
2014-03-06,0.2,0,26.5
2014-07-07,0.0,0,16.35
2017-04-06,8.0,0,22.0
2013-10-09,0.2,0,22.95
2008-12-13,6.2,0,27.0
2013-10-26,0.0,0,24.25
2016-01-06,11.2,0,26.75
2016-01-28,0.8,0,24.9
2011-01-05,0.4,0,26.85
2015-04-20,19.4,0,20.950000000000003
2010-02-11,0.0,0,27.950000000000003
2016-07-16,0.0,0,17.65
2009-03-18,0.0,0,26.7
2013-04-02,0.0,0,24.6
2014-11-03,0.0,0,22.35
2016-10-05,0.0,0,23.05
2011-07-21,0.2,0,19.6
2009-04-20,0.0,0,23.85
2011-01-10,22.0,0,25.1
2017-02-27,2.2,0,22.25
2013-05-27,0.0,0,21.35
2016-04-20,0.0,0,25.05
2014-02-17,0.0,0,27.65
2017-05-19,5.4,0,18.6
2013-09-28,0.0,0,21.95
2011-01-02,10.8,0,27.8
2011-10-15,28.0,0,22.3
2009-08-06,0.0,0,19.450000000000003
2009-09-08,7.0,0,21.35
2017-01-23,0.0,0,26.4
2015-02-09,0.0,0,27.95
2009-06-12,0.0,0,16.65
2016-08-10,0.0,0,20.4
2016-07-31,0.0,0,20.55
2016-01-13,0,0,28.65
2012-07-31,0.0,0,17.65
2013-12-10,0.0,0,24.6
2008-12-12,13.2,0,21.950000000000003
2009-12-28,28.2,0,24.25
2016-09-13,0.0,0,22.1
2014-02-23,0.0,0,26.549999999999997
2017-02-22,0.0,0,27.6
2017-05-08,1.2,0,18.8
2014-12-29,4.6,0,25.15
2010-07-06,0.2,0,18.799999999999997
2010-05-28,1.0,0,20.65
2013-05-23,1.4,0,18.75
2009-02-02,0.0,0,27.799999999999997
2009-09-03,0.0,0,21.4
2013-04-21,0.0,0,23.0
2017-03-18,1.4,0,27.95
2009-12-21,2.0,0,25.95
2014-11-06,0.2,0,24.0
2009-09-02,0.0,0,21.1
2011-01-31,0.0,0,27.700000000000003
2016-11-15,0,0,21.950000000000003
2015-12-04,0.0,0,23.1
2013-12-30,2.8,0,26.65
2012-09-01,0.0,0,17.6
2009-04-28,0.0,0,23.0
2010-10-05,0.0,0,22.75
2016-06-26,0.0,0,14.75
2009-10-19,3.2,0,22.049999999999997
2011-10-27,3.0,0,22.9
2010-08-11,56.2,0,17.15
2013-06-13,25.4,0,19.8
2009-12-10,0,0,26.35
2016-02-22,0,0,28.25
2013-11-28,0.0,0,25.0
2016-12-30,0.0,0,28.5
2011-08-23,30.8,0,19.6
2012-05-05,0.0,0,21.6
2016-08-24,11.6,0,17.3
2016-10-09,0.0,0,21.2
2013-01-24,8.8,0,25.5
2012-06-29,12.8,0,19.4
2016-08-04,18.6,0,15.399999999999999
2011-02-03,0.0,0,28.7
2013-03-18,0.0,0,24.25
2009-07-27,0.0,0,21.15
2009-03-14,1.0,0,26.549999999999997
2013-10-14,0.0,0,25.6
2011-10-09,9.0,0,21.85
2010-11-17,0.0,0,26.5
2013-08-12,0.0,0,21.65
2012-04-01,0.0,0,26.25
2013-09-02,0.0,0,22.15
2016-08-17,0.0,0,19.700000000000003
2009-07-21,0.0,0,19.55
2009-07-05,0.0,0,15.5
2014-04-01,0.2,0,26.1
2012-04-20,5.8,0,23.299999999999997
2013-07-18,1.2,0,19.549999999999997
2010-04-23,8.2,0,24.05
2011-10-20,0.0,0,21.15
2012-09-12,0.0,0,21.3
2012-01-08,0.0,0,27.75
2008-12-02,0.0,0,27.0
2012-05-14,0.0,0,18.700000000000003
2015-03-01,0.2,0,28.200000000000003
2013-03-30,0.0,0,24.4
2009-08-10,0.0,0,19.45
2017-01-08,0.0,0,27.200000000000003
2010-02-03,7.2,0,26.6
2008-12-04,0.8,0,25.55
2011-10-23,0.0,0,23.4
2015-11-24,0.8,0,25.35
2017-02-04,0.0,0,28.7
2015-07-09,0.0,0,17.75
2010-04-07,0.0,0,24.2
2016-12-17,0.0,0,27.7
2010-11-08,2.2,0,24.15
2014-05-17,5.4,0,22.55
2016-01-17,0.0,0,25.05
2015-03-12,0.2,0,27.299999999999997
2011-03-09,0.2,0,24.8
2009-01-12,0.0,0,27.35
2015-04-25,0.0,0,25.7
2009-09-29,0.0,0,21.25
2016-10-25,0.0,0,24.0
2016-04-18,0.0,0,24.799999999999997
2014-01-18,0.0,0,26.9
2013-07-24,0.0,0,17.65
2012-07-03,0.0,0,15.1
2013-03-31,0.0,0,24.1
2010-08-24,6.8,0,19.1
2009-04-16,0.0,0,26.05
2014-04-20,0.0,0,25.15
2014-12-13,0.0,0,22.2
2016-01-02,0,0,26.5
2011-07-23,0.0,0,18.85
2014-12-18,0.0,0,27.65
2016-05-10,0.0,0,25.5
2008-12-22,0.0,0,24.950000000000003
2012-02-18,0.0,0,27.4
2015-05-28,0.0,0,21.3
2014-07-22,0.0,0,17.65
2016-02-17,0.0,0,28.4
2009-03-04,9.8,0,27.35
2009-01-04,2.4,0,26.1
2015-01-23,73.4,0,22.35
2010-07-03,8.2,0,17.4
2010-05-05,23.0,0,24.65
2015-10-16,0.0,0,24.35
2009-04-19,0.0,0,24.5
2011-06-16,0.0,0,18.2
2012-06-24,0.0,0,18.25
2016-06-08,0.0,0,19.5
2016-09-05,0.0,0,20.299999999999997
2014-12-28,25.0,0,23.200000000000003
2010-06-14,0.2,0,18.950000000000003
2017-04-12,0.0,0,24.4
2014-09-12,0.0,0,21.950000000000003
2011-05-21,3.0,0,20.45
2016-12-13,0.0,0,25.700000000000003
2012-02-14,0.8,0,26.85
2012-04-05,0.0,0,25.6
2011-10-04,0.0,0,20.5
2010-04-01,17.2,0,24.4
2016-05-08,0.0,0,24.75
2009-04-23,0.0,0,24.25
2011-03-30,12.4,0,22.1
2012-09-27,0.0,0,22.85
2009-06-25,0.0,0,16.55
2010-05-09,0.0,0,22.55
2015-06-28,0,0,20.85
2011-08-31,11.0,0,19.85
2012-10-05,0.0,0,23.450000000000003
2013-04-08,59.8,0,23.8
2015-08-17,0.0,0,19.5
2013-04-06,2.6,0,21.15
2016-01-29,1.6,0,28.049999999999997
2015-08-07,0.0,0,17.35
2014-07-06,0.0,0,18.15
2009-04-26,0.0,0,26.35
2014-11-07,4.2,0,24.75
2009-05-07,9.0,0,21.35
2015-08-16,0.0,0,19.4
2017-05-29,0.0,0,21.95
2009-07-03,0.0,0,17.55
2014-06-21,0.0,0,22.85
2010-04-19,3.4,0,24.85
2012-02-08,0.4,0,27.1
2011-03-14,0.6,0,26.75
2013-07-20,21.2,0,19.15
2013-10-18,0.0,0,20.25
2009-12-18,0.0,0,27.4
2010-07-02,0.0,0,16.2
2009-12-12,1.6,0,25.15
2015-08-19,0.0,0,19.4
2013-06-01,1.2,0,20.1
2013-04-20,0.0,0,23.4
2010-08-29,0.0,0,19.75
2014-05-29,0.0,0,23.05
2016-03-25,0.0,0,26.25
2010-06-04,0.0,0,18.55
2017-02-12,0,0,29.6
2009-12-23,0.8,0,26.2
2012-03-13,0.2,0,26.15
2011-01-29,2.2,0,26.4
2014-05-06,0.0,0,20.55
2011-11-17,0.0,0,25.15
2017-04-14,0.0,0,22.65
2011-11-11,0.0,0,24.450000000000003
2009-05-03,0.0,0,22.35
2012-05-23,0.0,0,21.55
2013-08-21,0.0,0,17.55
2011-10-02,0.0,0,19.4
2010-09-02,0.0,0,23.45
2008-12-30,8.2,0,27.85
2011-12-28,3.6,0,26.35
2009-10-11,0.2,0,17.450000000000003
2017-06-21,0.0,0,19.65
2017-02-09,6.2,0,28.55
2014-06-01,12.0,0,20.85
2010-11-07,0.8,0,23.75
2015-11-14,0.6,0,23.9
2016-02-05,2.2,0,25.95
2015-10-24,0.0,0,22.65
2010-07-09,0.0,0,17.799999999999997
2012-07-16,0.0,0,17.55
2012-01-25,178.2,0,23.35
2017-06-23,0.0,0,20.25
2012-03-17,6.8,0,25.200000000000003
2017-06-07,0.0,0,17.1
2015-06-11,0.2,0,19.25
2009-05-26,0.0,0,21.15
2011-05-29,0.6,0,19.55
2014-12-21,0.0,0,27.3
2016-12-29,1.2,0,27.9
2016-02-08,0.0,0,27.55
2014-10-05,0.0,0,22.95
2012-07-26,0.0,0,17.9
2011-11-09,0.0,0,24.549999999999997
2010-02-17,34.0,0,25.3
2014-03-11,1.6,0,25.4
2014-02-10,0.0,0,26.65
2013-09-04,0.0,0,21.5
2009-06-27,2.6,0,17.2
2009-04-02,33.4,0,22.35
2010-12-07,48.6,0,23.1
2011-01-01,0.4,0,23.3
2012-03-31,0.0,0,25.25
2011-02-01,0.0,0,27.65
2015-07-12,0.0,0,15.85
2009-01-30,6.0,0,28.1
2016-06-07,0.0,0,18.85
2016-02-07,4.2,0,25.25
2011-11-21,0.0,0,27.1
2016-12-26,2.2,0,24.05
2012-03-03,35.4,0,24.8
2010-07-12,0.0,0,20.0
2012-06-02,12.2,0,18.45
2011-10-14,14.0,0,22.4
2010-04-11,0.0,0,27.35
2017-02-06,0.0,0,29.05
2014-11-28,12.6,0,23.55
2016-05-25,0.0,0,20.65
2010-06-09,0.0,0,20.2
2009-05-09,0.0,0,22.05
2014-04-19,0.0,0,25.05
2016-09-17,0.0,0,22.299999999999997
2014-06-06,0.0,0,21.9
2015-07-19,0.0,0,17.55
2012-02-11,0.0,0,26.4
2011-01-28,0.0,0,27.65
2016-11-09,0.0,0,26.05
2009-06-09,0.0,0,18.65
2010-02-20,0.4,0,27.15
2010-08-17,0.0,0,18.799999999999997
2017-03-28,0.2,0,26.7
2016-09-11,8.0,0,20.7
2013-05-16,0.0,0,17.3
2009-11-24,0.4,0,26.75
2014-09-08,2.2,0,18.15
2015-07-22,11.0,0,16.55
2009-12-15,0.0,0,26.95
2013-03-02,70.8,0,21.6
2013-03-29,0.0,0,25.45
2016-11-04,0,0,26.3
2011-11-26,0.2,0,25.55
2009-10-12,4.6,0,22.6
2009-11-16,0.0,0,26.9
2009-05-14,0.0,0,22.15
2017-01-11,0.0,0,27.4
2011-09-02,0.0,0,19.9
2011-02-07,5.8,0,25.9
2009-07-29,0.0,0,18.75
2013-12-05,0.0,0,26.1
2009-04-27,0.0,0,25.1
2014-04-29,5.4,0,22.700000000000003
2009-07-09,0.0,0,18.450000000000003
2015-06-29,17.6,0,17.200000000000003
2012-05-19,0.0,0,20.549999999999997
2013-07-16,5.4,0,18.7
2009-10-22,0.0,0,24.75
2012-09-03,0.0,0,20.1
2013-07-23,2.8,0,17.15
2014-03-03,0.6,0,25.2
2009-06-06,0.2,0,19.15
2011-06-06,0.0,0,20.75
2015-01-01,47.2,0,28.15
2017-02-13,0.0,0,28.4
2015-10-08,0.0,0,23.0
2011-01-22,1.8,0,26.7
2010-11-12,0.6,0,24.1
2010-09-18,0.0,0,20.200000000000003
2010-08-31,0.0,0,20.05
2012-11-07,0.0,0,24.85
2011-07-29,0.0,0,19.15
2009-05-19,38.8,0,21.65
2013-08-30,0.0,0,22.1
2016-03-20,0.2,0,27.05
2011-09-12,0.0,0,18.9
2011-08-12,0.0,0,18.85
2014-03-15,0.4,0,26.450000000000003
2014-01-13,0.0,0,27.8
2010-10-22,0.0,0,22.700000000000003
2009-05-17,0.0,0,22.75
2010-06-16,0.0,0,19.6
2009-07-07,0.0,0,15.45
2010-03-22,0.0,0,26.45
2010-11-30,0.6,0,26.1
2013-01-17,0.0,0,26.95
2011-11-12,1.0,0,25.85
2010-01-14,0.0,0,28.7
2016-12-24,0.4,0,26.75
2015-11-16,0.0,0,24.0
2015-08-03,0.0,0,22.2
2016-02-26,0.0,0,27.65
2010-07-14,0.0,0,20.5
2013-08-13,0.0,0,22.299999999999997
2015-05-05,0.0,0,24.75
2011-06-24,0.0,0,17.6
2013-04-01,24.2,0,24.3
2015-11-03,0.0,0,25.75
2010-06-23,4.8,0,17.6
2012-03-16,2.2,0,26.65
2015-04-14,0.0,0,24.9
2014-12-22,0.0,0,27.3
2010-09-15,0.0,0,24.15
2016-02-23,5.8,0,27.200000000000003
2011-10-31,19.8,0,22.85
2017-06-01,0.0,0,18.0
2012-03-15,3.4,0,23.7
2012-03-14,2.8,0,24.450000000000003
2015-06-01,0.0,0,20.0
2015-04-09,0.0,0,23.549999999999997
2012-09-26,0.0,0,22.4
2009-02-15,21.0,0,27.0
2009-02-09,0.0,0,29.65
2012-07-05,0.0,0,17.700000000000003
2014-04-11,0.0,0,25.9
2013-10-07,0.0,0,26.200000000000003
2016-07-17,8.6,0,19.6
2014-02-02,0.0,0,26.8
2010-08-26,0.0,0,18.45
2016-04-12,65.0,0,23.4
2012-04-23,0.0,0,24.85
2014-07-05,1.2,0,20.7
2011-03-04,30.2,0,24.1
2009-06-03,3.0,0,18.9
2009-11-25,0.0,0,26.700000000000003
2011-01-13,0.0,0,26.6
2015-10-12,0.0,0,23.7
2011-11-04,0.0,0,24.15
2014-09-26,5.2,0,21.85
2014-06-15,0.2,0,18.85
2015-09-25,0.0,0,20.200000000000003
2014-10-30,0.0,0,25.049999999999997
2013-07-27,0.2,0,20.200000000000003
2012-08-26,0.0,0,20.9
2010-08-13,0.0,0,18.35
2016-06-24,0.2,0,20.75
2014-07-25,0.0,0,19.95
2012-07-14,23.6,0,20.4
2015-01-28,0.8,0,23.4
2010-09-05,3.4,0,21.799999999999997
2016-10-29,1.8,0,24.450000000000003
2011-10-24,0.0,0,23.5
2012-09-20,0.0,0,22.25
2009-12-16,0.6,0,28.0
2012-05-29,0.0,0,20.5
2011-01-03,0.6,0,27.6
2015-12-25,0.4,0,25.35
2013-05-29,1.6,0,21.0
2010-07-30,0.0,0,21.3
2011-05-01,0.0,0,23.75
2014-12-27,35.4,0,22.85
2016-06-17,0.4,0,19.1
2013-05-26,0.0,0,20.8
2016-09-27,0.0,0,20.55
2014-11-18,0.6,0,25.1
2017-04-27,4.8,0,19.450000000000003
2014-09-09,1.6,0,21.200000000000003
2009-08-08,0.0,0,18.25
2015-08-14,0.0,0,17.5
2010-03-06,4.2,0,25.950000000000003
2010-08-12,0.0,0,16.8
2009-01-19,0.0,0,27.299999999999997
2014-10-18,0.0,0,22.25
2012-02-12,0.0,0,28.3
2017-03-31,98.0,0,24.35
2014-01-19,0.0,0,27.6
2012-03-01,0.0,0,27.85
2016-09-24,0.0,0,22.55
2013-08-02,0.0,0,19.5
2013-12-29,0.0,0,28.35
2012-04-21,4.2,0,24.2
2013-11-09,0.0,0,25.200000000000003
2016-08-21,0,0,18.049999999999997
2009-01-27,2.0,0,27.7
2009-01-02,5.0,0,24.65
2017-06-24,0.0,0,19.75
2012-07-15,0.6,0,18.200000000000003
2008-12-05,0.2,0,24.9
2014-03-19,0.0,0,26.85
2017-05-13,1.2,0,19.2
2009-05-13,0.0,0,21.9
2014-06-16,0.0,0,17.75
2011-06-11,0.0,0,16.4
2010-08-14,0.0,0,18.4
2009-01-15,0.0,0,28.700000000000003
2010-04-29,0.0,0,26.1
2009-01-06,0.0,0,28.0
2010-05-12,0.0,0,23.4
2010-10-31,0.0,0,23.1
2012-01-06,0.0,0,26.1
2010-04-18,3.4,0,24.2
2011-12-16,0.0,0,24.0
2010-05-10,0.8,0,21.9
2013-05-04,0.0,0,24.0
2014-11-16,0.0,0,25.35
2015-12-28,18.4,0,25.299999999999997
2014-02-11,0.0,0,27.25
2014-10-29,0.0,0,25.6
2014-03-21,4.0,0,26.049999999999997
2014-12-17,0.8,0,28.9
2014-01-23,1.2,0,24.200000000000003
2016-11-24,0.0,0,25.9
2011-02-23,3.8,0,22.85
2013-12-27,0.0,0,24.65
2010-11-06,0.0,0,24.4
2017-03-17,0.6,0,26.7
2009-11-06,1.2,0,22.9
2009-09-04,0.0,0,20.4
2010-02-25,16.6,0,24.55
2011-03-02,5.0,0,26.65
2011-12-12,13.4,0,26.1
2017-04-15,0.0,0,23.549999999999997
2014-09-18,0.0,0,22.35
2012-03-22,0.0,0,23.65
2015-05-16,0.2,0,20.950000000000003
2014-07-30,0.0,0,18.55
2013-07-31,2.8,0,19.6
2015-07-03,0.0,0,17.450000000000003
2014-04-09,0.6,0,24.85
2017-05-05,0.2,0,21.65
2013-04-10,6.0,0,20.35
2014-09-23,24.2,0,20.799999999999997
2016-06-21,0.0,0,17.65
2010-12-20,53.0,0,26.299999999999997
2011-09-09,0.2,0,16.75
2014-11-14,0.8,0,26.45
2008-12-16,0.0,0,27.0
2010-02-08,55.0,0,27.05
2010-03-23,0.0,0,27.15
2016-01-18,0.4,0,26.35
2009-08-01,0.0,0,18.25
2017-04-28,0.0,0,21.0
2013-07-15,3.2,0,17.25
2017-01-09,0.0,0,26.5
2011-02-11,1.8,0,25.65
2016-09-08,0.4,0,21.6
2009-06-26,0.0,0,17.35
2013-08-31,0.0,0,22.7
2010-04-08,0.0,0,27.35
2013-05-30,19.0,0,19.9
2011-07-14,0.0,0,19.0
2012-03-10,0.0,0,27.0
2009-01-21,0.0,0,29.299999999999997
2012-10-27,0.0,0,24.450000000000003
2016-07-06,1.2,0,15.5
2013-05-10,6.8,0,21.1
2010-12-12,45.8,0,23.25
2010-07-24,0.0,0,19.0
2011-07-15,0.0,0,16.75
2015-03-10,0.0,0,29.1
2012-10-30,0.6,0,20.65
2016-04-29,0,0,23.200000000000003
2017-04-01,0.0,0,23.6
2015-10-04,0.0,0,23.85
2013-08-20,0.0,0,20.15
2011-05-31,7.0,0,17.45
2011-11-18,0.0,0,26.0
2015-08-15,0.0,0,18.85
2011-07-25,0.0,0,18.5
2014-01-16,0.0,0,27.7
2010-12-17,2.0,0,26.8
2013-06-10,0.4,0,18.6
2012-11-13,0.0,0,24.2
2015-07-27,0.2,0,19.25
2011-05-07,0.0,0,21.1
2015-10-20,0.0,0,23.7
2010-04-28,0.0,0,24.4
2012-09-10,1.0,0,21.15
2016-02-04,15.4,0,25.049999999999997
2013-11-05,0.0,0,22.25
2012-02-13,2.0,0,26.15
2013-11-15,11.4,0,24.3
2011-10-10,0.0,0,23.200000000000003
2012-04-25,0.0,0,22.6
2011-01-18,0.0,0,28.0
2011-12-25,0.4,0,26.2
2013-09-08,0.0,0,22.6
2013-10-23,0.0,0,23.799999999999997
2012-06-07,0.0,0,18.1
2016-01-20,0.0,0,27.8
2016-08-23,0.6,0,22.6
2017-02-08,0,0,29.0
2013-01-27,35.0,0,23.45
2009-07-08,5.6,0,17.3
2009-02-07,0.0,0,28.75
2016-11-17,0.2,0,24.1
2010-09-13,0.0,0,21.5
2010-08-22,0.0,0,18.35
2012-08-30,0.0,0,21.700000000000003
2010-01-15,0.0,0,28.450000000000003
2013-03-22,2.6,0,24.950000000000003
2010-08-09,0.0,0,20.45
2016-12-06,13.8,0,26.9
2009-07-16,0.0,0,15.3
2015-09-11,0.0,0,20.1
2016-09-12,0.0,0,21.65
2016-05-23,0.0,0,22.85
2011-02-13,0.0,0,28.6
2013-06-07,0.0,0,21.3
2016-09-21,0.0,0,19.4
2015-12-16,0.0,0,25.4
2013-07-05,0.0,0,21.049999999999997
2015-12-20,0.0,0,27.950000000000003
2014-09-05,0.0,0,19.35
2016-02-16,0,0,28.25
2009-10-10,0.0,0,21.049999999999997
2015-08-05,1.4,0,16.15
2012-11-24,0.0,0,25.299999999999997
2015-08-06,0.0,0,16.15
2012-11-18,14.0,0,23.049999999999997
2016-06-28,0.0,0,16.55
2012-03-27,0.0,0,23.85
2016-12-12,0.0,0,25.75
2010-03-01,13.4,0,23.7
2017-03-01,0.0,0,27.95
2009-08-14,0.2,0,20.5
2010-07-17,0.0,0,17.95
2009-02-18,5.6,0,25.25
2009-01-23,48.2,0,26.85
2014-11-27,0.0,0,25.5
2012-03-18,8.8,0,23.9
2017-02-25,0,0,27.65
2012-05-18,4.4,0,20.75
2015-10-18,0.0,0,25.25
2012-06-10,12.8,0,14.7
2012-01-23,6.2,0,24.5
2013-05-25,1.6,0,19.45
2010-02-02,0.8,0,26.9
2016-12-14,0.0,0,26.5
2017-05-10,0.4,0,18.1
2014-11-15,0.0,0,27.1
2014-10-28,0.0,0,25.65
2009-01-01,0.0,0,27.85
2013-07-14,0.0,0,17.450000000000003
2016-12-19,0.2,0,24.35
2017-02-02,0.0,0,28.5
2013-12-15,0.6,0,26.65
2012-05-07,0.0,0,21.75
2015-06-30,11.6,0,19.45
2014-04-24,0.0,0,24.8
2015-06-19,0.0,0,17.55
2009-02-19,1.0,0,28.1
2016-04-26,4.4,0,23.950000000000003
2010-10-09,41.4,0,17.8
2012-08-12,0.0,0,18.4
2016-04-07,0.0,0,26.6
