2016-01-08,0.0,0,14.149999999999999
2011-11-24,0.0,0,0
2012-01-24,0.2,0,13.549999999999999
2010-09-22,0.0,0,7.75
2012-11-27,1.0,0,11.45
2016-03-17,0.0,0,12.3
2015-03-29,0.0,0,10.149999999999999
2016-10-26,0.0,0,11.600000000000001
2011-03-27,0.0,0,0
2011-11-21,19.8,0,11.65
2011-03-26,0.4,0,0
2010-08-25,8.6,0,-4.6
2015-06-23,0.0,0,0.95
2013-07-10,0.0,0,0.29999999999999993
2009-12-17,0.0,0,23.55
2016-11-03,0.0,0,9.45
2013-09-30,0.0,0,11.25
2010-03-30,4.4,0,0
2014-01-16,0.0,0,27.8
2015-07-13,6.8,0,-0.95
2015-07-15,1.0,0,-1.55
2010-03-28,0,0,15.75
2017-05-01,0.0,0,6.8500000000000005
2010-09-21,0.0,0,13.75
2009-01-06,0.0,0,21.200000000000003
2013-08-02,0.0,0,0.7
2015-11-22,0.0,0,10.55
2015-09-27,0.0,0,7.550000000000001
2009-10-08,2.8,0,0
2015-12-13,0.0,0,12.8
2011-10-10,0.4,0,2.05
2011-06-03,0.0,0,0
2015-09-05,0.0,0,5.05
2009-10-07,5.4,0,0
2010-02-24,0.0,0,13.0
2015-02-01,0.2,0,9.5
2013-05-03,0.0,0,9.05
2013-07-21,24.2,0,-4.65
2011-07-26,1.0,0,0
2014-04-20,0.0,0,4.85
2017-05-02,0.0,0,3.2
2014-02-03,0.0,0,25.3
2010-02-06,0,0,11.7
2014-09-14,0.0,0,8.850000000000001
2008-12-04,0.0,0,10.15
2014-01-12,0.0,0,21.6
2012-06-14,1.2,0,0
2015-05-17,0.0,0,9.1
2014-01-29,0.0,0,23.4
2009-07-18,0.0,0,-1.2
2017-04-22,5.0,0,7.9
2016-12-21,0.0,0,14.45
2011-01-23,28.0,0,17.35
2014-01-27,0.0,0,17.9
2009-12-22,0.2,0,20.200000000000003
2017-01-27,0.0,0,18.2
2015-07-29,0.2,0,0.25
2011-03-03,0.0,0,11.35
2008-12-10,2.0,0,0
2014-12-11,6.6,0,8.399999999999999
2011-06-15,0.0,0,0
2014-12-04,12.2,0,12.6
2012-01-18,0.0,0,15.85
2009-09-28,4.4,0,0.20000000000000007
2010-08-22,0.2,0,0.40000000000000013
2009-10-19,0.0,0,0
2017-06-18,0.0,0,6.1
2013-06-17,0.2,0,1.05
2010-07-21,0,0,0
2012-07-26,5.8,0,0
2013-05-18,0,0,0
2009-09-06,0.0,0,6.25
2011-12-27,2.6,0,14.200000000000001
2016-04-24,0.0,0,9.649999999999999
2012-03-31,0.2,0,12.450000000000001
2015-11-10,0.0,0,16.25
2013-11-27,0.0,0,15.399999999999999
2016-07-10,1.2,0,1.1
2013-04-01,0.0,0,7.9
2017-06-23,0.0,0,1.85
2009-11-26,0.0,0,0
2016-08-12,0.0,0,0.09999999999999998
2009-04-01,0.4,0,10.65
2013-04-15,0.0,0,10.1
2011-07-15,0.0,0,-2.15
2011-08-06,2.2,0,0
2013-03-15,0.0,0,0
2009-03-29,0.0,0,16.35
2012-01-29,0.0,0,16.65
2015-08-28,6.0,0,2.65
2009-04-21,0.0,0,0
2009-07-17,0.0,0,2.35
2017-02-14,0.0,0,13.3
2009-04-19,0.0,0,6.45
2012-06-03,19.0,0,0
2016-01-04,7.2,0,7.45
2011-10-13,0.0,0,9.149999999999999
2014-08-20,0.0,0,4.7
2012-05-14,0,0,0
2016-08-14,0.0,0,4.85
2016-11-02,0.0,0,7.6
2014-11-05,0.0,0,14.15
2015-04-13,1.8,0,9.7
2013-09-27,1.0,0,8.5
2013-01-24,0.2,0,0
2013-07-22,2.6,0,-3.75
2016-04-21,0.0,0,11.35
2013-06-13,22.2,0,2.0
2013-04-21,0.2,0,5.5
2009-10-04,3.8,0,1.4
2015-08-18,1.6,0,-0.40000000000000013
2011-12-19,23.4,0,0
2011-02-09,0.0,0,11.35
2015-04-11,0.0,0,9.0
2010-01-18,0.2,0,3.4000000000000004
2016-05-26,0.8,0,2.05
2014-03-19,0.0,0,14.85
2014-08-26,13.8,0,1.4500000000000002
2011-02-24,0.6,0,14.5
2009-04-18,0.0,0,10.850000000000001
2016-06-07,2.6,0,-0.25
2013-05-07,0.6,0,0
2014-08-02,5.8,0,0
2011-08-03,0.0,0,8.75
2016-07-12,2.6,0,-0.9
2014-03-10,5.0,0,15.3
2014-10-01,0.2,0,3.45
2017-06-17,0.0,0,5.699999999999999
2013-04-23,0.6,0,0
2014-01-08,0.0,0,10.3
2017-01-11,0.0,0,20.3
2012-11-11,0.0,0,9.8
2011-09-13,0.0,0,2.2
2014-11-26,0.0,0,12.350000000000001
2011-01-06,0.2,0,12.850000000000001
2009-07-03,20.2,0,-2.3
2016-06-13,0.0,0,3.1
2010-05-25,7.0,0,4.35
2009-10-13,7.6,0,-0.5
2012-11-21,0.0,0,13.45
2013-09-19,9.2,0,-0.15
2013-12-21,0.0,0,20.75
2009-03-13,0.2,0,11.7
2012-04-09,0.0,0,3.75
2014-07-24,0.0,0,1.3
2012-05-09,0.0,0,9.899999999999999
2010-04-19,0,0,0
2013-08-27,0.0,0,7.449999999999999
2011-01-26,0.0,0,22.450000000000003
2015-01-02,0.0,0,20.1
2015-01-10,10.8,0,14.0
2012-06-09,0.2,0,1.9
2008-12-26,0.2,0,17.5
2017-02-17,0.0,0,18.299999999999997
2009-04-05,0.0,0,0
2013-07-26,0.0,0,3.7
2014-08-31,0.0,0,7.3
2009-05-24,0.0,0,4.8
2010-05-05,22.4,0,0.0
2009-04-24,0.0,0,6.3
2010-07-12,0,0,0
2015-10-10,0.6,0,14.9
2016-09-01,6.8,0,4.75
2013-04-11,0.0,0,11.8
2016-02-25,0.0,0,21.55
2016-10-18,2.4,0,2.25
2014-09-28,0.0,0,10.5
2011-05-22,0.0,0,0
2016-07-11,12.2,0,1.7000000000000002
2013-11-08,0.0,0,15.25
2012-06-02,0.6,0,0
2009-12-31,0.0,0,0
2014-09-27,0.0,0,6.3
2011-05-27,0.0,0,2.9
2017-02-19,0.6,0,8.8
2014-10-10,0.0,0,10.6
2013-09-03,0.0,0,12.15
2013-06-07,0.2,0,2.95
2012-02-16,2.0,0,11.85
2014-10-09,0.0,0,8.45
2015-02-11,0.0,0,13.100000000000001
2011-01-05,0.0,0,14.899999999999999
2017-03-29,0.0,0,16.05
2009-11-07,0.2,0,0
2009-09-27,20.0,0,0
2013-10-04,0.2,0,8.5
2011-06-04,1.2,0,0
2010-01-04,0,0,0
2016-11-09,0.0,0,12.4
2009-03-08,0.0,0,0
2010-11-09,18.4,0,12.65
2012-10-23,0.0,0,8.1
2014-11-23,0.0,0,22.7
2011-10-28,0.0,0,10.55
2016-12-27,0.0,0,16.05
2015-11-12,1.6,0,10.8
2013-01-15,0.2,0,15.450000000000001
2014-12-10,0.0,0,17.65
2013-04-13,0.0,0,10.649999999999999
2011-11-30,60.4,0,0
2015-12-31,0.0,0,20.6
2010-12-25,0.2,0,16.3
2009-02-02,0.0,0,0
2009-05-21,0.2,0,4.1
2014-03-03,0.0,0,12.2
2012-01-03,0.0,0,21.65
2011-10-12,0.0,0,6.25
2014-05-27,0.0,0,6.95
2014-03-14,0.0,0,13.2
2017-01-03,0.0,0,13.95
2013-12-29,0.0,0,17.6
2010-08-08,0.0,0,2.4
2009-09-02,0.0,0,0
2016-04-17,1.6,0,8.3
2013-09-18,24.8,0,3.9
2009-01-22,1.0,0,0
2010-11-12,0.0,0,16.2
2017-03-09,0.0,0,10.899999999999999
2014-04-12,3.4,0,7.6000000000000005
2016-01-02,0.0,0,14.649999999999999
2011-10-14,0.0,0,8.25
2016-05-31,0.0,0,1.75
2013-11-18,0.2,0,11.35
2009-01-23,33.0,0,0
2017-06-24,0.0,0,0.44999999999999996
2017-04-20,0.0,0,11.3
2011-02-28,4.4,0,14.0
2012-09-26,0.2,0,9.6
2013-08-07,10.6,0,-2.4000000000000004
2011-05-17,0.0,0,7.75
2016-03-21,0.4,0,7.6
2009-07-20,0.0,0,1.2
2013-03-28,0.8,0,0
2015-07-09,0.0,0,1.15
2013-08-05,2.4,0,-0.45
2015-07-21,0.0,0,1.5
2009-08-15,0.0,0,0
2017-05-21,0.0,0,6.8
2015-03-19,0.2,0,18.2
2010-11-14,15.2,0,13.149999999999999
2013-03-09,0.0,0,15.85
2009-10-03,5.2,0,0.65
2013-11-19,0.0,0,13.0
2015-03-13,0.0,0,8.2
2010-08-04,0.0,0,-2.0999999999999996
2016-12-05,1.0,0,18.35
2013-05-08,0.0,0,7.15
2015-12-19,0.0,0,21.25
2016-05-24,0.4,0,1.75
2015-10-31,0.0,0,9.8
2010-02-12,1.4,0,13.75
2015-04-05,0.0,0,8.9
2010-08-02,28.6,0,-2.55
2014-05-04,2.2,0,0.0
2015-09-09,1.0,0,6.05
2015-05-25,0.0,0,6.35
2016-03-20,0.0,0,5.75
2013-04-09,0.8,0,10.55
2013-03-06,0,0,0
2013-10-08,0.0,0,7.1499999999999995
2015-09-07,0.0,0,0.6
2010-06-21,0.0,0,3.0500000000000003
2009-07-11,0.0,0,0.6
2015-08-03,3.0,0,-2.5
2013-06-14,7.6,0,1.8
2015-12-07,0.0,0,16.35
2011-05-23,23.6,0,0
2011-07-25,3.0,0,0
2015-04-16,3.8,0,13.55
2009-09-19,0,0,0
2015-12-28,0.0,0,11.55
2013-09-22,0.0,0,6.0
2012-02-23,1.8,0,14.5
2011-07-22,0,0,0
2015-11-20,0.0,0,21.450000000000003
2014-04-21,0.0,0,9.45
2009-06-20,0.2,0,0
2009-03-12,0.6,0,0
2013-11-01,0.0,0,13.850000000000001
2014-04-09,0.0,0,9.95
2012-03-03,5.2,0,0
2014-10-23,0.0,0,15.45
2012-01-28,0.4,0,15.5
2012-04-13,0.0,0,12.3
2013-10-22,0.6,0,11.2
2017-04-27,3.8,0,1.0500000000000003
2016-06-26,0.8,0,-0.85
2017-04-12,0.0,0,8.3
2013-01-26,0.0,0,19.0
2013-12-04,0.0,0,18.2
2012-09-10,0.0,0,8.7
2014-04-22,0.0,0,10.8
2014-03-26,1.8,0,10.25
2009-09-13,0.0,0,12.55
2016-04-04,0.0,0,11.45
2010-12-28,0.0,0,11.350000000000001
2010-08-18,0.0,0,-0.09999999999999999
2013-10-05,0.2,0,9.5
2009-09-09,8.4,0,-0.04999999999999999
2016-10-04,13.0,0,-0.3
2016-06-29,0.0,0,3.1
2013-05-10,0.2,0,11.149999999999999
2014-01-28,0.0,0,19.700000000000003
2013-04-19,0.2,0,1.6
2009-01-18,0.0,0,0
2012-05-10,0.0,0,9.9
2014-08-25,2.8,0,3.5
2009-03-02,0.0,0,13.15
2009-12-26,37.8,0,10.55
2016-09-26,0.0,0,1.0
2016-02-22,0.0,0,18.6
2015-06-19,7.4,0,-0.9500000000000001
2015-06-15,0.0,0,3.0999999999999996
2016-06-04,10.4,0,5.35
2015-06-24,5.6,0,3.5999999999999996
2016-12-19,0.0,0,11.35
2009-08-03,0.4,0,0
2011-12-17,10.8,0,12.399999999999999
2013-08-28,0.0,0,7.25
2013-04-05,0.4,0,0
2016-02-24,0.0,0,22.200000000000003
2009-03-26,0.0,0,0
2011-10-15,0.0,0,11.05
2015-01-11,25.2,0,10.7
2010-12-02,31.4,0,10.45
2014-02-06,0.0,0,17.35
2015-04-17,5.0,0,8.899999999999999
2009-12-30,0,0,0
2011-11-28,0.2,0,16.05
2014-12-01,16.2,0,17.450000000000003
2011-08-13,0.0,0,3.6500000000000004
2016-08-20,12.4,0,-3.3
2013-08-17,10.0,0,1.35
2013-10-28,0.0,0,7.699999999999999
2016-05-27,3.6,0,-1.8
2009-08-24,1.8,0,2.35
2011-10-06,0.0,0,0
2015-02-26,0.0,0,13.25
2017-01-08,0.0,0,17.3
2015-08-24,0.8,0,1.4500000000000002
2011-05-14,2.8,0,-2.1
2010-08-14,0.0,0,1.4
2015-01-13,0.0,0,12.35
2010-07-14,0,0,-2.0
2017-04-14,0.2,0,11.600000000000001
2012-07-04,3.2,0,-2.2
2016-04-23,1.2,0,7.95
2012-07-20,0.6,0,3.8499999999999996
2011-06-13,0.0,0,0.34999999999999987
2012-04-01,0.0,0,11.45
2011-12-10,0.0,0,12.0
2016-07-25,19.2,0,-2.05
2016-10-06,0.2,0,5.3
2011-08-24,0.0,0,11.2
2015-07-20,0.0,0,0.65
2013-11-29,0.4,0,9.75
2014-04-17,0.0,0,9.149999999999999
2009-04-15,2.0,0,0
2016-11-26,0.0,0,12.5
2017-02-07,0.2,0,13.6
2011-10-26,5.2,0,0
2015-09-26,0.2,0,5.65
2017-01-10,0.0,0,17.25
2016-05-10,27.6,0,4.8
2016-04-02,0.0,0,10.9
2015-12-06,0.0,0,19.15
2009-02-24,0.4,0,0
2017-04-13,6.2,0,7.550000000000001
2016-10-11,5.8,0,-0.6000000000000001
2017-05-12,0.0,0,6.25
2013-04-08,0.2,0,11.65
2010-02-22,0.4,0,15.7
2012-04-25,0,0,0
2010-06-19,0.4,0,0.35
2016-09-20,0.0,0,5.5
2015-04-14,0.0,0,9.0
2017-02-02,0.2,0,15.6
2014-07-15,0.0,0,0.39999999999999997
2011-09-20,0.2,0,0
2014-08-03,0.2,0,-0.55
2010-10-29,0.0,0,11.35
2009-12-01,2.0,0,5.95
2012-11-08,42.2,0,0
2013-12-31,0.0,0,16.05
2009-01-29,0.0,0,0
2014-11-25,17.8,0,9.5
2010-10-05,2.0,0,10.75
2016-10-19,3.6,0,2.5
2016-12-20,0.0,0,13.7
2011-05-29,0.0,0,4.0
2016-12-13,0.0,0,18.95
2015-03-08,0.0,0,15.2
2013-07-05,5.0,0,-3.3
2014-12-25,0.0,0,15.3
2010-02-08,1.2,0,15.149999999999999
2017-05-31,0.4,0,-1.85
2009-02-26,0.0,0,0
2014-11-04,0.0,0,11.7
2013-07-14,1.0,0,3.15
2017-01-05,0.0,0,16.35
2015-06-04,0.0,0,1.65
2014-10-05,0.0,0,14.65
2009-01-25,0.2,0,17.25
2010-06-11,0.0,0,-1.7
2014-06-12,0.0,0,3.55
2010-08-24,1.4,0,-1.35
2010-06-15,0.0,0,2.25
2015-09-10,0.0,0,5.699999999999999
2013-08-01,0.0,0,3.65
2014-07-28,0.0,0,0.65
2014-07-21,0.0,0,1.05
2013-05-01,0.2,0,6.35
2014-10-31,0.0,0,17.55
2009-05-09,0.0,0,8.8
2012-05-07,0.0,0,3.45
2015-03-17,0.0,0,11.95
2012-06-30,4.4,0,0
2012-07-30,2.2,0,-0.4999999999999999
2013-08-25,0.0,0,4.2
2010-11-11,17.8,0,13.55
2009-08-19,0,0,0
2014-11-17,2.0,0,9.15
2016-08-25,9.0,0,-1.25
2010-05-30,26.8,0,2.7
2010-10-28,5.0,0,6.5
2013-08-29,0.0,0,6.9
2014-07-14,0.0,0,1.5
2011-08-16,0.2,0,4.0
2016-07-18,0.0,0,6.0
2015-10-22,5.6,0,7.5
2015-02-08,0.0,0,19.700000000000003
2011-01-13,18.0,0,0
2013-10-29,0.0,0,8.15
2014-02-27,8.4,0,12.6
2014-06-07,0.0,0,4.45
2012-09-17,0.0,0,0
2016-12-31,18.0,0,17.55
2015-12-23,0.0,0,10.75
2017-02-08,0.0,0,12.45
2010-01-08,0,0,18.0
2010-12-21,1.8,0,4.4
2017-06-14,0.0,0,6.2
2009-10-05,6.4,0,0
2009-05-15,1.0,0,2.0
2009-06-04,18.2,0,4.65
2009-07-19,0.0,0,0.44999999999999996
2012-06-29,3.0,0,0
2015-04-30,0.0,0,4.2
2009-03-09,0.2,0,11.95
2015-07-31,0.0,0,1.5
2015-11-03,0.2,0,11.55
2017-02-21,0.2,0,12.0
2011-07-12,0.0,0,-2.55
2012-10-28,0.0,0,9.350000000000001
2013-08-22,3.8,0,-1.7999999999999998
2015-07-24,0.8,0,0.95
2014-10-24,3.6,0,16.55
2011-07-04,22.0,0,0
2009-11-03,1.4,0,13.9
2009-12-23,0.0,0,20.35
2012-03-15,0.0,0,13.25
2013-05-14,20.6,0,-0.25
2012-08-22,0.0,0,4.9
2012-02-02,0.2,0,0
2012-01-06,0.2,0,12.1
2011-05-31,0.0,0,0
2012-01-22,2.8,0,0
2016-05-06,0.0,0,10.0
2012-04-28,0.0,0,7.3
2014-08-05,0.0,0,2.5
2015-01-05,0.0,0,15.75
2011-02-05,8.6,0,17.05
2016-03-30,0.4,0,7.4
2013-03-07,0.0,0,17.4
2014-03-04,0.0,0,15.65
2013-10-09,0.0,0,12.0
2012-10-24,0.0,0,11.1
2012-08-24,0,0,0
2009-12-07,0.0,0,16.4
2014-12-02,0.0,0,16.200000000000003
2016-01-21,0.0,0,18.95
2016-11-20,0.0,0,19.55
2014-08-09,0.0,0,5.55
2013-07-17,8.6,0,4.75
2011-12-07,0.2,0,0
2010-06-09,0,0,-3.55
2016-03-18,9.4,0,8.399999999999999
2015-09-21,0.4,0,5.25
2014-07-19,0.6,0,-1.4
2016-11-05,0.0,0,3.55
2011-11-15,0.0,0,15.649999999999999
2017-04-17,0.0,0,11.0
2011-01-04,0.8,0,10.2
2015-03-11,0.0,0,15.3
2012-10-17,0.0,0,0
2015-08-23,0.2,0,4.4
2012-09-05,0.0,0,7.15
2016-04-22,6.0,0,8.1
2015-08-09,0.0,0,0.6
2016-09-27,6.0,0,0.3999999999999999
2012-06-08,0.8,0,2.35
2012-01-15,4.8,0,0
2015-05-15,0.0,0,7.55
2013-09-05,0.0,0,10.35
2016-03-24,0.0,0,12.25
2014-12-21,0.0,0,16.950000000000003
2012-01-10,0.0,0,8.25
2011-05-07,0.0,0,8.85
2014-01-02,0.2,0,13.95
2016-06-28,0.0,0,-2.1
2012-01-26,0.8,0,14.6
2013-09-09,0.0,0,11.95
2017-04-06,0.0,0,9.5
2009-03-17,0.0,0,9.850000000000001
2014-01-10,0.0,0,13.75
2012-08-20,10.0,0,3.5999999999999996
2010-11-30,14.8,0,7.85
2017-01-24,9.2,0,16.9
2010-11-24,0.0,0,16.25
2013-05-24,0.0,0,3.05
2012-08-11,1.6,0,1.85
2010-06-06,0.0,0,1.5
2016-01-15,3.8,0,5.949999999999999
2014-01-05,0.0,0,13.149999999999999
2013-10-12,0.2,0,12.6
2009-01-15,0.0,0,0
2011-03-28,0.0,0,13.1
2014-10-22,0.0,0,14.75
2014-06-03,9.6,0,2.3
2016-10-20,0.0,0,4.8999999999999995
2012-01-16,0.2,0,0
2013-01-13,0.0,0,14.15
2015-10-03,0.0,0,17.85
2012-05-16,0.0,0,4.15
2016-12-04,0.0,0,18.0
2014-12-05,5.2,0,13.15
2011-03-29,0.0,0,10.5
2017-02-18,0.0,0,13.0
2017-01-02,0.0,0,16.15
2017-04-10,25.2,0,-0.04999999999999999
2009-07-27,3.6,0,-1.55
2013-06-03,0.2,0,6.449999999999999
2016-10-27,0.0,0,12.55
2011-03-04,0.0,0,10.8
2016-09-25,0.0,0,4.35
2014-06-29,27.2,0,-2.5
2013-01-25,0.0,0,19.6
2017-01-22,0.0,0,17.6
2015-02-25,5.4,0,10.0
2016-03-29,0.0,0,9.05
2009-12-10,0.2,0,12.3
2016-07-31,0.0,0,1.8
2016-01-09,0.0,0,17.9
2015-04-07,22.8,0,2.3
2010-03-18,0,0,0
2015-10-20,0.0,0,15.2
2016-03-19,13.2,0,5.25
2016-01-25,0.0,0,13.95
2017-06-25,0.0,0,-1.4000000000000001
2016-03-10,0.0,0,18.7
2014-03-20,0.0,0,13.25
2013-08-16,0.0,0,4.6
2016-11-16,0.0,0,12.2
2015-10-06,0.0,0,18.85
2015-06-28,0.0,0,7.050000000000001
2016-05-16,0.0,0,6.6
2016-09-16,6.4,0,1.2999999999999998
2014-10-13,15.2,0,8.65
2009-09-04,10.0,0,0
2013-10-13,0.0,0,12.65
2012-09-19,6.2,0,6.55
2016-06-21,1.8,0,-0.6
2012-03-26,0.2,0,0
2009-02-16,9.0,0,0
2013-10-06,0.0,0,11.0
2014-08-15,0.0,0,3.9000000000000004
2009-04-17,0.0,0,8.25
2015-02-20,0.0,0,16.9
2014-02-08,0.0,0,21.299999999999997
2009-03-24,0.0,0,0
2009-05-11,0.0,0,4.300000000000001
2012-09-25,0.0,0,7.6
2011-07-23,0.0,0,1.95
2015-05-11,11.6,0,2.7
2011-02-25,0.0,0,14.85
2012-10-13,7.0,0,2.95
2016-04-13,0.0,0,8.8
2013-01-29,13.2,0,0
2014-03-31,0.8,0,11.8
2014-04-05,16.2,0,8.65
2015-03-23,0.0,0,13.45
2014-07-04,0.0,0,-0.19999999999999998
2016-09-17,0.0,0,4.4
2017-01-09,0.0,0,18.85
2015-06-05,2.0,0,0.7500000000000001
2016-12-28,0.0,0,17.6
2015-07-08,0.0,0,0.20000000000000007
2011-09-04,0.0,0,6.199999999999999
2013-10-16,0.0,0,9.25
2017-02-24,0.0,0,20.15
2010-02-04,0,0,0
2011-01-21,0.0,0,18.35
2015-10-04,0.0,0,16.35
2009-02-13,3.0,0,4.9
2009-03-22,0.0,0,0
2012-03-10,0.2,0,12.299999999999999
2011-09-06,1.0,0,0
2013-05-23,2.4,0,1.55
2016-10-05,14.4,0,-0.9999999999999999
2015-05-22,0.4,0,0.7999999999999999
2014-06-10,0.0,0,2.8499999999999996
2016-09-18,0.0,0,3.2
2011-10-05,0.0,0,5.5
2017-02-26,0.0,0,10.9
2011-09-08,0.0,0,0
2015-10-02,0.0,0,15.2
2016-07-20,3.6,0,5.6
2011-01-28,0.0,0,17.6
2010-05-09,0.0,0,10.5
2009-08-30,32.6,0,0
2011-05-02,0.0,0,0
2014-03-16,1.6,0,5.05
2013-08-30,10.8,0,5.75
2011-06-02,0.0,0,0
2011-02-22,0.0,0,10.4
2009-05-23,1.8,0,4.95
2015-09-16,0.2,0,6.3999999999999995
2010-10-09,0.0,0,7.8500000000000005
2015-07-06,0.0,0,-0.09999999999999998
2012-10-09,0.8,0,2.0
2009-12-14,0.0,0,13.3
2015-06-18,17.8,0,1.7999999999999998
2012-11-28,11.0,0,16.25
2016-08-01,0.0,0,0.95
2010-09-16,0.4,0,-0.14999999999999997
2011-11-19,0.0,0,17.5
2009-11-30,8.4,0,5.550000000000001
2016-09-04,2.8,0,2.45
2016-07-21,0.0,0,4.5
2014-03-15,0.0,0,12.15
2009-09-21,0.4,0,0
2014-07-26,0.0,0,0.8
2010-06-24,5.2,0,2.9
2009-06-17,0.0,0,0
2011-03-18,0.0,0,0
2017-04-08,0.0,0,9.45
2011-09-27,0.0,0,7.3
2011-05-11,2.8,0,-3.75
2014-04-18,0.0,0,6.35
2015-02-15,21.4,0,13.7
2016-07-27,23.2,0,-1.15
2017-01-30,0.0,0,22.3
2009-05-17,0.0,0,8.45
2009-05-06,0.0,0,7.65
2013-07-13,0.0,0,3.7
2014-10-25,0.0,0,17.1
2013-06-01,13.4,0,6.050000000000001
2014-10-18,0.0,0,9.05
2013-06-06,0.0,0,2.65
2015-01-16,0.0,0,11.5
2009-11-18,0.0,0,0
2015-09-23,0.8,0,-1.1500000000000001
2009-07-10,0.0,0,0.7
2013-01-23,0.2,0,18.2
2015-03-03,0.0,0,15.7
2017-06-16,0.0,0,5.65
2009-08-28,0.6,0,5.75
2015-12-27,30.2,0,9.3
2010-01-22,0.0,0,22.1
2015-11-23,0.0,0,13.5
2009-04-16,0.0,0,7.1
2012-05-11,0.0,0,0
2012-08-31,0.6,0,-3.25
2016-11-01,0.0,0,3.5999999999999996
2015-03-14,0.0,0,12.1
2009-10-20,0.0,0,0
2009-02-17,0.2,0,0
2017-05-09,0.0,0,6.1
2011-08-19,4.6,0,0
2010-05-10,0.0,0,7.75
2015-07-04,0.0,0,3.1
2016-10-10,0.0,0,3.6
2016-06-30,0.0,0,-2.8499999999999996
2013-12-15,0.0,0,13.65
2009-03-21,0.0,0,16.4
2014-02-02,0.0,0,24.65
2016-08-21,7.6,0,-0.7000000000000001
2012-11-07,28.6,0,0
2013-06-24,5.6,0,-1.1
2017-05-17,0.0,0,8.05
2014-08-18,7.8,0,1.0
2017-02-25,0.0,0,9.75
2010-06-27,0.0,0,-1.25
2017-03-05,6.8,0,12.5
2016-12-24,0.0,0,16.6
2009-05-01,0.0,0,4.8
2015-02-24,1.2,0,15.399999999999999
2013-06-11,0.0,0,4.35
2015-11-26,0.0,0,10.399999999999999
2011-02-12,43.0,0,14.149999999999999
2017-01-12,0.0,0,20.7
2012-11-23,0.0,0,13.8
2009-01-07,0.0,0,0
2012-04-17,0.0,0,7.2
2015-06-25,1.8,0,5.1
2010-10-13,34.4,0,7.8999999999999995
2010-03-08,78.0,0,10.649999999999999
2016-06-02,0.6,0,2.5
2010-09-24,0.0,0,11.649999999999999
2010-03-25,0.0,0,15.100000000000001
2009-03-16,0.0,0,0
2010-11-15,48.8,0,10.0
2010-06-20,0.0,0,1.35
2016-09-11,11.2,0,5.2
2009-05-30,0.0,0,1.0
2012-11-05,0.0,0,16.5
2016-10-30,0.8,0,9.45
2017-02-23,0.0,0,20.1
2014-02-01,0.0,0,25.05
2011-05-19,0.0,0,6.65
2016-07-24,2.0,0,-4.45
2010-05-21,0.0,0,5.3
2017-06-08,0.0,0,5.15
2015-05-13,0.4,0,-2.45
2015-06-21,0.0,0,0.8500000000000001
2014-02-05,0.2,0,8.950000000000001
2013-03-21,1.0,0,9.05
2015-12-26,0.0,0,11.95
2014-09-29,0.0,0,12.600000000000001
2014-03-02,0.0,0,12.7
2012-11-09,0.2,0,10.350000000000001
2011-06-12,0.0,0,0
2010-02-01,0.0,0,17.35
2016-02-11,0.0,0,18.1
2010-02-25,0.4,0,12.0
2009-05-31,0.2,0,1.75
2012-01-20,0.0,0,19.9
2009-10-28,0.2,0,0
2013-07-27,0.0,0,4.95
2009-05-27,5.8,0,4.95
2009-07-14,12.6,0,-1.7000000000000002
2017-06-19,0.0,0,6.699999999999999
2017-06-06,1.6,0,-0.30000000000000004
2011-01-11,15.6,0,12.350000000000001
2009-05-19,0.0,0,4.449999999999999
2013-07-23,1.4,0,-1.7999999999999998
2011-06-28,0.0,0,2.0
2016-11-18,0.0,0,17.8
2011-07-14,1.6,0,-3.75
2012-04-12,0.2,0,10.9
2013-05-20,0.0,0,0
2009-01-24,22.0,0,14.9
2010-09-12,0,0,0
2012-08-28,0.0,0,5.25
2011-03-01,0.6,0,12.5
2010-06-29,0,0,0
2013-07-01,0.0,0,1.55
2013-03-10,0.0,0,17.8
2010-05-18,0.0,0,6.45
2009-09-15,0,0,0
2012-03-28,6.6,0,0
2010-02-10,0.0,0,16.5
2014-02-25,0.0,0,16.85
2013-12-14,0.0,0,13.75
2012-05-02,2.6,0,0
2016-01-18,0.0,0,17.2
2013-07-15,19.6,0,3.95
2017-01-23,0.0,0,19.5
2009-08-10,0.0,0,1.95
2015-05-07,0.0,0,-0.75
2012-03-21,0.2,0,12.350000000000001
2009-09-07,7.0,0,0
2013-11-24,0.0,0,8.3
2014-03-07,0.0,0,15.2
2015-01-24,0.0,0,16.65
2013-10-20,0.0,0,14.6
2011-09-29,25.2,0,0
2016-02-20,0.0,0,16.9
2010-05-15,0.0,0,7.800000000000001
2011-10-03,6.4,0,2.65
2015-09-19,0.0,0,4.3
2010-12-29,0.2,0,13.8
2010-01-30,0,0,14.899999999999999
2009-08-12,7.2,0,0.0
2017-02-12,4.0,0,12.549999999999999
2016-05-12,4.2,0,5.05
2014-05-19,0.0,0,7.15
2015-05-01,0.0,0,5.5
2012-11-10,0.2,0,5.5
2009-04-27,10.6,0,-2.05
2012-11-01,0.0,0,7.050000000000001
2015-05-06,0.0,0,0.9500000000000001
2015-08-31,0.4,0,3.3
2015-11-08,0.0,0,9.05
2014-04-03,0.0,0,12.0
2016-05-23,1.4,0,3.3499999999999996
2012-02-21,15.6,0,11.45
2012-08-01,0.4,0,-0.39999999999999997
2012-03-02,53.6,0,0
2012-08-13,0.0,0,0
2011-11-20,2.4,0,0
2010-01-27,0.0,0,19.15
2012-08-05,0.0,0,0
2009-10-22,0.0,0,0
2014-10-14,12.2,0,-0.55
2010-08-05,0.0,0,-3.3
2010-07-22,0.0,0,0.9
2014-07-16,22.8,0,0.05
2014-01-09,0.0,0,9.65
2009-12-27,4.2,0,13.2
2015-06-20,0.0,0,-1.1
2009-03-31,0.2,0,0
2015-01-17,0.0,0,13.95
2011-02-07,0.6,0,12.3
2014-04-10,3.0,0,9.350000000000001
2009-07-01,21.0,0,-0.44999999999999996
2015-06-16,14.6,0,5.4
2009-10-14,15.2,0,-0.10000000000000003
2013-03-27,0.0,0,15.7
2011-02-21,0.0,0,12.2
2011-09-16,0.0,0,7.5
2013-06-05,0.0,0,5.6
2017-03-03,0.2,0,13.350000000000001
2017-05-24,5.4,0,2.8
2013-08-08,1.8,0,-1.45
2010-10-04,9.0,0,6.15
2017-03-25,0.0,0,11.55
2013-12-02,0.0,0,16.25
2015-07-23,16.6,0,1.2999999999999998
2009-08-08,3.8,0,0
2014-04-11,14.4,0,10.35
2011-05-10,0.0,0,3.85
2013-09-29,0.0,0,8.15
2017-06-02,0.0,0,2.7
2013-04-25,0.2,0,5.05
2012-04-18,9.8,0,0
2010-01-10,0,0,0
2014-11-14,0.0,0,20.85
2011-03-13,0.4,0,0
2012-06-24,0,0,0
2016-07-22,6.4,0,7.95
2012-10-06,1.6,0,0
2013-03-17,0.0,0,4.949999999999999
2012-01-02,3.6,0,19.2
2012-02-14,1.4,0,11.399999999999999
2013-01-10,0.0,0,0
2014-05-29,0.4,0,5.0
2014-06-26,0,0,0.2
2012-05-05,0.0,0,4.65
2017-02-04,0.0,0,19.35
2017-01-17,0.0,0,23.35
2012-04-20,35.4,0,0
2013-03-31,0.0,0,0
2014-01-01,0.0,0,13.25
2013-04-06,0.2,0,8.9
2010-11-23,0.0,0,13.95
2017-01-07,0.0,0,18.85
2013-07-07,2.4,0,-1.2
2012-07-11,33.0,0,0
2014-02-13,0.0,0,19.55
2017-05-27,0.0,0,5.35
2009-04-08,0.0,0,0
2012-07-07,0.0,0,1.4
2010-10-26,2.8,0,8.850000000000001
2010-12-26,2.2,0,15.350000000000001
2016-12-25,3.6,0,18.3
2017-05-23,0.0,0,6.3
2013-06-21,0.0,0,1.1500000000000001
2013-07-16,17.8,0,4.800000000000001
2016-07-14,1.0,0,-4.1
2009-08-02,0.0,0,0.09999999999999998
2016-11-17,0.0,0,15.35
2016-05-09,50.8,0,10.1
2011-02-02,0.2,0,18.9
2012-03-06,0.4,0,0
2010-08-31,0,0,3.95
2016-01-01,0.0,0,20.5
2012-02-22,3.4,0,11.25
2016-08-09,0.0,0,5.0
2012-04-07,0.2,0,11.7
2016-12-10,0.0,0,11.899999999999999
2016-03-06,1.6,0,21.85
2010-03-20,0.0,0,15.350000000000001
2014-08-11,0.0,0,-4.05
2016-08-05,0.0,0,1.3
2009-03-19,0.0,0,0
2013-01-01,0.0,0,17.3
2009-09-24,0,0,0
2010-09-10,13.0,0,1.15
2011-08-21,0,0,0
2009-02-07,0.0,0,0
2015-10-29,0.0,0,11.45
2013-01-07,0.6,0,24.049999999999997
2013-04-27,0.0,0,12.350000000000001
2011-07-16,0.0,0,0
2013-04-02,0.4,0,10.45
2014-02-26,0.6,0,12.25
2011-11-05,0.0,0,16.45
2011-07-28,0.0,0,2.1999999999999997
2012-02-09,1.0,0,0
2014-10-03,0.0,0,11.3
2016-01-10,0.0,0,19.799999999999997
2012-01-21,25.8,0,14.55
2017-04-16,0.0,0,7.7
2013-05-31,5.2,0,6.0
2010-02-07,1.0,0,13.0
2015-10-09,0.0,0,14.85
2012-09-02,1.8,0,3.15
2010-07-15,23.2,0,-2.95
2012-10-03,0.0,0,12.8
2010-01-01,20.4,0,15.35
2016-09-12,0.0,0,6.65
2015-12-12,0.0,0,11.7
2010-09-05,68.6,0,0.0
2017-03-12,0.0,0,17.25
2013-08-03,2.2,0,-1.9999999999999998
2013-07-06,0.2,0,-2.3
2017-05-10,0.0,0,6.75
2014-03-12,15.4,0,13.35
2011-02-08,0.0,0,12.8
2014-04-19,0.0,0,5.6
2011-01-18,0.0,0,13.45
2015-05-02,0.2,0,8.3
2017-05-18,0.0,0,8.7
2014-08-13,0.0,0,3.35
2009-06-23,0.0,0,0
2010-10-07,6.0,0,7.8
2010-05-28,0.0,0,3.7
2014-01-06,0.0,0,10.25
2015-10-16,0.0,0,16.65
2013-03-24,0.2,0,11.3
2009-02-25,0.0,0,17.3
2014-06-18,0.0,0,6.199999999999999
2015-01-01,0.0,0,17.8
2012-02-17,30.6,0,16.6
2015-11-24,0.0,0,13.3
2016-08-03,0.4,0,0.2
2014-12-27,0.0,0,9.1
2014-04-29,0.0,0,8.75
2016-10-08,0.6,0,11.95
2014-03-08,0.0,0,13.95
2009-03-03,0.2,0,13.25
2011-05-28,0.0,0,3.8499999999999996
2011-06-26,0.0,0,1.4
2015-06-01,4.4,0,-4.95
2017-05-25,0.2,0,6.300000000000001
2014-04-08,0.0,0,9.95
2012-09-14,4.4,0,0.3999999999999999
2012-09-24,0.0,0,4.1
2009-12-05,0.0,0,12.55
2009-03-25,0.0,0,15.0
2013-11-07,0.0,0,16.6
2009-11-27,16.8,0,9.25
2011-12-30,0.2,0,11.6
2010-10-21,0.0,0,11.7
2014-06-01,5.0,0,4.35
2014-02-04,0.2,0,13.35
2012-02-03,10.0,0,0
2011-10-02,6.8,0,0
2017-02-03,0.0,0,16.549999999999997
2009-02-11,0.2,0,0
2013-03-02,0.0,0,6.3
2010-11-16,1.0,0,7.65
2008-12-18,12.0,0,0
2009-04-07,0.0,0,9.45
2017-03-23,2.4,0,9.350000000000001
2011-10-20,0.0,0,12.75
2012-10-02,0.0,0,12.15
2012-06-26,5.4,0,0
2010-12-14,0.0,0,11.3
2016-05-13,0.8,0,6.25
2013-11-21,0.0,0,15.0
2009-06-08,10.2,0,-0.4
2009-01-01,0.0,0,12.5
2014-09-05,0.0,0,1.8499999999999999
2012-05-08,0.0,0,6.6499999999999995
2016-01-30,37.0,0,10.55
2014-09-07,0.0,0,5.6
2009-08-25,5.4,0,-3.5
2014-05-06,0.0,0,4.1
2012-07-31,0.0,0,0
2014-05-08,0.0,0,4.1
2016-05-02,0.0,0,2.1
2014-09-21,0.0,0,7.75
2009-06-25,3.2,0,-1.15
2011-12-09,0.6,0,13.0
2014-10-15,2.6,0,0.5
2014-06-23,0.0,0,0.55
2012-07-24,0.0,0,5.7
2009-01-10,0.0,0,0
2014-04-13,0.0,0,8.85
2014-06-06,0.0,0,3.75
2014-09-08,0.0,0,6.0
2014-08-14,0.0,0,3.9499999999999997
2010-10-02,0.0,0,4.25
2016-09-19,10.0,0,3.55
2009-01-19,0.0,0,0
2012-04-04,0.0,0,16.05
2012-11-22,0.0,0,12.649999999999999
2010-10-15,25.2,0,10.45
2013-05-15,0.2,0,0
2013-12-09,0.0,0,16.4
2012-04-08,0.0,0,0
2011-10-29,5.6,0,0
2011-07-24,0.0,0,-1.6
2010-01-23,0.0,0,21.3
2011-12-23,5.4,0,13.65
2017-03-18,0.0,0,10.25
2013-01-03,0.0,0,19.9
2016-10-17,13.4,0,1.55
2014-12-29,3.4,0,11.9
2010-12-11,0.0,0,9.6
2014-03-25,4.4,0,8.9
2017-04-02,0.0,0,7.6
2016-02-19,0.0,0,16.35
2014-12-17,0.4,0,14.0
2010-12-16,2.4,0,12.15
2014-02-20,14.2,0,6.1
2012-03-25,0.2,0,0
2017-04-18,0.0,0,11.95
2014-09-19,0.0,0,5.1
2013-03-12,0.2,0,0
2014-03-09,0.8,0,11.25
2011-02-14,0.0,0,11.45
2014-12-07,26.4,0,10.8
2014-06-15,17.8,0,0.8
2013-11-28,0.0,0,16.85
2013-01-18,0.0,0,23.6
2015-10-25,0.0,0,13.95
2013-04-04,0.2,0,0
2011-06-17,0.0,0,0
2010-09-19,0.0,0,7.699999999999999
2014-05-21,1.8,0,6.3
2012-10-14,0.0,0,5.65
2008-12-03,0.0,0,12.0
2010-11-07,1.8,0,7.3
2010-08-01,0,0,0
2010-08-21,1.8,0,-2.7
2013-07-24,0.0,0,3.75
2011-01-22,1.0,0,16.0
2016-10-09,0.0,0,8.850000000000001
2012-04-22,0.2,0,0
2015-01-29,0.0,0,7.0
2013-03-03,0.0,0,0
2016-02-02,1.6,0,14.25
2013-03-19,0.0,0,0
2014-04-07,0.2,0,7.85
2013-05-29,0.0,0,4.45
2011-06-29,0.0,0,0
2016-09-09,0.0,0,5.5
2013-04-29,0.0,0,8.75
2014-09-09,0.0,0,5.2
2011-11-08,15.4,0,0
2012-06-27,4.0,0,0
2010-01-19,0.2,0,9.85
2014-08-04,0.0,0,0.8500000000000001
2009-06-22,0.8,0,0
2010-12-30,0.0,0,19.1
2016-11-06,0.0,0,6.35
2012-05-20,0.0,0,4.6
2014-10-06,0.0,0,16.05
2011-07-31,0.0,0,0
2012-06-11,0.4,0,0
2010-10-31,48.8,0,8.85
2017-01-06,1.2,0,17.45
2008-12-30,0.0,0,6.95
2014-07-17,4.8,0,-1.7
2009-03-14,4.0,0,11.8
2009-10-18,9.2,0,0
2016-11-30,0.0,0,17.15
2014-10-26,0.0,0,16.200000000000003
2008-12-01,0.4,0,0
2010-05-14,0.0,0,0
2011-01-19,0.2,0,13.75
2014-07-05,1.8,0,-1.2000000000000002
2012-11-17,0.0,0,0
2010-06-25,1.4,0,4.1
2017-04-19,0.0,0,11.45
2011-01-14,6.8,0,12.55
2016-06-09,18.8,0,2.55
2013-03-26,0.0,0,14.45
2017-01-31,0.0,0,19.0
2012-02-08,0.6,0,0
2011-12-14,0.2,0,7.7
2010-11-08,2.4,0,9.2
2011-07-13,0.0,0,0
2016-01-27,2.4,0,11.649999999999999
2015-12-11,0.0,0,13.3
2012-07-22,0.4,0,1.5
2009-08-21,0.0,0,2.85
2009-05-18,0.0,0,5.9
2009-02-20,0.2,0,17.700000000000003
2012-11-02,1.6,0,8.05
2011-07-02,0.0,0,0
2012-03-08,1.4,0,0
2016-04-26,0.0,0,14.100000000000001
2013-03-25,0.0,0,13.5
2013-08-19,6.4,0,-3.05
2009-07-28,0.2,0,-0.9
2014-11-19,0.0,0,14.25
2017-01-20,4.0,0,14.95
2016-08-27,0.0,0,2.0
2010-02-09,0.2,0,18.3
2014-12-26,0.0,0,11.55
2015-08-06,3.6,0,-2.9000000000000004
2011-02-03,102.2,0,18.75
2015-04-24,7.2,0,6.9
2009-11-16,0,0,0
2015-04-22,0.0,0,5.3
2011-05-08,0.0,0,1.9
2010-04-16,0,0,0
2013-06-15,0.4,0,1.15
2009-10-29,9.8,0,0
2014-05-23,0.0,0,6.8999999999999995
2013-11-13,0.2,0,4.15
2014-01-21,0.0,0,14.3
2013-09-04,0.0,0,11.35
2015-06-13,0.0,0,6.699999999999999
2010-12-20,21.0,0,1.3
2017-05-15,7.4,0,4.95
2010-08-16,12.2,0,-1.75
2016-05-29,0.2,0,0.3500000000000001
2014-02-22,0.0,0,13.649999999999999
2010-12-10,2.2,0,9.75
2016-11-29,0.0,0,14.100000000000001
2012-08-30,0.8,0,-2.2
2014-12-03,0.0,0,14.05
2017-06-22,0.0,0,2.45
2014-11-09,0.0,0,19.8
2012-06-28,1.4,0,0
2009-12-15,0.2,0,17.6
2014-05-18,0.0,0,6.949999999999999
2014-05-15,0.0,0,6.65
2012-09-09,5.8,0,0
2016-08-08,0.2,0,2.35
2014-05-20,0.0,0,6.4
2016-02-04,13.2,0,11.25
2011-02-01,0.0,0,22.35
2009-09-08,11.0,0,0
2012-02-28,39.2,0,0
2012-09-27,0.0,0,11.7
2015-04-12,0.0,0,9.15
2015-07-22,2.0,0,0.8500000000000001
2016-05-14,0.0,0,10.3
2012-11-03,0.2,0,0
2009-01-03,0.0,0,0
2014-01-11,1.4,0,18.25
2010-03-26,0.0,0,16.05
2011-07-08,1.6,0,-0.8
2017-02-05,0.0,0,18.450000000000003
2009-09-25,0.0,0,6.699999999999999
2015-08-04,0.0,0,-3.25
2015-09-04,1.6,0,4.6
2011-09-18,0.0,0,12.95
2015-09-22,1.4,0,-0.09999999999999998
2010-02-13,11.0,0,12.05
2012-05-23,0.2,0,3.85
2015-02-27,2.2,0,15.649999999999999
2013-04-18,0.2,0,7.199999999999999
2009-03-10,0.4,0,0
2012-10-08,0.2,0,3.1
2016-07-01,11.2,0,-2.1
2016-02-01,26.2,0,8.7
2013-06-04,0.0,0,6.9
2010-03-01,0,0,0
2014-03-01,0.2,0,10.05
2009-10-27,0.0,0,0
2012-10-25,0.0,0,13.35
2011-09-03,0.0,0,8.2
2011-03-19,0.4,0,0
2015-11-30,0.0,0,13.8
2014-07-08,0.0,0,-1.7
2015-12-25,0.0,0,12.8
2010-08-03,4.8,0,1.45
2011-05-04,2.6,0,0
2017-02-15,0.0,0,13.4
2013-10-01,0.0,0,5.1499999999999995
2016-03-09,0.0,0,17.95
2016-02-06,0.0,0,12.350000000000001
2016-08-19,0.0,0,5.0
2016-08-10,6.8,0,2.55
2017-06-11,0.0,0,5.7
2009-01-02,0.0,0,11.149999999999999
2014-10-30,0.0,0,12.1
2012-05-18,0.0,0,6.35
2012-09-03,0.2,0,5.199999999999999
2014-01-22,0.0,0,15.2
2009-02-14,0.0,0,7.0
2014-07-30,2.6,0,2.65
2013-09-21,4.0,0,5.6
2013-05-05,0.0,0,6.35
2016-04-28,0.0,0,11.600000000000001
2015-02-09,0.0,0,11.8
2015-01-09,5.4,0,17.700000000000003
2009-11-13,0,0,0
2011-09-11,0.0,0,-0.050000000000000044
2016-09-22,13.8,0,2.8
2014-11-12,0.0,0,15.6
2012-07-25,0.2,0,0
2012-08-12,0.0,0,3.15
2015-01-31,0.0,0,9.7
2016-04-06,0.0,0,15.85
2009-12-19,0.0,0,14.5
2015-05-09,0.0,0,1.65
2014-09-24,0.0,0,10.15
2011-10-11,0.0,0,2.75
2016-05-18,0.0,0,6.5
2016-05-25,0.0,0,3.45
2011-11-10,23.2,0,0
2015-04-01,0.0,0,13.25
2010-08-15,5.8,0,0.05
2016-08-13,0.0,0,0.9
2013-04-14,0.0,0,13.3
2009-09-17,0.0,0,11.05
2011-02-20,33.2,0,13.0
2015-05-14,0.0,0,0.9499999999999997
2016-12-03,0.0,0,16.6
2015-01-18,0.0,0,14.350000000000001
2016-07-07,3.4,0,1.85
2010-07-29,13.4,0,2.35
2015-01-30,0.0,0,8.1
2013-11-03,0.0,0,11.85
2014-07-22,0.0,0,2.2
2016-10-07,0.0,0,9.65
2011-09-14,0.0,0,0
2009-04-02,1.0,0,0
2016-06-12,0.0,0,3.9
2011-02-18,0,0,0
2009-07-07,0,0,0
2015-01-26,0.0,0,9.9
2015-07-25,10.6,0,-0.95
2011-08-02,0.0,0,6.699999999999999
2012-08-08,2.0,0,1.7499999999999998
2010-10-18,0.0,0,3.85
2011-01-15,14.8,0,18.3
2015-05-16,0.0,0,8.5
2015-04-20,3.4,0,0.24999999999999994
2009-12-06,0.0,0,16.15
2014-12-12,0.4,0,8.65
2014-10-20,0.0,0,10.8
2015-03-04,0.0,0,15.2
2012-03-20,0.2,0,0
2014-07-12,0.6,0,-1.4
2017-05-30,1.8,0,-0.65
2016-04-14,0.0,0,11.649999999999999
2016-11-07,0.0,0,11.65
2015-06-26,0.0,0,5.4
2009-12-09,2.6,0,10.9
2010-09-06,2.2,0,-0.35000000000000003
2013-03-20,0.2,0,9.95
2014-07-18,12.0,0,0
2014-05-05,0.0,0,1.4
2011-01-03,0.0,0,14.25
2013-12-06,13.8,0,3.5999999999999996
2008-12-05,3.0,0,0
2009-06-27,0,0,0
2014-07-01,0.4,0,-1.4500000000000002
2014-07-07,1.0,0,-0.2
2010-11-29,47.4,0,5.800000000000001
2009-11-25,0.4,0,19.700000000000003
2013-04-03,0.2,0,0
2013-04-20,0.6,0,0
2016-10-28,0.0,0,7.3
2017-02-10,0.0,0,24.05
2011-01-30,0.0,0,19.15
2012-03-17,5.2,0,0
2009-01-31,0.0,0,0
2012-08-15,0.0,0,2.0
2014-01-26,0.0,0,11.25
2011-03-02,0.0,0,0
2012-11-12,0.0,0,11.45
2016-06-17,2.8,0,4.5
2015-11-09,0.0,0,15.9
2009-11-01,27.2,0,0
2013-07-31,0.0,0,4.5
2012-09-22,0.0,0,9.25
2014-07-03,0.0,0,4.550000000000001
2013-08-14,0.4,0,2.9
2013-12-30,0.0,0,15.100000000000001
2015-12-22,0.0,0,10.45
2010-11-19,0.0,0,8.25
2015-10-05,0.0,0,17.95
2015-06-09,0.0,0,2.0999999999999996
2012-05-27,0,0,0
2016-03-11,12.0,0,13.85
2012-11-15,0.0,0,11.8
2014-09-16,1.4,0,3.9000000000000004
2017-06-01,0.0,0,4.15
2014-02-28,0.0,0,9.05
2010-05-23,0.0,0,2.0
2011-03-21,12.2,0,0
2013-09-25,0.0,0,12.149999999999999
2014-05-07,0.0,0,3.3
2015-08-21,0.0,0,5.1
2012-01-07,0.2,0,15.4
2014-12-15,0.0,0,18.85
2016-05-08,1.6,0,7.800000000000001
2009-06-14,0.0,0,1.55
2015-04-28,0.0,0,3.9
2011-10-09,1.0,0,0
2010-10-14,48.0,0,8.9
2016-11-21,8.4,0,18.950000000000003
2016-10-14,0.0,0,6.6499999999999995
2011-06-01,0.0,0,0
2017-05-16,0.0,0,5.2
2011-02-23,0.0,0,14.25
2016-01-05,18.4,0,8.2
2015-04-15,0.0,0,10.7
2014-09-15,0.0,0,6.9
2016-08-15,0.0,0,7.6000000000000005
2012-03-19,0.6,0,0
2014-09-30,0.0,0,11.95
2017-03-19,0.0,0,13.75
2009-08-04,0.0,0,-0.8
2015-12-14,0.0,0,17.299999999999997
2010-03-06,26.8,0,15.0
2012-01-13,0.0,0,13.149999999999999
2013-08-26,0.0,0,5.4
2014-06-05,0.0,0,4.15
2012-02-07,0.0,0,0
2010-10-06,0.2,0,12.05
2009-03-30,0.0,0,0
2009-04-20,0.0,0,0
2011-09-23,0.0,0,11.95
2016-07-23,50.4,0,-3.3499999999999996
2013-05-12,0.2,0,7.25
2015-11-18,0.0,0,15.95
2011-11-12,0.0,0,12.700000000000001
2010-12-17,0.0,0,9.05
2017-04-05,0.0,0,8.5
2013-10-02,10.0,0,3.8000000000000003
2010-05-03,0.0,0,0
2013-09-26,0.0,0,3.65
2011-08-29,0.0,0,2.6
2014-10-16,0.4,0,5.15
2017-03-28,13.8,0,15.7
2015-07-28,0.0,0,-1.75
2011-08-17,0.2,0,0
2017-05-28,1.4,0,1.7
2013-06-02,35.4,0,2.5
2009-07-09,0.0,0,0.75
2015-09-08,1.4,0,-0.30000000000000004
2012-01-25,0.0,0,14.85
2011-12-18,2.2,0,11.95
2014-09-02,0.8,0,-1.65
2011-09-02,0.0,0,6.65
2016-10-24,0.0,0,8.0
2009-04-29,0.8,0,0.5499999999999999
2010-07-25,0,0,0
2016-08-11,0.2,0,-0.15000000000000013
2016-12-02,0.0,0,15.8
2014-05-31,0.0,0,5.5
2017-05-06,0.6,0,5.7
2014-11-27,0.0,0,10.75
2013-07-09,0.0,0,-0.7000000000000001
2012-07-12,9.2,0,0
2013-12-20,0.0,0,23.549999999999997
2010-06-05,0,0,0
2016-12-29,0.8,0,14.75
2016-06-15,0.0,0,7.75
2016-08-29,0.0,0,3.6500000000000004
2009-08-20,0.0,0,0
2009-06-02,1.0,0,3.45
2012-10-10,3.2,0,2.9
2017-03-21,7.2,0,13.55
2012-09-15,0.8,0,7.3
2016-01-16,0.2,0,10.45
2015-09-20,0.0,0,7.050000000000001
2011-11-26,82.4,0,0
2009-04-09,0.0,0,12.25
2016-12-15,4.6,0,7.550000000000001
2011-11-11,6.8,0,10.25
2017-05-08,0.0,0,0.5999999999999999
2016-01-13,0.0,0,23.950000000000003
2014-12-09,0.0,0,15.25
2010-12-07,4.6,0,12.1
2016-01-31,48.6,0,5.25
2014-06-17,0,0,1.7999999999999998
2010-05-12,0.0,0,1.0
2009-11-21,0.0,0,16.65
2014-10-07,19.2,0,6.6000000000000005
2015-05-28,1.0,0,4.4
2011-08-01,0.2,0,4.95
2017-02-11,0.0,0,25.3
2014-11-06,0.0,0,10.600000000000001
2013-05-04,0.4,0,7.6
2014-04-27,0.0,0,5.1
2016-04-09,0.0,0,11.05
2013-09-06,0.0,0,10.95
2011-12-15,0.4,0,0
2010-05-22,0.0,0,2.4000000000000004
2012-11-30,0.0,0,19.4
2016-06-22,18.6,0,-0.09999999999999999
2009-03-20,0.0,0,0
2008-12-02,0.4,0,10.649999999999999
2016-04-25,0.0,0,12.649999999999999
2015-04-27,0.0,0,4.8
2010-06-13,0.0,0,2.25
2010-05-27,0.8,0,3.25
2009-01-08,0.0,0,0
2012-10-07,15.6,0,4.3999999999999995
2009-12-25,25.4,0,12.25
2014-11-30,2.8,0,14.05
2012-03-11,0.2,0,0
2012-08-09,0.2,0,0
2015-12-20,0.0,0,21.65
2012-10-29,0.0,0,12.75
2013-03-18,0.0,0,8.45
2010-06-10,4.4,0,-3.0
2014-03-05,0.6,0,12.100000000000001
2012-06-20,0.0,0,2.85
2009-12-04,0.0,0,16.2
2010-11-01,0.0,0,6.4
2016-08-23,3.6,0,0.3999999999999999
2017-05-03,0.0,0,2.45
2011-11-17,0.2,0,0
2016-11-28,0.0,0,14.95
2014-07-25,2.4,0,3.0
2010-02-16,2.0,0,12.25
2017-06-12,0.0,0,3.6999999999999997
2016-05-11,4.6,0,0.25
2008-12-25,0.0,0,0
2010-08-13,0,0,2.6999999999999997
2014-06-02,8.2,0,2.9
2012-05-03,15.8,0,3.15
2016-05-15,0.0,0,7.8500000000000005
2013-12-23,0.0,0,13.25
2016-10-16,0.0,0,9.4
2008-12-16,0.0,0,10.45
2014-12-28,0.0,0,13.45
2011-05-05,0.0,0,7.300000000000001
2014-03-11,0.2,0,14.9
2012-02-18,6.4,0,0
2016-01-03,0.4,0,10.65
2012-03-22,0.2,0,0
2011-08-22,0.0,0,4.0
2016-08-17,0.2,0,2.65
2016-12-26,0.0,0,16.05
2010-01-16,0.0,0,15.149999999999999
2009-10-25,0.0,0,8.4
2015-02-18,3.6,0,15.100000000000001
2013-01-05,0.0,0,24.5
2012-04-11,0.4,0,5.25
2016-06-27,0.0,0,-0.15000000000000002
2010-05-04,0.0,0,8.5
2009-03-28,0.2,0,0
2015-08-26,5.6,0,2.0
2014-07-10,12.4,0,-3.0
2014-08-23,0.0,0,4.949999999999999
2013-06-29,0.0,0,2.1
2016-06-23,1.2,0,-1.1
2016-03-05,0.0,0,17.6
2015-08-12,0.0,0,-2.4
2015-12-09,2.6,0,15.05
2014-08-12,0.0,0,0.7499999999999999
2010-04-14,0.0,0,0
2016-04-19,0.0,0,11.55
2013-09-10,0.4,0,6.35
2014-04-04,35.0,0,7.9
2017-05-22,0.0,0,7.65
2012-08-27,1.2,0,3.25
2011-01-29,0.0,0,15.3
2013-09-01,0.0,0,10.85
2013-07-03,0.0,0,5.45
2010-05-26,6.0,0,3.5
2012-10-19,0.0,0,13.6
2013-11-06,0.0,0,15.25
2013-08-31,0.2,0,6.4
2011-12-16,2.2,0,11.2
2016-06-14,0.0,0,3.8499999999999996
2014-08-21,0.0,0,2.35
2017-04-23,0.0,0,9.5
2013-11-23,0.0,0,11.0
2013-12-05,6.8,0,1.6500000000000001
2009-09-05,0.2,0,0
2009-10-02,0.0,0,0
2016-06-19,1.8,0,4.2
2010-05-19,0.0,0,5.9
2012-02-24,0.0,0,17.75
2014-12-24,16.4,0,14.3
2008-12-17,0.0,0,9.8
2010-10-01,0.0,0,5.2
2008-12-28,11.0,0,0
2016-12-12,0.0,0,16.6
2011-08-15,1.8,0,2.5
2015-08-17,0.2,0,-0.4
2011-10-19,0.0,0,13.3
2014-10-12,0.0,0,15.1
2015-07-26,0.6,0,-1.7
2015-04-25,4.8,0,3.8499999999999996
2014-08-16,0.0,0,1.85
2010-01-31,0.2,0,14.5
2012-09-11,0.0,0,8.0
2016-04-15,0.0,0,12.3
2009-09-11,0,0,0
2010-09-04,24.6,0,7.15
2011-01-25,0.0,0,16.450000000000003
2013-07-19,16.6,0,4.55
2013-10-27,0.0,0,8.1
2014-08-30,0.0,0,4.85
2009-08-07,0.0,0,0.0
2009-04-13,0.2,0,0
2011-03-08,0.0,0,12.0
2012-09-20,0.4,0,8.15
2014-05-28,20.0,0,2.5
2012-01-30,45.0,0,0
2008-12-13,46.0,0,0
2009-10-16,9.4,0,0
2009-05-22,0.8,0,4.15
2016-08-24,0.0,0,0.15
2010-05-01,0.0,0,8.0
2009-10-30,3.8,0,0
2014-08-17,6.2,0,1.1
2017-04-07,0.0,0,10.149999999999999
2011-12-04,1.4,0,10.2
2013-10-15,0.0,0,5.3999999999999995
2016-03-28,0.0,0,11.15
2010-08-26,20.4,0,-2.95
2013-10-31,0.0,0,12.15
2013-03-14,0.2,0,17.05
2017-06-04,0.0,0,3.05
2015-05-04,0.0,0,11.4
2012-08-02,0.0,0,-0.7999999999999999
2009-12-03,0.0,0,13.85
2015-03-31,0.0,0,12.75
2014-02-10,0.0,0,24.950000000000003
2017-03-26,0.4,0,14.7
2016-10-25,0.0,0,9.05
2011-05-12,3.6,0,-3.4
2011-11-02,0.0,0,7.65
2010-08-10,0,0,0
2014-11-07,0.0,0,13.549999999999999
2013-10-21,0.0,0,16.45
2010-02-23,0.8,0,13.8
2012-09-12,0.0,0,7.75
2015-07-27,7.0,0,-4.75
2015-11-16,0.0,0,9.149999999999999
2015-04-29,0.0,0,4.5
2015-09-14,0.0,0,10.6
2016-05-28,1.4,0,0.3
2015-09-01,0.0,0,5.05
2015-08-10,0.0,0,-0.44999999999999996
2015-04-08,50.4,0,2.45
2015-04-10,0.0,0,6.85
2016-12-30,15.0,0,16.3
2013-03-29,12.6,0,7.300000000000001
2012-06-21,0.4,0,0
2015-05-26,0.0,0,6.199999999999999
2010-05-31,13.8,0,2.85
2010-04-12,0.6,0,2.3
2012-08-03,0.0,0,0
2015-12-03,0.0,0,12.55
2016-03-13,7.4,0,18.75
2012-04-27,0.0,0,9.15
2016-07-02,0.2,0,-0.95
2015-03-09,0.0,0,14.65
2016-11-08,0.0,0,15.35
2011-02-04,0.0,0,19.799999999999997
2015-02-23,0.0,0,19.3
2015-04-19,6.6,0,3.35
2015-06-29,0.0,0,6.35
2013-06-25,27.2,0,0.2
2015-08-30,0.0,0,1.9500000000000002
2014-02-14,18.8,0,15.8
2013-03-11,0.0,0,15.25
2014-04-23,1.2,0,7.300000000000001
2011-07-06,11.0,0,0
2008-12-22,0.0,0,0
2016-11-15,2.6,0,7.35
2013-01-21,0.2,0,20.45
2009-01-28,0.0,0,0
2013-08-23,11.6,0,0.35000000000000003
2012-06-18,0,0,0
2011-10-30,2.8,0,5.3
2013-08-15,7.6,0,-0.6000000000000001
2009-10-31,11.0,0,0
2016-03-04,0.4,0,18.45
2012-10-31,0.0,0,15.55
2014-10-27,0.0,0,10.75
2015-10-14,0.0,0,13.2
2013-12-22,0.0,0,21.55
2014-11-13,0.0,0,17.6
2015-11-02,51.0,0,10.75
2017-02-01,0.0,0,15.9
2013-07-28,0.0,0,3.0999999999999996
2016-05-01,7.4,0,6.3
2015-02-03,0.0,0,12.2
2016-06-01,0.2,0,2.3
2014-06-04,1.2,0,5.699999999999999
2016-09-28,0.0,0,6.25
2013-09-13,0.0,0,0.35
2015-09-15,1.6,0,4.75
2010-07-09,0,0,0
2015-03-05,0.0,0,9.2
2009-02-03,0.2,0,19.65
2015-10-15,0.0,0,15.3
2009-07-05,0.6,0,-2.0999999999999996
2012-09-29,48.8,0,0
2013-12-25,0.0,0,11.600000000000001
2010-02-15,24.2,0,11.350000000000001
2012-02-29,48.2,0,0
2014-11-22,0.0,0,17.45
2012-07-06,3.0,0,-0.19999999999999996
2011-10-16,0.0,0,6.15
2014-12-23,11.4,0,14.7
2015-02-22,0.8,0,16.55
2012-05-19,0.0,0,4.5
2013-05-25,0.0,0,5.8
2009-06-06,0,0,0
2009-02-06,0.0,0,0
2014-07-27,1.2,0,1.5
2009-09-22,25.0,0,0
2011-09-01,0.0,0,5.75
2012-10-04,0.0,0,12.95
2009-02-27,0.0,0,17.1
2017-05-29,9.0,0,-3.05
2011-09-09,0.0,0,-2.0
2009-07-16,2.4,0,-1.5
2010-05-06,0.6,0,1.3499999999999999
2013-10-03,7.8,0,0.8
2012-06-10,0.2,0,0.8999999999999999
2014-05-09,0.0,0,4.55
2009-11-22,2.2,0,15.3
2012-07-13,23.4,0,0
2010-01-26,0.0,0,19.8
2014-01-14,0.0,0,24.75
2016-04-03,0.0,0,10.45
2014-03-18,0.0,0,11.9
2009-04-04,15.0,0,0
2012-07-05,2.0,0,-1.45
2009-08-16,0.0,0,3.75
2015-08-29,0.0,0,1.2999999999999998
2011-08-23,0.0,0,10.899999999999999
2009-10-01,0.0,0,0
2010-09-25,0.0,0,5.550000000000001
2011-11-18,0.2,0,16.4
2009-02-04,3.0,0,0
2011-07-03,0.0,0,1.85
2014-01-13,0.0,0,20.8
2013-03-01,12.4,0,0
2016-02-18,0.0,0,15.399999999999999
2009-11-28,0.0,0,15.149999999999999
2014-09-10,24.2,0,3.45
2014-12-14,0.0,0,14.45
2016-05-22,0.0,0,9.8
2013-12-24,2.0,0,11.850000000000001
2009-11-23,0.4,0,8.35
2016-04-07,0.0,0,12.100000000000001
2014-08-07,0.0,0,4.85
2013-07-30,11.8,0,2.45
2015-05-27,0.0,0,3.35
2009-08-31,2.4,0,-0.30000000000000004
2014-09-01,0.0,0,5.550000000000001
2012-08-26,0,0,0
2012-02-19,0.2,0,15.35
2010-06-26,28.2,0,0.75
2010-12-24,0.2,0,14.05
2014-05-12,0.2,0,7.550000000000001
2013-04-28,0.2,0,10.3
2014-06-22,1.6,0,3.8
2015-06-03,0.0,0,1.1
2011-05-06,0.0,0,6.05
2013-09-14,21.4,0,5.05
2010-10-08,0.2,0,7.35
2017-03-20,3.4,0,16.35
2015-01-27,0.0,0,8.399999999999999
2016-05-04,0.6,0,4.1
2009-07-21,0.0,0,3.5
2013-06-18,0.0,0,0.24999999999999994
2009-01-13,0.2,0,19.05
2014-06-27,1.6,0,0.44999999999999996
2012-01-08,2.0,0,0
2010-05-24,0.0,0,2.9
2010-06-18,16.4,0,-1.25
2016-07-16,2.6,0,7.35
2011-05-13,1.0,0,0
2015-06-17,32.4,0,4.4
2010-10-10,0.0,0,5.7
2015-07-01,0.0,0,2.0
2016-05-07,0.0,0,12.0
2009-08-29,3.6,0,5.0
2014-06-20,0.0,0,2.65
2014-03-24,0.0,0,7.65
2016-04-11,0.0,0,10.350000000000001
2012-02-05,0.0,0,16.65
2015-01-14,22.4,0,11.55
2013-04-17,5.6,0,9.35
2015-09-25,0.0,0,2.45
2011-07-27,0.0,0,2.5
2016-07-29,0.0,0,-1.1
2016-05-20,0.0,0,6.0
2013-07-08,0.2,0,-0.5
2009-09-26,13.0,0,-3.2
2012-02-10,11.0,0,0
2015-09-30,0.0,0,9.350000000000001
2016-08-16,0.0,0,4.75
2016-12-14,0.0,0,13.9
2014-12-30,2.6,0,10.5
2009-10-24,0.0,0,0
2015-11-28,0.0,0,12.05
2009-09-12,0.0,0,10.95
2012-02-06,0.2,0,15.25
2013-01-12,0.0,0,21.5
2015-07-11,11.4,0,0.75
2012-03-30,0.2,0,11.9
2015-09-02,0.0,0,6.449999999999999
2016-11-11,0.0,0,13.5
2016-03-15,3.6,0,11.05
2012-02-01,0.2,0,0
2010-11-06,1.0,0,4.8
2015-12-01,0.0,0,18.8
2011-05-25,0.2,0,-0.4
2012-10-16,0.0,0,11.350000000000001
2013-06-12,0.0,0,3.55
2014-10-21,0.0,0,5.95
2009-03-05,0.0,0,0
2015-01-25,4.6,0,15.0
2011-06-27,0.0,0,2.8000000000000003
2011-08-04,0.0,0,0
2013-03-04,0.0,0,0
2013-04-16,2.2,0,0
2014-03-30,0.0,0,10.3
2014-02-07,0.0,0,20.1
2011-07-19,1.8,0,0
2016-01-14,0.2,0,15.95
2014-03-23,0.0,0,10.75
2009-08-27,0.0,0,2.1
2010-03-19,0.0,0,14.75
2012-08-10,4.6,0,0.4
2011-03-31,2.2,0,0
2011-10-04,0.0,0,5.9
2015-10-19,0.2,0,14.25
2013-01-14,5.2,0,7.85
2011-10-01,3.0,0,0
2013-11-02,0.0,0,12.75
2015-10-13,0.0,0,8.0
2014-05-22,0.0,0,8.1
2015-03-28,0.0,0,10.5
2017-05-19,0.0,0,5.55
2015-06-30,0.0,0,0.5499999999999999
2015-10-27,0.0,0,4.6000000000000005
2009-07-02,29.0,0,-1.35
2015-04-06,2.4,0,6.300000000000001
2009-12-08,0.0,0,18.85
2015-06-12,0.0,0,9.55
2010-11-17,0.0,0,10.95
2009-07-31,2.6,0,0.55
2011-12-12,13.6,0,13.0
2010-11-21,0.0,0,13.8
2015-04-26,3.0,0,4.25
2012-05-12,0.0,0,1.2999999999999998
2014-07-29,0.0,0,3.05
2015-09-28,0.0,0,7.5
2016-03-14,0.0,0,17.95
2015-08-14,0.0,0,2.25
2009-06-11,1.0,0,-0.65
2014-08-10,0.0,0,1.15
2013-10-19,0.0,0,12.75
2013-11-05,0.0,0,12.5
2010-08-07,0,0,0
2010-10-27,0.0,0,10.6
2016-09-02,0.0,0,2.6500000000000004
2016-10-15,0.0,0,9.45
2011-02-19,3.4,0,14.6
2017-06-10,1.6,0,3.6
2011-12-13,0.6,0,0
2014-05-14,0.0,0,6.300000000000001
2014-02-23,0.0,0,15.05
2013-03-22,32.2,0,0
2009-04-03,2.0,0,13.0
2011-01-02,4.2,0,18.799999999999997
2015-12-29,0.0,0,16.15
2011-12-03,0.2,0,10.0
2016-12-18,0.0,0,11.6
2013-08-06,6.6,0,-0.45
2010-09-07,4.4,0,-0.35
2013-11-12,31.6,0,6.699999999999999
2016-10-12,0.0,0,0.8499999999999999
2015-04-21,0.0,0,1.0999999999999999
2017-01-04,0.0,0,12.0
2010-08-11,32.2,0,-2.05
2012-10-30,0.0,0,12.95
2010-04-10,0,0,0
2012-04-19,23.8,0,0
2014-11-10,0.0,0,16.75
2016-04-10,0.0,0,9.2
2014-01-18,0.0,0,25.549999999999997
2015-09-03,10.6,0,0.9
2011-06-22,0,0,0
2013-06-28,0.0,0,3.6500000000000004
2016-07-15,0.2,0,4.35
2014-08-27,0.6,0,1.8
2013-11-09,6.0,0,9.2
2013-01-11,0.0,0,19.35
2015-10-12,0.4,0,11.899999999999999
2010-10-22,0.0,0,11.850000000000001
2015-09-29,0.0,0,8.7
2010-01-02,2.4,0,13.850000000000001
2011-03-06,0,0,0
2013-10-30,0.0,0,11.1
2011-06-14,0.0,0,0
2015-08-07,0.0,0,-0.8
2010-09-18,0.0,0,5.25
2013-08-12,8.0,0,1.3
2010-01-05,0.2,0,14.3
2012-06-04,0.4,0,0
2009-07-15,3.0,0,-1.5
2015-06-14,0.0,0,5.9
2016-11-27,0.0,0,14.399999999999999
2016-11-10,0.0,0,11.05
2015-01-08,1.6,0,19.05
2016-01-07,0.6,0,9.25
2013-07-25,0.0,0,3.0
2010-07-01,0,0,0
2011-01-27,0.0,0,20.049999999999997
2015-04-09,0.0,0,6.9
2009-01-09,0.2,0,8.55
2011-11-09,19.8,0,14.850000000000001
2015-10-08,0.0,0,8.05
2015-09-11,0.0,0,7.75
2012-03-23,0.2,0,2.35
2010-12-08,3.6,0,12.75
2010-07-26,1.4,0,0
2013-12-17,0.0,0,17.45
2014-10-28,0.6,0,5.949999999999999
2015-12-21,3.8,0,14.7
2014-09-17,0.2,0,1.25
2016-04-01,0.0,0,11.15
2015-05-08,0.0,0,2.1
2009-05-16,17.8,0,2.6
2009-04-28,5.6,0,0
2009-02-15,0.4,0,0
2012-10-22,0.0,0,2.75
2011-03-11,6.6,0,0
2016-01-26,2.6,0,12.45
2009-02-08,0.0,0,0
2012-06-13,0.8,0,0
2016-02-14,0.0,0,19.15
2015-04-23,0.0,0,10.3
2015-06-22,0.0,0,0.30000000000000004
2013-08-10,0.0,0,3.6999999999999997
2014-05-17,0.0,0,6.85
2012-04-26,3.0,0,6.4
2015-03-02,1.0,0,12.100000000000001
2016-07-08,0.6,0,1.75
2017-01-13,0.0,0,20.75
2015-12-10,0.2,0,16.3
2017-04-09,3.8,0,5.35
2015-01-15,1.0,0,14.3
2015-02-14,0.0,0,12.3
2012-05-22,0.2,0,1.9
2013-05-28,0.0,0,4.8
2009-08-01,0.0,0,-0.25
2016-09-05,0.2,0,12.2
2012-08-04,0.0,0,-0.3
2016-04-08,0.0,0,8.9
2016-08-28,0.0,0,0.34999999999999987
2017-03-15,6.6,0,11.1
2011-12-24,1.2,0,15.25
2015-07-03,0.8,0,-0.8
2014-05-26,0.0,0,8.649999999999999
2010-02-18,0.0,0,13.1
2011-01-16,0.0,0,20.3
2012-04-05,0.2,0,16.200000000000003
2010-05-13,0.0,0,4.449999999999999
2010-12-13,0.0,0,12.55
2017-02-16,0.0,0,19.75
2016-02-10,0.0,0,18.0
2015-08-27,4.2,0,2.6
2011-02-06,11.2,0,10.25
2015-10-17,0.0,0,14.5
2014-09-06,0.2,0,2.65
2013-11-10,0.0,0,0.4
2010-01-17,0.2,0,13.85
2010-12-04,1.8,0,12.4
2013-01-20,0.4,0,17.4
2012-03-09,6.0,0,0
2011-08-18,61.8,0,0
2009-11-09,0.0,0,0
2012-02-11,6.8,0,10.8
2014-11-24,8.0,0,11.65
2017-01-25,0.0,0,13.8
2013-03-16,0.2,0,13.799999999999999
2016-01-11,0.0,0,21.55
2013-09-12,0.0,0,2.7
2015-11-27,0.0,0,8.7
2014-02-09,0.0,0,23.799999999999997
2009-10-21,0.0,0,0
2010-10-25,2.8,0,7.800000000000001
2014-05-13,0.0,0,6.95
2016-03-01,0.0,0,15.5
2009-04-11,0.8,0,0
2009-05-03,0.0,0,7.25
2009-02-05,0.0,0,0
2015-07-16,6.0,0,-1.25
2014-11-21,0.0,0,16.4
2013-10-25,0.0,0,4.55
2009-05-28,0.0,0,3.45
2013-12-08,0.0,0,14.6
2014-01-23,0.0,0,13.7
2017-03-10,0.0,0,15.25
2016-06-10,9.6,0,1.5
2015-06-27,0.0,0,6.15
2015-03-07,0.0,0,12.35
2012-04-21,9.4,0,10.7
2016-09-03,45.4,0,1.7000000000000002
2009-08-22,22.0,0,0
2015-07-17,2.8,0,-2.2
2011-12-31,0.0,0,13.35
2012-10-27,0.0,0,8.8
2012-04-16,0.0,0,11.7
2017-03-14,0.0,0,10.850000000000001
2013-12-26,0.0,0,14.95
2011-01-24,0.0,0,16.05
2013-04-22,5.8,0,0
2013-12-03,0.0,0,19.6
2010-09-23,0.0,0,8.65
2017-03-17,0.0,0,14.9
2009-10-17,0.0,0,0
2016-08-31,20.8,0,5.25
2017-04-28,0.2,0,6.8
2016-03-03,0.0,0,20.799999999999997
2012-03-14,0.2,0,14.75
2016-10-02,5.0,0,5.9
2009-07-13,1.0,0,-1.05
2011-03-15,0.2,0,0
2016-07-09,3.0,0,2.55
2012-07-16,9.0,0,0
2016-10-23,1.4,0,2.25
2015-08-01,0.0,0,1.75
2010-12-27,0.6,0,11.4
2015-05-03,0.0,0,12.9
2015-11-01,4.0,0,12.5
2010-05-07,0.2,0,5.15
2009-06-09,9.6,0,-3.15
2011-11-07,0.2,0,0
2016-03-23,0.0,0,11.1
2009-10-23,0.0,0,0
2009-04-30,0.0,0,3.0
2012-07-23,0.2,0,4.1000000000000005
2014-10-04,0.0,0,11.7
2009-04-26,38.8,0,-2.0999999999999996
2015-12-08,0.0,0,12.4
2009-09-30,0.2,0,6.6
2009-04-25,24.4,0,3.6500000000000004
2011-06-30,0.0,0,0
2009-03-23,0.0,0,0
2013-09-16,0.0,0,4.15
2009-06-18,0.0,0,0
2009-01-04,0.0,0,15.7
2014-11-15,0.0,0,15.2
2009-05-14,0.2,0,0.25
2012-03-07,0.4,0,0
2014-12-08,0.0,0,15.100000000000001
2011-08-09,2.4,0,-2.15
2010-11-25,0.0,0,15.5
2012-04-03,0.2,0,16.45
2015-03-20,0.0,0,16.95
2012-01-23,0.6,0,0
2010-02-20,0.0,0,14.7
2013-05-27,0.0,0,3.0
2010-05-29,21.4,0,3.05
2013-05-19,0.8,0,0
2016-10-22,2.4,0,2.5
2011-05-20,0.0,0,5.6
2015-08-08,0.0,0,2.65
2012-03-12,0.2,0,0
2013-01-04,0.0,0,22.1
2011-11-25,7.4,0,0
2010-11-22,0.0,0,16.05
2009-02-23,0.2,0,15.15
2013-07-29,0.0,0,3.0
2014-10-19,0.0,0,15.850000000000001
2015-05-23,0.0,0,7.75
2009-01-11,0.2,0,15.600000000000001
2011-11-23,1.6,0,8.1
2015-05-21,2.0,0,3.55
2012-05-24,0.0,0,0
2009-06-24,3.4,0,0.7
2011-05-24,31.4,0,0
2017-04-25,9.8,0,8.15
2010-06-03,0.0,0,3.15
2017-01-16,0.0,0,18.6
2010-01-25,0.2,0,20.549999999999997
2017-01-26,0.0,0,18.450000000000003
2016-02-17,0.0,0,12.1
2009-06-16,0.0,0,0.45
2015-01-19,0.0,0,11.65
2013-01-09,0.0,0,11.850000000000001
2011-08-27,0.0,0,6.6
2009-07-26,0.0,0,0.09999999999999999
2014-12-31,0.0,0,14.399999999999999
2009-08-05,0.0,0,0.65
2010-10-30,0.2,0,10.45
2014-06-28,0.0,0,-1.7
2011-09-28,0.2,0,0
2012-02-15,1.8,0,12.25
2016-08-06,0.0,0,0.04999999999999999
2013-11-25,0.0,0,7.949999999999999
2011-12-29,1.6,0,13.4
2014-04-14,0.0,0,7.15
2016-11-04,0.0,0,11.4
2015-10-18,2.6,0,12.55
2015-07-30,0.0,0,-1.1
2011-07-07,31.8,0,-3.3
2012-05-01,0.4,0,0
2016-08-02,7.2,0,-2.5999999999999996
2016-07-19,5.2,0,7.05
2011-06-16,0.2,0,0
2010-11-18,0.0,0,11.45
2011-03-24,2.8,0,0
2010-03-21,0.0,0,15.95
2012-03-18,0.2,0,9.1
2009-09-03,0.0,0,0
2017-04-15,0.0,0,9.45
2011-05-09,0.0,0,0.5999999999999999
2017-05-07,2.2,0,1.75
2016-08-22,1.2,0,-0.1
2012-05-06,3.0,0,0
2009-06-30,0,0,0
2013-06-10,0.0,0,3.8499999999999996
2016-02-03,0.0,0,13.350000000000001
2016-03-07,0.0,0,22.5
2014-12-13,0.0,0,9.9
2012-06-25,3.0,0,0.09999999999999998
2011-03-30,0.4,0,11.4
2010-04-27,0,0,0
2015-07-19,0.0,0,0.4
2014-05-16,0.0,0,8.0
2015-08-22,2.0,0,6.4
2016-03-31,0.0,0,10.3
2017-03-04,2.4,0,10.25
2015-12-24,1.2,0,12.1
2014-06-30,9.6,0,-3.7
2012-04-23,4.6,0,0
2013-12-19,0.0,0,21.6
2011-05-26,0.0,0,2.2
2013-09-23,0.2,0,11.8
2016-08-04,0.0,0,-0.4
2010-05-11,0.0,0,4.65
2014-01-25,12.4,0,10.399999999999999
2015-03-18,4.2,0,14.0
2012-11-26,0.0,0,18.35
2009-05-10,0.0,0,5.55
2009-11-02,2.0,0,0
2017-03-22,9.4,0,12.2
2016-09-06,0.0,0,11.35
2016-04-18,0.0,0,7.7
2013-10-26,0.0,0,6.4
2016-09-08,0.0,0,5.8
2015-03-24,1.2,0,9.2
2010-01-24,0.2,0,15.6
2016-01-29,0.0,0,12.899999999999999
2014-04-02,0.0,0,14.2
2010-11-13,0.0,0,15.9
2012-09-01,1.6,0,0.5
2011-02-13,0.0,0,14.950000000000001
2011-10-22,0.0,0,13.95
2011-02-11,0.0,0,13.350000000000001
2010-12-12,0.2,0,9.6
2014-04-01,0.0,0,12.55
2012-09-28,1.8,0,0
2011-08-28,0.0,0,4.8
2009-02-18,0.0,0,0
2013-12-13,0.0,0,15.850000000000001
2017-01-29,0.0,0,21.950000000000003
2011-03-12,2.0,0,0
2009-08-14,0,0,0
2014-05-11,8.0,0,6.85
2010-09-09,0,0,0
2012-06-01,0,0,0
2017-03-24,2.0,0,10.25
2016-03-26,0.4,0,12.55
2017-06-13,0.0,0,7.5
2015-05-10,5.2,0,1.3
2015-05-31,0.0,0,-0.2
2011-05-30,0.0,0,1.9000000000000001
2010-09-15,0,0,0
2014-12-16,3.2,0,16.25
2010-01-15,0,0,0
2009-07-22,0.2,0,1.6
2016-01-22,0.0,0,14.85
2013-06-16,0.0,0,2.1
2011-01-07,0.0,0,15.399999999999999
2010-07-05,0,0,2.0
2010-07-17,0,0,0
2014-05-03,1.6,0,-0.25
2015-04-02,0.0,0,11.9
2013-08-04,6.2,0,-2.0
2014-06-21,0.0,0,2.2
2014-09-04,0.0,0,0.9500000000000001
2015-09-24,0.0,0,-1.2
2009-12-13,0.0,0,16.9
2015-10-26,0.0,0,12.7
2015-06-07,0.0,0,3.45
2009-11-29,0.4,0,4.55
2013-05-11,0.0,0,11.55
2016-01-19,0.0,0,18.799999999999997
2010-07-28,0,0,0
2010-06-16,0.0,0,0
2010-12-09,80.8,0,13.75
2017-01-18,0.0,0,21.5
2015-05-30,0.0,0,0.29999999999999993
2016-02-29,0.0,0,15.0
2010-09-30,0,0,0
2016-07-26,23.0,0,-3.8
2015-07-14,4.8,0,-2.95
2017-01-14,8.2,0,14.0
2016-01-23,12.8,0,14.450000000000001
2015-01-03,0.6,0,19.9
2013-06-19,0.2,0,-0.7500000000000001
2016-02-08,0.0,0,18.75
2009-01-14,0.0,0,0
2015-08-11,0.0,0,0.04999999999999993
2010-04-28,0.0,0,5.6
2008-12-21,0.0,0,12.25
2013-07-20,9.4,0,-1.9500000000000002
2009-01-26,0.0,0,0
2013-07-18,6.0,0,6.199999999999999
2014-11-01,0.0,0,8.600000000000001
2017-03-06,0.4,0,11.899999999999999
2013-10-07,0.0,0,6.05
2014-08-08,0.0,0,2.25
2017-03-16,1.2,0,14.65
2014-06-13,0.0,0,3.7
2017-05-05,0.0,0,7.0
2010-05-17,0.0,0,5.800000000000001
2016-11-13,3.8,0,2.8
2016-01-20,0.0,0,18.6
2011-12-21,28.4,0,0
2011-09-07,18.2,0,0.8000000000000003
2012-05-28,7.0,0,2.25
2009-05-08,0.0,0,7.800000000000001
2009-11-04,0.4,0,0
2011-12-25,2.6,0,16.45
2015-05-24,0.0,0,8.6
2011-09-25,0,0,0
2013-11-04,0.0,0,6.2
2013-03-30,0.0,0,10.5
2011-08-26,0.0,0,7.75
2016-10-31,21.6,0,2.1
2012-05-15,0.4,0,5.6
2015-02-17,0.4,0,16.65
2015-07-10,9.2,0,-0.09999999999999999
2011-07-20,0.2,0,0
2014-04-26,0.0,0,6.6
2011-09-05,0.4,0,6.35
2010-10-12,0.6,0,8.8
2016-09-07,0.0,0,6.8
2014-09-12,0.0,0,4.55
2014-07-31,1.0,0,2.9
2009-07-30,0.0,0,0
2015-08-15,0.0,0,2.35
2009-02-19,0.0,0,14.25
2017-02-20,0.0,0,5.25
2010-08-23,0.0,0,-0.15000000000000002
2009-11-24,1.8,0,8.75
2016-06-06,78.2,0,0.7
2014-12-18,0.0,0,13.3
2013-11-14,0.0,0,6.35
2013-08-20,8.4,0,0
2017-02-06,9.0,0,18.75
2012-08-29,0.0,0,2.3
2009-01-30,0.0,0,0
2011-12-11,8.6,0,0
2014-08-22,0.0,0,2.0
2010-03-07,8.0,0,13.15
2010-06-17,17.4,0,1.2999999999999998
2011-03-09,0.0,0,11.05
2011-12-06,0.0,0,5.85
2017-01-01,0.0,0,15.0
2016-08-07,0.0,0,-0.2
2015-07-12,19.0,0,-3.55
2014-11-11,0.0,0,15.15
2016-05-19,0.0,0,2.35
2009-02-22,0.2,0,12.7
2014-05-24,0.8,0,5.75
2012-09-30,2.0,0,-0.1499999999999999
2016-01-28,6.4,0,15.65
2009-06-10,9.8,0,-5.5
2010-04-04,3.0,0,6.65
2012-01-11,0.0,0,1.5
2011-12-08,0.0,0,10.7
2009-12-18,6.6,0,12.7
2010-05-02,0.0,0,10.600000000000001
2009-06-19,0.0,0,0
2010-02-11,1.8,0,18.25
2016-07-05,2.6,0,0.2
2011-08-30,0.0,0,0
2009-06-28,2.6,0,1.9
2016-10-29,0.0,0,11.1
2011-11-16,0.0,0,13.399999999999999
2012-08-16,0.2,0,0
2010-07-02,0.0,0,-2.25
2009-01-17,0.0,0,0
2008-12-29,0.4,0,0
2010-11-04,0.8,0,1.25
2013-05-22,0,0,0.45
2015-12-17,7.6,0,13.15
2011-03-20,0.0,0,0
2011-10-21,0.0,0,14.7
2015-08-19,0.0,0,2.75
2009-06-07,7.4,0,-0.15
2017-05-13,0.0,0,5.8
2012-11-14,0.0,0,0
2014-11-18,0.0,0,11.45
2011-01-20,0.2,0,12.75
2015-11-15,6.0,0,6.85
2014-02-12,0.0,0,21.05
2009-06-13,0.0,0,-0.24999999999999994
2014-04-15,0.0,0,6.85
2015-08-02,25.8,0,1.65
2015-01-04,0.0,0,17.1
2009-05-20,0.2,0,3.5500000000000003
2012-11-24,0.2,0,18.1
2015-03-26,0.0,0,3.8000000000000003
2015-10-28,0.0,0,12.3
2009-09-16,0.0,0,12.850000000000001
2013-06-20,0.0,0,1.05
2011-09-26,0.0,0,0
2014-07-02,0.2,0,3.3
2013-11-30,0.0,0,8.8
2013-11-20,1.0,0,18.15
2010-02-21,0.0,0,17.0
2009-12-16,0.2,0,21.3
2009-03-18,0.0,0,0
2011-02-16,0.6,0,0
2014-09-18,0.2,0,1.25
2016-12-16,4.2,0,8.35
2014-03-06,4.6,0,13.75
2011-01-01,0.0,0,22.1
2009-02-21,0.0,0,14.5
2010-06-02,0.0,0,3.5
2015-10-01,0.0,0,10.899999999999999
2012-09-06,8.2,0,0
2012-10-12,15.8,0,0
2015-06-11,0.0,0,6.9
2013-01-06,0.0,0,26.1
2010-05-20,0.0,0,5.0
2016-12-11,0.0,0,13.6
2010-07-10,0.2,0,1.2
2009-07-23,8.2,0,-1.0
2009-05-13,0.0,0,1.85
2016-03-16,0.2,0,11.0
2015-01-28,0.0,0,8.55
2015-10-30,0.0,0,12.95
2009-11-17,0.0,0,0
2015-09-13,0.0,0,10.7
2014-06-19,0.0,0,4.1
2014-07-13,2.2,0,-0.75
2016-11-12,13.4,0,11.95
2011-06-24,0.2,0,1.9
2017-04-26,28.6,0,3.5
2010-06-01,0.0,0,3.4
2014-08-29,0.0,0,6.25
2009-04-22,0.0,0,5.75
2011-07-17,0.0,0,0
2011-08-14,0.0,0,3.05
2012-01-17,0.2,0,14.5
2013-08-09,0.0,0,-0.4
2017-05-11,0.0,0,8.1
2014-06-08,0.0,0,0.8500000000000001
2009-10-10,0.0,0,0
2017-02-22,0.0,0,17.2
2015-10-23,0.0,0,5.199999999999999
2016-06-05,57.6,0,7.199999999999999
2010-09-26,0.0,0,9.5
2015-11-13,30.6,0,9.95
2012-04-14,0.0,0,7.5
2014-05-02,0.0,0,-0.09999999999999999
2015-11-11,2.4,0,8.75
2016-02-13,0.0,0,18.65
2015-03-06,0.0,0,9.05
2013-11-11,21.8,0,0.55
2009-05-04,0.0,0,7.449999999999999
2013-06-26,0.0,0,2.4
2014-02-24,0.0,0,16.8
2012-10-18,0.2,0,12.95
2012-11-13,0.0,0,14.15
2015-02-04,0.0,0,9.95
2016-08-18,1.0,0,5.050000000000001
2009-12-21,0.0,0,17.35
2016-02-12,0.4,0,16.55
2010-03-05,0,0,0
2016-07-04,0.0,0,5.4
2010-09-28,0.0,0,5.35
2009-10-15,8.0,0,0.35
2013-05-30,4.6,0,5.25
2010-01-06,2.2,0,17.9
2016-11-25,0.0,0,10.55
2011-07-01,0.0,0,7.15
2015-02-13,3.4,0,13.45
2011-10-18,0.0,0,11.1
2012-07-19,0.2,0,0
2012-10-05,0.0,0,15.3
2016-02-21,0.0,0,15.0
2009-03-01,0.0,0,14.05
2009-03-15,9.0,0,6.5
2008-12-20,0.0,0,0
2015-03-01,0.0,0,14.2
2016-12-23,0.0,0,17.7
2016-11-14,23.2,0,5.300000000000001
2009-04-12,20.0,0,10.399999999999999
2016-05-17,0.8,0,7.05
2014-01-30,0.0,0,23.9
2013-09-15,0.2,0,6.2
2013-01-30,0.4,0,14.35
2008-12-07,0.0,0,12.5
2012-02-20,0.4,0,12.1
2011-08-10,0.0,0,-1.5
2014-11-08,0.0,0,17.65
2015-01-07,22.4,0,15.4
2009-02-09,0.0,0,0
2010-03-24,0,0,0
2011-10-07,5.4,0,0
2016-02-26,0.0,0,18.75
2014-08-28,0.0,0,3.6999999999999997
2010-09-27,0.0,0,7.35
2011-02-27,0.0,0,0
2015-03-27,0.0,0,3.95
2013-08-13,11.2,0,-1.0499999999999998
2013-07-12,0.0,0,4.2
2014-07-20,0.0,0,2.25
2013-05-13,3.2,0,0
2015-12-04,0.0,0,15.5
